brand_name,model,price,rating,has_5g,has_nfc,has_ir_blaster,processor_brand,num_cores,processor_speed,battery_capacity,fast_charging_available,fast_charging,ram_capacity,internal_memory,screen_size,refresh_rate,num_rear_cameras,num_front_cameras,os,primary_camera_rear,primary_camera_front,extended_memory_available,resolution_width,resolution_height,rating_imputed,processor_speed_imputed,fast_charging_imputed,os_android,os_ios,os_other,chip_bionic,chip_dimensity,chip_exynos,chip_google,chip_helio,chip_kirin,chip_mediatek,chip_snapdragon,chip_unisoc,chip_unknown,price_z,rating_z,processor_speed_z,battery_capacity_z,fast_charging_z,ram_capacity_z,internal_memory_z,screen_size_z,refresh_rate_z,primary_camera_rear_z,log_price,is_outlier,price_eur,price_segment,chip_maker,ppi,total_cameras,is_foldable,has_5g_label,ppi_z
oneplus,OnePlus 11 5G,54999,89.0,1,1,0,snapdragon,8.0,3.2,5000.0,1,100.0,12.0,256.0,6.7,120,3,1.0,android,50.0,16.0,0,1440,3216,False,False,False,1,0,0,0,0,0,0,0,0,0,1,0,0,0.8029998932738064,1.4190305658081923,1.6409795541704866,0.18849949586540202,1.787313234191562,2.0102806501703343,1.1008739886393968,0.47113921949622567,0.957926675712042,-0.014776261225252826,10.915070282231135,False,611.0,Premium,Qualcomm,526.0,4.0,No,Yes,2.0462220926904027
oneplus,OnePlus Nord CE 2 Lite 5G,19989,81.0,1,0,0,snapdragon,8.0,2.2,5000.0,1,33.0,6.0,128.0,6.59,120,3,1.0,android,64.0,16.0,1,1080,2412,False,False,False,1,0,0,0,0,0,0,0,0,0,1,0,0,-0.3681049554489672,0.3449301765503329,-0.5076532683037616,0.18849949586540202,-0.14716178646109798,-0.2030817001874684,-0.11440194163184854,0.1431094986463238,0.957926675712042,0.40864983592379833,9.902937401230647,False,222.0,Mid-range,Qualcomm,401.0,4.0,No,Yes,0.30061818686611824
samsung,Samsung Galaxy A14 5G,16499,75.0,1,0,0,exynos,8.0,2.4,5000.0,1,15.0,4.0,64.0,6.6,90,3,1.0,android,50.0,13.0,1,1080,2408,False,False,False,1,0,0,0,0,1,0,0,0,0,0,0,0,-0.4848474839277584,-0.46064511539306163,-0.07792670380891248,0.18849949586540202,-0.6668714935021112,-0.9408691503067359,-0.7220399067674711,0.1729303823599505,-0.0805052369395907,-0.014776261225252826,9.711055051991444,False,183.0,Mid-range,Samsung,400.0,4.0,No,Yes,0.286653355619524
motorola,Motorola Moto G62 5G,14999,81.0,1,0,0,snapdragon,8.0,2.2,5000.0,1,33.0,6.0,128.0,6.55,120,3,1.0,android,50.0,16.0,1,1080,2400,False,False,True,1,0,0,0,0,0,0,0,0,0,1,0,0,-0.5350233557667804,0.3449301765503329,-0.5076532683037616,0.18849949586540202,-0.14716178646109798,-0.2030817001874684,-0.11440194163184854,0.023825963791814262,0.957926675712042,-0.014776261225252826,9.61573881119536,False,167.0,Budget,Qualcomm,402.0,4.0,No,Yes,0.31458301811271255
realme,Realme 10 Pro Plus,24999,82.0,1,0,0,dimensity,8.0,2.6,5000.0,1,67.0,6.0,128.0,6.7,120,3,1.0,android,108.0,16.0,0,1080,2412,False,False,False,1,0,0,0,1,0,0,0,0,0,0,0,0,-0.20051754350663373,0.47919272520756534,0.3517998606859375,0.18849949586540202,0.8345121046163714,-0.2030817001874684,-0.11440194163184854,0.47113921949622567,0.957926675712042,1.739417569820816,10.126591103050316,False,278.0,Mid-range,MediaTek,394.0,4.0,No,Yes,0.20286436813995834
samsung,Samsung Galaxy F23 5G (6GB RAM + 128GB),16999,80.0,1,1,0,snapdragon,8.0,2.2,5000.0,1,25.0,6.0,128.0,6.6,120,3,1.0,android,50.0,8.0,1,1080,2408,False,False,False,1,0,0,0,0,0,0,0,0,0,1,0,0,-0.4681221933147511,0.2106676278931005,-0.5076532683037616,0.18849949586540202,-0.37814387847932607,-0.2030817001874684,-0.11440194163184854,0.1729303823599505,0.957926675712042,-0.014776261225252826,9.74090979777877,False,189.0,Mid-range,Qualcomm,400.0,4.0,No,Yes,0.286653355619524
apple,Apple iPhone 14,65999,81.0,1,1,0,bionic,6.0,3.22,3279.0,1,18.0,6.0,128.0,6.1,60,2,1.0,ios,12.0,12.0,0,1170,2532,False,False,True,0,1,0,1,0,0,0,0,0,0,0,0,0,1.1709562867599677,0.3449301765503329,1.6839522106199716,-1.5144000615345716,-0.5802532089952757,-0.2030817001874684,-0.11440194163184854,-1.3181138033214173,-1.1189371495912235,-1.1640756677726773,11.097394869378626,False,733.0,Flagship,Apple,457.0,3.0,No,Yes,1.0826487366753976
xiaomi,Xiaomi Redmi Note 12 Pro Plus,29999,86.0,1,0,1,dimensity,8.0,2.6,4980.0,1,120.0,8.0,256.0,6.67,120,3,1.0,android,200.0,16.0,0,1080,2400,False,False,False,1,0,0,0,1,0,0,0,0,0,0,0,0,-0.03326463737656037,1.016242919836495,0.3517998606859375,0.16870984383286308,2.364768464237132,0.5347057499317991,1.1008739886393968,0.38167656835534286,0.957926675712042,4.521931922514581,10.308919326755392,False,333.0,Mid-range,MediaTek,395.0,4.0,No,Yes,0.2168291993865526
nothing,Nothing Phone 1,26749,85.0,1,1,0,snapdragon,8.0,2.5,4500.0,1,33.0,8.0,128.0,6.55,120,2,1.0,android,50.0,16.0,0,1080,2400,False,False,False,1,0,0,0,0,0,0,0,0,0,1,0,0,-0.14197902636110804,0.8819803711792626,0.1369365784385125,-0.30624180494807085,-0.14716178646109798,0.5347057499317991,-0.11440194163184854,0.023825963791814262,0.957926675712042,-0.014776261225252826,10.194252368447813,False,297.0,Mid-range,Qualcomm,402.0,3.0,No,Yes,0.31458301811271255
oneplus,OnePlus Nord 2T 5G,28999,84.0,1,1,0,dimensity,8.0,3.0,4500.0,1,80.0,8.0,128.0,6.43,90,3,1.0,android,50.0,32.0,0,1080,2400,False,False,False,1,0,0,0,1,0,0,0,0,0,0,0,0,-0.06671521860257504,0.7477178225220302,1.2112529896756365,-0.30624180494807085,1.2098580041459919,0.5347057499317991,-0.11440194163184854,-0.33402464077171434,-0.0805052369395907,-0.014776261225252826,10.275016625615446,False,322.0,Mid-range,MediaTek,409.0,4.0,No,Yes,0.41233683683887246
realme,Realme 10 Pro,18999,82.0,1,0,0,snapdragon,8.0,2.2,5000.0,1,33.0,6.0,128.0,6.72,120,2,1.0,android,108.0,16.0,1,1080,2400,False,False,False,1,0,0,0,0,0,0,0,0,0,1,0,0,-0.40122103086272176,0.47919272520756534,-0.5076532683037616,0.18849949586540202,-0.14716178646109798,-0.2030817001874684,-0.11440194163184854,0.5307809869234791,0.957926675712042,1.739417569820816,9.85214162518454,False,211.0,Mid-range,Qualcomm,392.0,3.0,No,Yes,0.17493470564676977
oppo,Oppo A78,18999,79.0,1,1,0,dimensity,8.0,2.2,5000.0,1,33.0,8.0,128.0,6.56,90,2,1.0,android,50.0,8.0,1,720,1612,False,False,False,1,0,0,0,1,0,0,0,0,0,0,0,0,-0.40122103086272176,0.07640507923586808,-0.5076532683037616,0.18849949586540202,-0.14716178646109798,0.5347057499317991,-0.11440194163184854,0.053646847505440985,-0.0805052369395907,-0.014776261225252826,9.85214162518454,False,211.0,Mid-range,MediaTek,269.0,3.0,No,Yes,-1.542739537684326
xiaomi,Xiaomi Redmi Note 12 Pro 5G,24762,79.0,1,0,1,dimensity,8.0,2.6,5000.0,1,67.0,6.0,128.0,6.67,120,3,1.0,android,50.0,16.0,0,1080,2400,False,False,False,1,0,0,0,1,0,0,0,0,0,0,0,0,-0.2084453312571992,0.07640507923586808,0.3517998606859375,0.18849949586540202,0.8345121046163714,-0.2030817001874684,-0.11440194163184854,0.38167656835534286,0.957926675712042,-0.014776261225252826,10.117065498980637,False,275.0,Mid-range,MediaTek,395.0,4.0,No,Yes,0.2168291993865526
vivo,Vivo T1 5G (6GB RAM + 128GB),16990,80.0,1,0,0,snapdragon,8.0,2.2,5000.0,1,18.0,6.0,128.0,6.58,120,3,1.0,android,50.0,16.0,1,1080,2408,False,False,False,1,0,0,0,0,0,0,0,0,0,1,0,0,-0.4684232485457852,0.2106676278931005,-0.5076532683037616,0.18849949586540202,-0.5802532089952757,-0.2030817001874684,-0.11440194163184854,0.11328861493269707,0.957926675712042,-0.014776261225252826,9.740380214665977,False,189.0,Mid-range,Qualcomm,401.0,4.0,No,Yes,0.30061818686611824
samsung,Samsung Galaxy S23 Ultra 5G,114990,86.0,1,1,0,snapdragon,8.0,3.2,5000.0,1,45.0,8.0,256.0,6.8,120,4,1.0,android,200.0,12.0,0,1440,3088,True,False,False,1,0,0,0,0,0,0,0,0,0,1,0,0,2.809733711603652,1.016242919836495,1.6409795541704866,0.18849949586540202,0.19931135156624413,0.5347057499317991,1.1008739886393968,0.7693480566324982,0.957926675712042,4.521931922514581,11.65260044704271,False,1278.0,Flagship,Qualcomm,501.0,5.0,No,Yes,1.6971013115255458
apple,Apple iPhone 13,62999,79.0,1,1,0,bionic,6.0,3.22,3240.0,1,18.0,4.0,128.0,6.1,60,2,1.0,ios,12.0,12.0,0,1170,2532,False,False,True,0,1,0,1,0,0,0,0,0,0,0,0,0,1.0706045430819238,0.07640507923586808,1.6839522106199716,-1.5529898829980224,-0.5802532089952757,-0.9408691503067359,-0.11440194163184854,-1.3181138033214173,-1.1189371495912235,-1.1640756677726773,11.050874132231819,False,700.0,Flagship,Apple,457.0,3.0,No,Yes,1.0826487366753976
vivo,Vivo Y16,9999,65.0,0,0,0,helio,8.0,2.3,5000.0,1,10.0,3.0,32.0,6.51,60,2,1.0,android,13.0,5.0,1,720,1600,False,False,False,1,0,0,0,0,0,0,1,0,0,0,0,0,-0.7022762618968538,-1.803270601965386,-0.2927899860563375,0.18849949586540202,-0.8112353010135037,-1.3097628753663697,-1.0258588893352825,-0.09545757106269527,-1.1189371495912235,-1.1338309465477452,9.21024036697585,False,111.0,Budget,MediaTek,270.0,3.0,No,No,-1.5287747064377317
oppo,OPPO Reno 9 Pro Plus,45999,86.0,1,1,0,snapdragon,8.0,3.2,4700.0,1,80.0,16.0,256.0,6.7,120,3,1.0,android,50.0,32.0,0,1080,2412,False,False,False,1,0,0,0,0,0,0,0,0,0,1,0,0,0.5019446622396744,1.016242919836495,1.6409795541704866,-0.10834528462268171,1.2098580041459919,3.485855550408869,1.1008739886393968,0.47113921949622567,0.957926675712042,-0.014776261225252826,10.736374936104498,False,511.0,Premium,Qualcomm,394.0,4.0,No,Yes,0.20286436813995834
oneplus,OnePlus 10R 5G,32999,86.0,1,1,0,dimensity,8.0,2.85,5000.0,1,80.0,8.0,128.0,6.7,120,3,1.0,android,50.0,16.0,0,1080,2412,False,False,False,1,0,0,0,1,0,0,0,0,0,0,0,0,0.06708710630148364,1.016242919836495,0.8889580663044995,0.18849949586540202,1.2098580041459919,0.5347057499317991,-0.11440194163184854,0.47113921949622567,0.957926675712042,-0.014776261225252826,10.404232536959167,False,367.0,Premium,MediaTek,394.0,4.0,No,Yes,0.20286436813995834
vivo,Vivo Y22,14499,72.0,0,0,0,helio,8.0,2.0,5000.0,1,18.0,4.0,64.0,6.55,60,2,1.0,android,50.0,8.0,1,720,1612,False,False,False,1,0,0,0,0,0,0,1,0,0,0,0,0,-0.5517486463797877,-0.8634327613647589,-0.9373798327986115,0.18849949586540202,-0.5802532089952757,-0.9408691503067359,-0.7220399067674711,0.023825963791814262,-1.1189371495912235,-0.014776261225252826,9.581834960513193,False,161.0,Budget,MediaTek,270.0,3.0,No,No,-1.5287747064377317
oneplus,OnePlus 11R,39999,85.0,1,1,0,snapdragon,8.0,3.2,5000.0,1,100.0,8.0,128.0,6.7,120,3,1.0,android,50.0,16.0,0,1080,2412,False,False,False,1,0,0,0,0,0,0,0,0,0,1,0,0,0.3012411748835863,0.8819803711792626,1.6409795541704866,0.18849949586540202,1.787313234191562,0.5347057499317991,-0.11440194163184854,0.47113921949622567,0.957926675712042,-0.014776261225252826,10.596609732783568,False,444.0,Premium,Qualcomm,394.0,4.0,No,Yes,0.20286436813995834
vivo,Vivo V25 Pro 5G,35999,85.0,1,0,0,dimensity,8.0,3.0,4830.0,1,66.0,8.0,128.0,6.56,120,3,1.0,android,64.0,32.0,0,1080,2376,False,False,False,1,0,0,0,1,0,0,0,0,0,0,0,0,0.16743884997952765,0.8819803711792626,1.2112529896756365,0.020287453588821235,0.8056393431140928,0.5347057499317991,-0.11440194163184854,0.053646847505440985,0.957926675712042,0.40864983592379833,10.49124643927466,False,400.0,Premium,MediaTek,398.0,4.0,No,Yes,0.2587236931263354
poco,Poco X4 Pro 5G,14999,80.0,1,0,1,snapdragon,8.0,2.2,5000.0,1,67.0,6.0,64.0,6.67,120,3,1.0,android,64.0,16.0,1,1080,2400,False,False,False,1,0,0,0,0,0,0,0,0,0,1,0,0,-0.5350233557667804,0.2106676278931005,-0.5076532683037616,0.18849949586540202,0.8345121046163714,-0.2030817001874684,-0.7220399067674711,0.38167656835534286,0.957926675712042,0.40864983592379833,9.61573881119536,False,167.0,Budget,Qualcomm,395.0,4.0,No,Yes,0.2168291993865526
xiaomi,Xiaomi Redmi Note 12,17859,76.0,1,0,1,snapdragon,8.0,2.0,5000.0,1,33.0,4.0,128.0,6.67,120,3,1.0,android,48.0,13.0,1,1080,2400,False,False,False,1,0,0,0,0,0,0,0,0,0,1,0,0,-0.4393546934603785,-0.3263825667358292,-0.9373798327986115,0.18849949586540202,-0.14716178646109798,-0.9408691503067359,-0.11440194163184854,0.38167656835534286,0.957926675712042,-0.07526570367511727,9.7902628618215,False,198.0,Mid-range,Qualcomm,395.0,4.0,No,Yes,0.2168291993865526
vivo,Vivo V26 Pro,42990,87.0,1,1,0,dimensity,8.0,3.2,4800.0,1,100.0,12.0,256.0,6.7,120,3,1.0,android,64.0,32.0,0,1080,2400,False,False,False,1,0,0,0,1,0,0,0,0,0,0,0,0,0.4012918633305962,1.1505054684937275,1.6409795541704866,-0.009397024459987136,1.787313234191562,2.0102806501703343,1.1008739886393968,0.47113921949622567,0.957926675712042,0.40864983592379833,10.668722809490328,False,478.0,Premium,MediaTek,393.0,4.0,No,Yes,0.18889953689336406
samsung,Samsung Galaxy S20 FE 5G,31239,88.0,1,1,0,snapdragon,8.0,2.84,4500.0,1,25.0,8.0,128.0,6.5,120,3,1.0,android,12.0,32.0,1,1080,2400,False,False,True,1,0,0,0,0,0,0,0,0,0,1,0,0,0.008214083343697817,1.28476801715096,0.8674717380797565,-0.30624180494807085,-0.37814387847932607,0.5347057499317991,-0.11440194163184854,-0.125278454776322,0.957926675712042,-1.1640756677726773,10.349422593198005,False,347.0,Premium,Qualcomm,405.0,4.0,No,Yes,0.3564775118524954
oneplus,OnePlus Nord CE 2 Lite 5G (8GB RAM + 128GB),21995,84.0,1,0,0,snapdragon,8.0,2.2,5000.0,1,33.0,8.0,128.0,6.59,120,3,1.0,android,64.0,16.0,1,1080,2412,False,False,False,1,0,0,0,0,0,0,0,0,0,1,0,0,-0.30100308950958177,0.7477178225220302,-0.5076532683037616,0.18849949586540202,-0.14716178646109798,0.5347057499317991,-0.11440194163184854,0.1431094986463238,0.957926675712042,0.40864983592379833,9.99857043378282,False,244.0,Mid-range,Qualcomm,401.0,4.0,No,Yes,0.30061818686611824
apple,Apple iPhone 14 Pro Max,129990,76.0,1,1,0,bionic,6.0,3.22,4323.0,1,18.0,6.0,128.0,6.7,120,3,1.0,ios,48.0,12.0,0,1290,2796,False,True,True,0,1,0,1,0,0,0,0,0,0,0,0,0,3.3114924299938724,-0.3263825667358292,1.6839522106199716,-0.48138022543604025,-0.5802532089952757,-0.2030817001874684,-0.11440194163184854,0.47113921949622567,0.957926675712042,-0.07526570367511727,11.775212803402065,True,1444.0,Flagship,Apple,460.0,4.0,No,Yes,1.1245432304151803
vivo,Vivo V25 5G,27999,83.0,1,0,0,dimensity,8.0,2.0,4500.0,1,44.0,8.0,128.0,6.44,90,3,1.0,android,64.0,50.0,1,1080,2408,False,False,False,1,0,0,0,1,0,0,0,0,0,0,0,0,-0.10016579982858971,0.6134552738647978,-0.9373798327986115,-0.30624180494807085,0.17043859006396564,0.5347057499317991,-0.11440194163184854,-0.30420375705808494,-0.0805052369395907,0.40864983592379833,10.239924074233857,False,311.0,Mid-range,MediaTek,410.0,4.0,No,Yes,0.4263016680854667
oneplus,OnePlus 11 Pro,69999,86.0,1,1,0,snapdragon,8.0,3.2,4500.0,1,100.0,8.0,128.0,6.7,120,3,1.0,android,50.0,16.0,0,1440,3216,True,False,False,1,0,0,0,0,0,0,0,0,0,1,0,0,1.3047586116640264,1.016242919836495,1.6409795541704866,-0.30624180494807085,1.787313234191562,0.5347057499317991,-0.11440194163184854,0.47113921949622567,0.957926675712042,-0.014776261225252826,11.156236235215168,False,778.0,Flagship,Qualcomm,526.0,4.0,No,Yes,2.0462220926904027
realme,Realme 10 Pro (8GB RAM + 128GB),19999,84.0,1,0,0,snapdragon,8.0,2.2,5000.0,1,33.0,8.0,128.0,6.72,120,2,1.0,android,108.0,16.0,1,1080,2400,False,False,False,1,0,0,0,0,0,0,0,0,0,1,0,0,-0.3677704496367071,0.7477178225220302,-0.5076532683037616,0.18849949586540202,-0.14716178646109798,0.5347057499317991,-0.11440194163184854,0.5307809869234791,0.957926675712042,1.739417569820816,9.903437551286085,False,222.0,Mid-range,Qualcomm,392.0,3.0,No,Yes,0.17493470564676977
poco,Poco X5 Pro,20999,81.0,1,1,1,snapdragon,8.0,2.4,5000.0,1,67.0,6.0,128.0,6.67,120,3,1.0,android,108.0,16.0,0,1080,2400,False,False,False,1,0,0,0,0,0,0,0,0,0,1,0,0,-0.3343198684106924,0.3449301765503329,-0.07792670380891248,0.18849949586540202,0.8345121046163714,-0.2030817001874684,-0.11440194163184854,0.38167656835534286,0.957926675712042,1.739417569820816,9.952230096524119,False,233.0,Mid-range,Qualcomm,395.0,4.0,No,Yes,0.2168291993865526
vivo,Vivo V27,27990,83.0,1,0,0,dimensity,8.0,2.2,4700.0,1,67.0,8.0,256.0,6.56,120,3,1.0,android,64.0,50.0,1,1080,2400,False,False,False,1,0,0,0,1,0,0,0,0,0,0,0,0,-0.10046685505962384,0.6134552738647978,-0.5076532683037616,-0.10834528462268171,0.8345121046163714,0.5347057499317991,1.1008739886393968,0.053646847505440985,0.957926675712042,0.40864983592379833,10.2396025825095,False,311.0,Mid-range,MediaTek,401.0,4.0,No,Yes,0.30061818686611824
apple,Apple iPhone 11,38999,73.0,0,1,0,bionic,6.0,2.65,3110.0,0,0.0,4.0,64.0,6.1,60,2,1.0,ios,12.0,12.0,0,828,1792,False,False,False,0,1,0,1,0,0,0,0,0,0,0,0,0,0.2677905936575717,-0.7291702127075265,0.4592315018096495,-1.6816226212095253,-1.0999629160362887,-0.9408691503067359,-0.7220399067674711,-1.3181138033214173,-1.1189371495912235,-1.1640756677726773,10.571291283757406,False,433.0,Premium,Apple,324.0,3.0,No,No,-0.7746738191216409
samsung,Samsung Galaxy M53 5G,23790,85.0,1,0,0,dimensity,8.0,2.4,5000.0,1,25.0,6.0,128.0,6.7,120,4,1.0,android,108.0,32.0,1,1080,2400,False,False,False,1,0,0,0,1,0,0,0,0,0,0,0,0,-0.24095929620888545,0.8819803711792626,-0.07792670380891248,0.18849949586540202,-0.37814387847932607,-0.2030817001874684,-0.11440194163184854,0.47113921949622567,0.957926675712042,1.739417569820816,10.077020603297003,False,264.0,Mid-range,MediaTek,393.0,5.0,No,Yes,0.18889953689336406
samsung,Samsung Galaxy S21 FE 5G,39999,87.0,1,1,0,exynos,8.0,2.9,4500.0,1,25.0,8.0,128.0,6.4,120,3,1.0,android,12.0,32.0,0,1080,2340,False,False,False,1,0,0,0,0,1,0,0,0,0,0,0,0,0.3012411748835863,1.1505054684937275,0.9963897074282115,-0.30624180494807085,-0.37814387847932607,0.5347057499317991,-0.11440194163184854,-0.4234872919125945,0.957926675712042,-1.1640756677726773,10.596609732783568,False,444.0,Premium,Samsung,403.0,4.0,No,Yes,0.3285478493593068
oppo,Oppo Reno 8T,29990,87.0,1,1,0,snapdragon,8.0,2.2,5000.0,1,66.0,8.0,256.0,6.67,120,3,1.0,android,108.0,16.0,1,1080,2400,False,False,False,1,0,0,0,0,0,0,0,0,0,1,0,0,-0.033565692607594504,1.1505054684937275,-0.5076532683037616,0.18849949586540202,0.8056393431140928,0.5347057499317991,1.1008739886393968,0.38167656835534286,0.957926675712042,1.739417569820816,10.308619271743055,False,333.0,Mid-range,Qualcomm,395.0,4.0,No,Yes,0.2168291993865526
samsung,Samsung Galaxy S22 Ultra 5G,91999,86.0,1,1,0,snapdragon,8.0,3.0,5000.0,1,45.0,12.0,256.0,6.8,120,4,1.0,android,108.0,40.0,0,1440,3080,True,False,False,1,0,0,0,0,0,0,0,0,0,1,0,0,2.0406713986363494,1.016242919836495,1.2112529896756365,0.18849949586540202,0.19931135156624413,2.0102806501703343,1.1008739886393968,0.7693480566324982,0.957926675712042,1.739417569820816,11.429532986406885,False,1022.0,Flagship,Qualcomm,500.0,5.0,No,Yes,1.6831364802789515
xiaomi,Xiaomi Redmi Note 12 Pro Max 5G,32999,83.0,1,0,1,snapdragon,8.0,2.36,5200.0,1,210.0,6.0,128.0,6.67,120,4,1.0,android,108.0,32.0,1,1080,2460,False,False,False,1,0,0,0,0,0,0,0,0,0,1,0,0,0.06708710630148364,0.6134552738647978,-0.16387201670788248,0.38639601619079117,4.963316999442198,-0.2030817001874684,-0.11440194163184854,0.38167656835534286,0.957926675712042,1.739417569820816,10.404232536959167,False,367.0,Premium,Qualcomm,403.0,5.0,No,Yes,0.3285478493593068
oppo,OPPO Reno 9 5G,28499,83.0,1,1,0,snapdragon,8.0,2.4,4500.0,1,67.0,8.0,256.0,6.7,120,2,1.0,android,64.0,32.0,0,1080,2412,False,False,False,1,0,0,0,0,0,0,0,0,0,1,0,0,-0.08344050921558238,0.6134552738647978,-0.07792670380891248,-0.30624180494807085,0.8345121046163714,0.5347057499317991,1.1008739886393968,0.47113921949622567,0.957926675712042,0.40864983592379833,10.257624277921856,False,317.0,Mid-range,Qualcomm,394.0,3.0,No,Yes,0.20286436813995834
oneplus,OnePlus Nord CE 3 5G,21999,83.0,1,1,0,snapdragon,8.0,2.2,5000.0,1,67.0,6.0,128.0,6.7,120,3,1.0,android,108.0,16.0,1,1080,2412,False,False,False,1,0,0,0,0,0,0,0,0,0,1,0,0,-0.30086928718467776,0.6134552738647978,-0.5076532683037616,0.18849949586540202,0.8345121046163714,-0.2030817001874684,-0.11440194163184854,0.47113921949622567,0.957926675712042,1.739417569820816,9.998752276761909,False,244.0,Mid-range,Qualcomm,394.0,4.0,No,Yes,0.20286436813995834
xiaomi,Xiaomi Redmi Note 11 Pro Plus 5G,19999,83.0,1,0,1,snapdragon,8.0,2.2,5000.0,1,67.0,6.0,128.0,6.67,120,3,1.0,android,108.0,16.0,1,1080,2400,False,False,False,1,0,0,0,0,0,0,0,0,0,1,0,0,-0.3677704496367071,0.6134552738647978,-0.5076532683037616,0.18849949586540202,0.8345121046163714,-0.2030817001874684,-0.11440194163184854,0.38167656835534286,0.957926675712042,1.739417569820816,9.903437551286085,False,222.0,Mid-range,Qualcomm,395.0,4.0,No,Yes,0.2168291993865526
motorola,Motorola Edge 20 Fusion 5G,18999,87.0,1,1,0,dimensity,8.0,2.4,5000.0,1,30.0,6.0,128.0,6.67,90,3,1.0,android,108.0,32.0,1,1080,2400,False,False,False,1,0,0,0,1,0,0,0,0,0,0,0,0,-0.40122103086272176,1.1505054684937275,-0.07792670380891248,0.18849949586540202,-0.23378007096793352,-0.2030817001874684,-0.11440194163184854,0.38167656835534286,-0.0805052369395907,1.739417569820816,9.85214162518454,False,211.0,Mid-range,MediaTek,395.0,4.0,No,Yes,0.2168291993865526
realme,Realme 10 Pro Plus (8GB RAM + 256GB),27999,85.0,1,0,0,dimensity,8.0,2.6,5000.0,1,67.0,8.0,256.0,6.7,120,3,1.0,android,108.0,16.0,0,1080,2412,False,False,False,1,0,0,0,1,0,0,0,0,0,0,0,0,-0.10016579982858971,0.8819803711792626,0.3517998606859375,0.18849949586540202,0.8345121046163714,0.5347057499317991,1.1008739886393968,0.47113921949622567,0.957926675712042,1.739417569820816,10.239924074233857,False,311.0,Mid-range,MediaTek,394.0,4.0,No,Yes,0.20286436813995834
vivo,Vivo Y35,18499,80.0,0,0,0,snapdragon,8.0,2.4,5000.0,1,44.0,8.0,128.0,6.58,90,3,1.0,android,50.0,16.0,1,1080,2408,False,False,False,1,0,0,0,0,0,0,0,0,0,1,0,0,-0.4179463214757291,0.2106676278931005,-0.07792670380891248,0.18849949586540202,0.17043859006396564,0.5347057499317991,-0.11440194163184854,0.11328861493269707,-0.0805052369395907,-0.014776261225252826,9.82547195555139,False,206.0,Mid-range,Qualcomm,401.0,4.0,No,No,0.30061818686611824
samsung,Samsung Galaxy M33 5G,17478,81.0,1,1,0,exynos,8.0,2.4,6000.0,1,25.0,6.0,128.0,6.6,120,4,1.0,android,50.0,8.0,1,1080,2400,False,False,False,1,0,0,0,0,1,0,0,0,0,0,0,0,-0.4520993649074901,0.3449301765503329,-0.07792670380891248,1.1779820974923478,-0.37814387847932607,-0.2030817001874684,-0.11440194163184854,0.1729303823599505,0.957926675712042,-0.014776261225252826,9.768698226187489,False,194.0,Mid-range,Samsung,399.0,5.0,No,Yes,0.27268852437292973
xiaomi,Xiaomi Redmi Note 11,11936,76.0,0,0,1,snapdragon,8.0,2.4,5000.0,1,33.0,4.0,64.0,6.43,90,4,1.0,android,50.0,13.0,1,1080,2400,False,False,False,1,0,0,0,0,0,0,0,0,0,1,0,0,-0.6374824860620634,-0.3263825667358292,-0.07792670380891248,0.18849949586540202,-0.14716178646109798,-0.9408691503067359,-0.7220399067674711,-0.33402464077171434,-0.0805052369395907,-0.014776261225252826,9.387314322443542,False,133.0,Budget,Qualcomm,409.0,5.0,No,No,0.41233683683887246
realme,Realme C33,8950,64.0,0,0,0,unisoc,8.0,1.8,5000.0,0,0.0,3.0,32.0,6.5,60,2,1.0,android,50.0,5.0,1,720,1600,False,False,False,1,0,0,0,0,0,0,0,0,0,0,1,0,-0.7373659216029431,-1.9375331506226183,-1.367106397293461,0.18849949586540202,-1.0999629160362887,-1.3097628753663697,-1.0258588893352825,-0.125278454776322,-1.1189371495912235,-0.014776261225252826,9.099408811268901,False,99.0,Budget,Unisoc,270.0,3.0,No,No,-1.5287747064377317
vivo,Vivo Y16 (4GB RAM + 64GB),12489,68.0,0,0,0,helio,8.0,2.3,5000.0,1,10.0,4.0,64.0,6.51,60,2,1.0,android,13.0,5.0,1,720,1600,False,False,False,1,0,0,0,0,0,0,1,0,0,0,0,0,-0.6189843146440772,-1.4004829559936887,-0.2927899860563375,0.18849949586540202,-0.8112353010135037,-0.9408691503067359,-0.7220399067674711,-0.09545757106269527,-1.1189371495912235,-1.1338309465477452,9.432603535863086,False,139.0,Budget,MediaTek,270.0,3.0,No,No,-1.5287747064377317
samsung,Samsung Galaxy A74 5G,42999,86.0,1,1,0,snapdragon,8.0,2.36,5000.0,1,33.0,8.0,128.0,6.7,120,4,1.0,android,108.0,32.0,1,1080,2412,True,False,False,1,0,0,0,0,0,0,0,0,0,1,0,0,0.4015929185616303,1.016242919836495,-0.16387201670788248,0.18849949586540202,-0.14716178646109798,0.5347057499317991,-0.11440194163184854,0.47113921949622567,0.957926675712042,1.739417569820816,10.668932138591325,False,478.0,Premium,Qualcomm,394.0,5.0,No,Yes,0.20286436813995834
samsung,Samsung Galaxy A14 5G (6GB RAM + 128GB),18999,79.0,1,0,0,exynos,8.0,2.4,5000.0,1,15.0,6.0,128.0,6.6,90,3,1.0,android,50.0,13.0,1,1080,2408,False,False,False,1,0,0,0,0,1,0,0,0,0,0,0,0,-0.40122103086272176,0.07640507923586808,-0.07792670380891248,0.18849949586540202,-0.6668714935021112,-0.2030817001874684,-0.11440194163184854,0.1729303823599505,-0.0805052369395907,-0.014776261225252826,9.85214162518454,False,211.0,Mid-range,Samsung,400.0,4.0,No,Yes,0.286653355619524
iqoo,iQOO Neo 7 5G,29999,82.0,1,1,1,dimensity,8.0,3.1,5000.0,1,120.0,8.0,128.0,6.78,120,3,1.0,android,64.0,16.0,0,1080,2400,False,False,False,1,0,0,0,1,0,0,0,0,0,0,0,0,-0.03326463737656037,0.47919272520756534,1.4261162719230616,0.18849949586540202,2.364768464237132,0.5347057499317991,-0.11440194163184854,0.7097062892052447,0.957926675712042,0.40864983592379833,10.308919326755392,False,333.0,Mid-range,MediaTek,388.0,4.0,No,Yes,0.11907538066039268
jio,Jio JioPhone 5G,11990,64.0,1,0,0,snapdragon,8.0,2.2,5000.0,1,18.0,4.0,32.0,6.5,90,1,1.0,android,13.0,8.0,1,720,1600,False,False,False,1,0,0,0,0,0,0,0,0,0,1,0,0,-0.6356761546758586,-1.9375331506226183,-0.5076532683037616,0.18849949586540202,-0.5802532089952757,-0.9408691503067359,-1.0258588893352825,-0.125278454776322,-0.0805052369395907,-1.1338309465477452,9.39182824802156,False,133.0,Budget,Qualcomm,270.0,2.0,No,Yes,-1.5287747064377317
motorola,Motorola Moto G82 5G,18999,83.0,1,1,0,snapdragon,8.0,2.2,5000.0,1,30.0,6.0,128.0,6.6,120,3,1.0,android,50.0,16.0,1,1080,2400,False,False,False,1,0,0,0,0,0,0,0,0,0,1,0,0,-0.40122103086272176,0.6134552738647978,-0.5076532683037616,0.18849949586540202,-0.23378007096793352,-0.2030817001874684,-0.11440194163184854,0.1729303823599505,0.957926675712042,-0.014776261225252826,9.85214162518454,False,211.0,Mid-range,Qualcomm,399.0,4.0,No,Yes,0.27268852437292973
realme,Realme 10,13999,74.0,0,0,0,helio,8.0,2.2,5000.0,1,33.0,4.0,64.0,6.4,90,2,1.0,android,50.0,16.0,1,1080,2400,False,False,False,1,0,0,0,0,0,0,1,0,0,0,0,0,-0.5684739369927951,-0.594907664050294,-0.5076532683037616,0.18849949586540202,-0.14716178646109798,-0.9408691503067359,-0.7220399067674711,-0.4234872919125945,-0.0805052369395907,-0.014776261225252826,9.546741177474825,False,156.0,Budget,MediaTek,411.0,3.0,No,No,0.440266499332061
realme,Realme 9i 5G,14965,75.0,1,0,0,dimensity,8.0,2.4,5000.0,1,18.0,4.0,64.0,6.6,90,3,1.0,android,50.0,8.0,1,1080,2408,False,False,False,1,0,0,0,1,0,0,0,0,0,0,0,0,-0.5361606755284649,-0.46064511539306163,-0.07792670380891248,0.18849949586540202,-0.5802532089952757,-0.9408691503067359,-0.7220399067674711,0.1729303823599505,-0.0805052369395907,-0.014776261225252826,9.6134694202868,False,166.0,Budget,MediaTek,400.0,4.0,No,Yes,0.286653355619524
apple,Apple iPhone 14 Plus,74999,82.0,1,1,0,bionic,6.0,3.22,4325.0,1,18.0,6.0,128.0,6.7,60,2,1.0,ios,12.0,12.0,0,1284,2778,False,False,True,0,1,0,1,0,0,0,0,0,0,0,0,0,1.4720115177940998,0.47919272520756534,1.6839522106199716,-0.47940126023278634,-0.5802532089952757,-0.2030817001874684,-0.11440194163184854,0.47113921949622567,-1.1189371495912235,-1.1640756677726773,11.225230059096225,False,833.0,Flagship,Apple,457.0,3.0,No,Yes,1.0826487366753976
xiaomi,Xiaomi Redmi Note 10S,10999,78.0,0,0,1,helio,8.0,2.05,5000.0,1,33.0,6.0,64.0,6.43,60,4,1.0,android,64.0,13.0,1,1080,2400,False,False,False,1,0,0,0,0,0,0,1,0,0,0,0,0,-0.6688256806708391,-0.05785746942136435,-0.8299481916748995,0.18849949586540202,-0.14716178646109798,-0.2030817001874684,-0.7220399067674711,-0.33402464077171434,-1.1189371495912235,0.40864983592379833,9.305559638557117,False,122.0,Budget,MediaTek,409.0,5.0,No,No,0.41233683683887246
samsung,Samsung Galaxy S23 Plus,84990,89.0,1,1,0,snapdragon,8.0,3.2,4700.0,1,45.0,8.0,256.0,6.6,120,3,1.0,android,50.0,12.0,0,1080,2340,False,False,False,1,0,0,0,0,0,0,0,0,0,1,0,0,1.8062162748232125,1.4190305658081923,1.6409795541704866,-0.10834528462268171,0.19931135156624413,0.5347057499317991,1.1008739886393968,0.1729303823599505,0.957926675712042,-0.014776261225252826,11.350288881492672,False,944.0,Flagship,Qualcomm,390.0,4.0,No,Yes,0.14700504315358123
motorola,Motorola Moto G32,10499,75.0,0,0,0,snapdragon,8.0,2.4,5000.0,1,33.0,4.0,64.0,6.55,90,3,1.0,android,50.0,16.0,1,1080,2400,False,False,False,1,0,0,0,0,0,0,0,0,0,1,0,0,-0.6855509712838465,-0.46064511539306163,-0.07792670380891248,0.18849949586540202,-0.14716178646109798,-0.9408691503067359,-0.7220399067674711,0.023825963791814262,-0.0805052369395907,-0.014776261225252826,9.259035293514941,False,117.0,Budget,Qualcomm,402.0,4.0,No,No,0.31458301811271255
xiaomi,Xiaomi Redmi Note 13 Pro 5G,17990,78.0,1,1,1,dimensity,8.0,2.0,5000.0,1,67.0,6.0,128.0,6.67,120,3,1.0,android,108.0,16.0,0,1080,2460,False,False,False,1,0,0,0,1,0,0,0,0,0,0,0,0,-0.4349726673197705,-0.05785746942136435,-0.9373798327986115,0.18849949586540202,0.8345121046163714,-0.2030817001874684,-0.11440194163184854,0.38167656835534286,0.957926675712042,1.739417569820816,9.79757132694458,False,200.0,Mid-range,MediaTek,403.0,4.0,No,Yes,0.3285478493593068
vivo,Vivo S16,29990,85.0,1,1,0,snapdragon,8.0,3.2,4600.0,1,66.0,8.0,128.0,6.78,120,3,1.0,android,64.0,50.0,0,1080,2400,False,False,False,1,0,0,0,0,0,0,0,0,0,1,0,0,-0.033565692607594504,0.8819803711792626,1.6409795541704866,-0.2072935447853763,0.8056393431140928,0.5347057499317991,-0.11440194163184854,0.7097062892052447,0.957926675712042,0.40864983592379833,10.308619271743055,False,333.0,Mid-range,Qualcomm,388.0,4.0,No,Yes,0.11907538066039268
samsung,Samsung Galaxy A23,18499,79.0,0,0,0,snapdragon,8.0,2.4,5000.0,1,25.0,6.0,128.0,6.6,60,4,1.0,android,50.0,8.0,1,1080,2408,False,False,False,1,0,0,0,0,0,0,0,0,0,1,0,0,-0.4179463214757291,0.07640507923586808,-0.07792670380891248,0.18849949586540202,-0.37814387847932607,-0.2030817001874684,-0.11440194163184854,0.1729303823599505,-1.1189371495912235,-0.014776261225252826,9.82547195555139,False,206.0,Mid-range,Qualcomm,400.0,5.0,No,No,0.286653355619524
vivo,Vivo Y22 (6GB RAM + 128GB),16499,75.0,0,0,0,helio,8.0,2.0,5000.0,1,18.0,6.0,128.0,6.55,60,2,1.0,android,50.0,8.0,1,720,1612,False,False,False,1,0,0,0,0,0,0,1,0,0,0,0,0,-0.4848474839277584,-0.46064511539306163,-0.9373798327986115,0.18849949586540202,-0.5802532089952757,-0.2030817001874684,-0.11440194163184854,0.023825963791814262,-1.1189371495912235,-0.014776261225252826,9.711055051991444,False,183.0,Mid-range,MediaTek,270.0,3.0,No,No,-1.5287747064377317
poco,Poco M4 Pro 5G (6GB RAM + 128GB),14999,81.0,1,0,1,dimensity,8.0,2.4,5000.0,1,33.0,6.0,128.0,6.6,90,2,1.0,android,50.0,16.0,1,1080,2400,False,False,False,1,0,0,0,1,0,0,0,0,0,0,0,0,-0.5350233557667804,0.3449301765503329,-0.07792670380891248,0.18849949586540202,-0.14716178646109798,-0.2030817001874684,-0.11440194163184854,0.1729303823599505,-0.0805052369395907,-0.014776261225252826,9.61573881119536,False,167.0,Budget,MediaTek,399.0,3.0,No,Yes,0.27268852437292973
vivo,Vivo S16 Pro,35499,86.0,1,1,0,dimensity,8.0,3.1,4600.0,1,66.0,8.0,256.0,6.78,120,3,1.0,android,50.0,50.0,0,1080,2400,False,False,False,1,0,0,0,1,0,0,0,0,0,0,0,0,0.1507135593665203,1.016242919836495,1.4261162719230616,-0.2072935447853763,0.8056393431140928,0.5347057499317991,1.1008739886393968,0.7097062892052447,0.957926675712042,-0.014776261225252826,10.477259806052668,False,394.0,Premium,MediaTek,388.0,4.0,No,Yes,0.11907538066039268
oneplus,OnePlus 10 Pro 5G,60999,89.0,1,1,0,snapdragon,8.0,3.0,5000.0,1,80.0,8.0,128.0,6.7,120,3,1.0,android,50.0,32.0,0,1440,3216,False,False,False,1,0,0,0,0,0,0,0,0,0,1,0,0,1.0037033806298945,1.4190305658081923,1.2112529896756365,0.18849949586540202,1.2098580041459919,0.5347057499317991,-0.11440194163184854,0.47113921949622567,0.957926675712042,-0.014776261225252826,11.018612749578452,False,678.0,Flagship,Qualcomm,526.0,4.0,No,Yes,2.0462220926904027
xiaomi,Xiaomi Redmi Note 12 Pro Plus (12GB RAM + 256GB),32999,87.0,1,0,1,dimensity,8.0,2.6,4980.0,1,120.0,12.0,256.0,6.67,120,3,1.0,android,200.0,16.0,0,1080,2400,False,False,False,1,0,0,0,1,0,0,0,0,0,0,0,0,0.06708710630148364,1.1505054684937275,0.3517998606859375,0.16870984383286308,2.364768464237132,2.0102806501703343,1.1008739886393968,0.38167656835534286,0.957926675712042,4.521931922514581,10.404232536959167,False,367.0,Premium,MediaTek,395.0,4.0,No,Yes,0.2168291993865526
samsung,Samsung Galaxy F23 5G,15999,78.0,1,1,0,snapdragon,8.0,2.2,5000.0,1,25.0,4.0,128.0,6.6,120,3,1.0,android,50.0,8.0,1,1080,2408,False,False,False,1,0,0,0,0,0,0,0,0,0,1,0,0,-0.5015727745407658,-0.05785746942136435,-0.5076532683037616,0.18849949586540202,-0.37814387847932607,-0.9408691503067359,-0.11440194163184854,0.1729303823599505,0.957926675712042,-0.014776261225252826,9.680281499268713,False,178.0,Mid-range,Qualcomm,400.0,4.0,No,Yes,0.286653355619524
oppo,Oppo Find N Fold,99990,86.0,1,1,0,snapdragon,8.0,3.2,5000.0,1,67.0,8.0,256.0,7.1,120,2,1.0,other,50.0,16.0,0,1792,1920,True,False,False,0,0,1,0,0,0,0,0,0,0,1,0,0,2.307974993213432,1.016242919836495,1.6409795541704866,0.18849949586540202,0.8345121046163714,0.5347057499317991,1.1008739886393968,1.6639745680413183,0.957926675712042,-0.014776261225252826,11.512825459969894,False,1111.0,Flagship,Qualcomm,370.0,3.0,Yes,Yes,-0.13229158177830425
oppo,OPPO A17K,9499,62.0,0,0,0,helio,8.0,2.3,5000.0,0,0.0,3.0,64.0,6.56,60,1,1.0,android,8.0,5.0,1,720,1612,False,False,False,1,0,0,0,0,0,0,1,0,0,0,0,0,-0.7190015525098611,-2.206058247937083,-0.2927899860563375,0.18849949586540202,-1.0999629160362887,-1.3097628753663697,-0.7220399067674711,0.053646847505440985,-1.1189371495912235,-1.2850545526724062,9.158941808890182,False,106.0,Budget,MediaTek,269.0,2.0,No,No,-1.542739537684326
vivo,Vivo V23 5G (12GB RAM + 256GB),27994,86.0,1,0,0,dimensity,8.0,2.5,4200.0,1,44.0,12.0,256.0,6.44,90,3,2.0,android,64.0,50.0,1,1080,2400,False,False,False,1,0,0,0,1,0,0,0,0,0,0,0,0,-0.10033305273471979,1.016242919836495,0.1369365784385125,-0.6030865854361546,0.17043859006396564,2.0102806501703343,1.1008739886393968,-0.30420375705808494,-0.0805052369395907,0.40864983592379833,10.239745480480591,False,311.0,Mid-range,MediaTek,409.0,5.0,No,Yes,0.41233683683887246
iqoo,iQOO Z6 Lite 5G,13989,75.0,1,0,0,snapdragon,8.0,2.0,5000.0,1,18.0,4.0,64.0,6.58,120,2,1.0,android,50.0,8.0,1,1080,2408,False,False,False,1,0,0,0,0,0,0,0,0,0,1,0,0,-0.5688084428050553,-0.46064511539306163,-0.9373798327986115,0.18849949586540202,-0.5802532089952757,-0.9408691503067359,-0.7220399067674711,0.11328861493269707,0.957926675712042,-0.014776261225252826,9.546026585476431,False,155.0,Budget,Qualcomm,401.0,3.0,No,Yes,0.30061818686611824
oneplus,OnePlus 10T,44999,85.0,1,1,0,snapdragon,8.0,3.2,4800.0,1,150.0,8.0,128.0,6.7,120,3,1.0,android,50.0,16.0,0,1080,2412,False,False,False,1,0,0,0,0,0,0,0,0,0,1,0,0,0.4684940810136597,0.8819803711792626,1.6409795541704866,-0.009397024459987136,3.2309513093054876,0.5347057499317991,-0.11440194163184854,0.47113921949622567,0.957926675712042,-0.014776261225252826,10.714395546283317,False,500.0,Premium,Qualcomm,394.0,4.0,No,Yes,0.20286436813995834
xiaomi,Xiaomi Redmi Note 10T 5G (6GB RAM +128GB),13999,79.0,1,0,1,dimensity,8.0,2.2,5000.0,1,18.0,6.0,128.0,6.5,90,3,1.0,android,48.0,8.0,1,1080,2400,False,False,False,1,0,0,0,1,0,0,0,0,0,0,0,0,-0.5684739369927951,0.07640507923586808,-0.5076532683037616,0.18849949586540202,-0.5802532089952757,-0.2030817001874684,-0.11440194163184854,-0.125278454776322,-0.0805052369395907,-0.07526570367511727,9.546741177474825,False,156.0,Budget,MediaTek,405.0,4.0,No,Yes,0.3564775118524954
gionee,Gionee G13 Pro,6190,69.0,0,0,0,unisoc,4.0,2.0,3500.0,0,0.0,4.0,32.0,6.26,60,2,1.0,other,13.0,5.0,1,720,1600,True,False,False,0,0,1,0,0,0,0,0,0,0,0,1,0,-0.8296895257867437,-1.2662204073364562,-0.9373798327986115,-1.2957244065750166,-1.0999629160362887,-0.9408691503067359,-1.0258588893352825,-0.8409796639033792,-1.1189371495912235,-1.1338309465477452,8.730690365678642,False,69.0,Budget,Unisoc,280.0,3.0,No,No,-1.389126393971789
apple,Apple iPhone 13 Pro,119900,83.0,1,1,0,bionic,6.0,3.22,3095.0,1,18.0,6.0,128.0,6.1,120,3,1.0,ios,12.0,12.0,0,1170,2532,False,False,True,0,1,0,1,0,0,0,0,0,0,0,0,0,2.9739760654233844,0.6134552738647978,1.6839522106199716,-1.6964648602339296,-0.5802532089952757,-0.2030817001874684,-0.11440194163184854,-1.3181138033214173,0.957926675712042,-1.1640756677726773,11.694413341015606,False,1332.0,Flagship,Apple,457.0,4.0,No,Yes,1.0826487366753976
oppo,OPPO F22 Pro,27660,83.0,1,0,0,snapdragon,8.0,2.2,4800.0,1,67.0,8.0,128.0,6.58,120,3,1.0,android,64.0,32.0,1,1080,2400,False,False,False,1,0,0,0,0,0,0,0,0,0,1,0,0,-0.11150554686420869,0.6134552738647978,-0.5076532683037616,-0.009397024459987136,0.8345121046163714,0.5347057499317991,-0.11440194163184854,0.11328861493269707,0.957926675712042,0.40864983592379833,10.227742605218749,False,307.0,Mid-range,Qualcomm,400.0,4.0,No,Yes,0.286653355619524
samsung,Samsung Galaxy A34 5G,24999,75.0,1,1,0,exynos,8.0,2.4,5000.0,1,33.0,6.0,128.0,6.5,90,4,1.0,android,48.0,13.0,1,1080,2400,False,True,False,1,0,0,0,0,1,0,0,0,0,0,0,0,-0.20051754350663373,-0.46064511539306163,-0.07792670380891248,0.18849949586540202,-0.14716178646109798,-0.2030817001874684,-0.11440194163184854,-0.125278454776322,-0.0805052369395907,-0.07526570367511727,10.126591103050316,False,278.0,Mid-range,Samsung,405.0,5.0,No,Yes,0.3564775118524954
xiaomi,Xiaomi Redmi 10A (4GB RAM + 64GB),8388,66.0,0,0,0,helio,8.0,2.0,5000.0,0,0.0,4.0,64.0,6.53,60,1,1.0,android,13.0,5.0,1,720,1600,False,False,False,1,0,0,0,0,0,0,1,0,0,0,0,0,-0.7561651482519635,-1.6690080533081535,-0.9373798327986115,0.18849949586540202,-1.0999629160362887,-0.9408691503067359,-0.7220399067674711,-0.03581580363543918,-1.1189371495912235,-1.1338309465477452,9.03455739202181,False,93.0,Budget,MediaTek,269.0,2.0,No,No,-1.542739537684326
motorola,Motorola Moto G72 4G,15999,83.0,0,1,0,helio,8.0,2.2,5000.0,1,33.0,6.0,128.0,6.55,120,3,1.0,android,108.0,16.0,1,1080,2400,False,False,False,1,0,0,0,0,0,0,1,0,0,0,0,0,-0.5015727745407658,0.6134552738647978,-0.5076532683037616,0.18849949586540202,-0.14716178646109798,-0.2030817001874684,-0.11440194163184854,0.023825963791814262,0.957926675712042,1.739417569820816,9.680281499268713,False,178.0,Mid-range,MediaTek,402.0,4.0,No,No,0.31458301811271255
samsung,Samsung Galaxy A14 5G (8GB RAM + 128GB),20999,82.0,1,0,0,exynos,8.0,2.4,5000.0,1,15.0,8.0,128.0,6.6,90,3,1.0,android,50.0,13.0,1,1080,2408,False,False,False,1,0,0,0,0,1,0,0,0,0,0,0,0,-0.3343198684106924,0.47919272520756534,-0.07792670380891248,0.18849949586540202,-0.6668714935021112,0.5347057499317991,-0.11440194163184854,0.1729303823599505,-0.0805052369395907,-0.014776261225252826,9.952230096524119,False,233.0,Mid-range,Samsung,400.0,4.0,No,Yes,0.286653355619524
realme,Realme 9 5G,13999,75.0,1,0,0,dimensity,8.0,2.4,5000.0,1,18.0,4.0,64.0,6.5,90,3,1.0,android,48.0,16.0,1,1080,2400,False,False,False,1,0,0,0,1,0,0,0,0,0,0,0,0,-0.5684739369927951,-0.46064511539306163,-0.07792670380891248,0.18849949586540202,-0.5802532089952757,-0.9408691503067359,-0.7220399067674711,-0.125278454776322,-0.0805052369395907,-0.07526570367511727,9.546741177474825,False,156.0,Budget,MediaTek,405.0,4.0,No,Yes,0.3564775118524954
vivo,Vivo T1 5G (8GB RAM + 128GB),19990,83.0,1,0,0,snapdragon,8.0,2.2,5000.0,1,18.0,8.0,128.0,6.58,120,3,1.0,android,50.0,16.0,1,1080,2408,False,False,False,1,0,0,0,0,0,0,0,0,0,1,0,0,-0.3680715048677412,0.6134552738647978,-0.5076532683037616,0.18849949586540202,-0.5802532089952757,0.5347057499317991,-0.11440194163184854,0.11328861493269707,0.957926675712042,-0.014776261225252826,9.902987427494446,False,222.0,Mid-range,Qualcomm,401.0,4.0,No,Yes,0.30061818686611824
samsung,Samsung Galaxy M13 5G,13999,75.0,1,0,0,dimensity,8.0,2.2,5000.0,1,15.0,6.0,128.0,6.5,90,2,1.0,android,50.0,5.0,1,720,1600,False,False,False,1,0,0,0,1,0,0,0,0,0,0,0,0,-0.5684739369927951,-0.46064511539306163,-0.5076532683037616,0.18849949586540202,-0.6668714935021112,-0.2030817001874684,-0.11440194163184854,-0.125278454776322,-0.0805052369395907,-0.014776261225252826,9.546741177474825,False,156.0,Budget,MediaTek,270.0,3.0,No,Yes,-1.5287747064377317
motorola,Motorola Edge 30 5G,22999,83.0,1,1,0,snapdragon,8.0,2.5,4020.0,1,33.0,6.0,128.0,6.5,144,3,1.0,android,50.0,32.0,0,1080,2400,False,False,False,1,0,0,0,0,0,0,0,0,0,1,0,0,-0.26741870595866307,0.6134552738647978,0.1369365784385125,-0.7811934537290048,-0.14716178646109798,-0.2030817001874684,-0.11440194163184854,-0.125278454776322,1.7886722058333482,-0.014776261225252826,10.043206015705211,False,256.0,Mid-range,Qualcomm,405.0,4.0,No,Yes,0.3564775118524954
samsung,Samsung Galaxy A23 5G,22999,79.0,1,0,0,snapdragon,8.0,2.2,5000.0,1,25.0,6.0,128.0,6.6,120,4,1.0,android,50.0,8.0,1,1080,2408,False,False,False,1,0,0,0,0,0,0,0,0,0,1,0,0,-0.26741870595866307,0.07640507923586808,-0.5076532683037616,0.18849949586540202,-0.37814387847932607,-0.2030817001874684,-0.11440194163184854,0.1729303823599505,0.957926675712042,-0.014776261225252826,10.043206015705211,False,256.0,Mid-range,Qualcomm,400.0,5.0,No,Yes,0.286653355619524
oppo,OPPO K10 5G,16999,79.0,1,0,0,dimensity,8.0,2.4,5000.0,1,33.0,8.0,128.0,6.56,90,2,1.0,android,48.0,8.0,1,720,1612,False,False,False,1,0,0,0,1,0,0,0,0,0,0,0,0,-0.4681221933147511,0.07640507923586808,-0.07792670380891248,0.18849949586540202,-0.14716178646109798,0.5347057499317991,-0.11440194163184854,0.053646847505440985,-0.0805052369395907,-0.07526570367511727,9.74090979777877,False,189.0,Mid-range,MediaTek,269.0,3.0,No,Yes,-1.542739537684326
xiaomi,Xiaomi Redmi Note 11 (6GB RAM + 128GB),14290,80.0,0,0,1,snapdragon,8.0,2.4,5000.0,1,33.0,6.0,128.0,6.43,90,4,1.0,android,50.0,13.0,1,1080,2400,False,False,False,1,0,0,0,0,0,0,0,0,0,1,0,0,-0.5587398178560248,0.2106676278931005,-0.07792670380891248,0.18849949586540202,-0.14716178646109798,-0.2030817001874684,-0.11440194163184854,-0.33402464077171434,-0.0805052369395907,-0.014776261225252826,9.567315270923913,False,159.0,Budget,Qualcomm,409.0,5.0,No,No,0.41233683683887246
samsung,Samsung Galaxy A73 5G,41999,86.0,1,1,0,snapdragon,8.0,2.4,5000.0,1,25.0,8.0,128.0,6.7,120,4,1.0,android,108.0,32.0,1,1080,2400,True,False,False,1,0,0,0,0,0,0,0,0,0,1,0,0,0.3681423373356157,1.016242919836495,-0.07792670380891248,0.18849949586540202,-0.37814387847932607,0.5347057499317991,-0.11440194163184854,0.47113921949622567,0.957926675712042,1.739417569820816,10.645401087458245,False,467.0,Premium,Qualcomm,393.0,5.0,No,Yes,0.18889953689336406
vivo,Vivo Y21 2021,13489,69.0,0,0,0,helio,8.0,2.3,5000.0,1,18.0,4.0,64.0,6.51,60,2,1.0,android,13.0,8.0,1,720,1600,False,False,False,1,0,0,0,0,0,0,1,0,0,0,0,0,-0.5855337334180626,-1.2662204073364562,-0.2927899860563375,0.18849949586540202,-0.5802532089952757,-0.9408691503067359,-0.7220399067674711,-0.09545757106269527,-1.1189371495912235,-1.1338309465477452,9.50962981746968,False,150.0,Budget,MediaTek,270.0,3.0,No,No,-1.5287747064377317
oneplus,OnePlus Ace Racing Edition 5G,22990,83.0,1,1,0,dimensity,8.0,2.85,5000.0,1,80.0,8.0,128.0,6.59,120,3,1.0,android,64.0,16.0,0,1080,2412,False,False,True,1,0,0,0,1,0,0,0,0,0,0,0,0,-0.2677197611896972,0.6134552738647978,0.8889580663044995,0.18849949586540202,1.2098580041459919,0.5347057499317991,-0.11440194163184854,0.1431094986463238,0.957926675712042,0.40864983592379833,10.042814617757227,False,255.0,Mid-range,MediaTek,401.0,4.0,No,Yes,0.30061818686611824
motorola,Motorola Moto G62 (8GB RAM + 128GB),16499,84.0,1,0,0,snapdragon,8.0,2.2,5000.0,1,33.0,8.0,128.0,6.55,120,3,1.0,android,50.0,16.0,1,1080,2400,False,False,True,1,0,0,0,0,0,0,0,0,0,1,0,0,-0.4848474839277584,0.7477178225220302,-0.5076532683037616,0.18849949586540202,-0.14716178646109798,0.5347057499317991,-0.11440194163184854,0.023825963791814262,0.957926675712042,-0.014776261225252826,9.711055051991444,False,183.0,Mid-range,Qualcomm,402.0,4.0,No,Yes,0.31458301811271255
vivo,Vivo X90 Pro Plus 5G,73999,86.0,1,1,1,snapdragon,8.0,3.2,4700.0,1,80.0,12.0,256.0,6.78,120,4,1.0,android,50.3,32.0,0,1440,3200,True,False,False,1,0,0,0,0,0,0,0,0,0,1,0,0,1.4385609365680851,1.016242919836495,1.6409795541704866,-0.10834528462268171,1.2098580041459919,2.0102806501703343,1.1008739886393968,0.7097062892052447,0.957926675712042,-0.005702844857773245,11.211806858581484,False,822.0,Flagship,Qualcomm,518.0,5.0,No,Yes,1.9345034427176484
realme,Realme C33 (4GB RAM + 64GB),9999,67.0,0,0,0,unisoc,8.0,1.8,5000.0,0,0.0,4.0,64.0,6.5,60,2,1.0,android,50.0,5.0,1,720,1600,False,False,False,1,0,0,0,0,0,0,0,0,0,0,1,0,-0.7022762618968538,-1.534745504650921,-1.367106397293461,0.18849949586540202,-1.0999629160362887,-0.9408691503067359,-0.7220399067674711,-0.125278454776322,-1.1189371495912235,-0.014776261225252826,9.21024036697585,False,111.0,Budget,Unisoc,270.0,3.0,No,No,-1.5287747064377317
realme,Realme 9i,12499,75.0,0,0,0,snapdragon,8.0,2.4,5000.0,1,33.0,4.0,64.0,6.6,90,3,1.0,android,50.0,16.0,1,1080,2412,False,False,False,1,0,0,0,0,0,0,0,0,0,1,0,0,-0.6186498088318171,-0.46064511539306163,-0.07792670380891248,0.18849949586540202,-0.14716178646109798,-0.9408691503067359,-0.7220399067674711,0.1729303823599505,-0.0805052369395907,-0.014776261225252826,9.433403920090221,False,139.0,Budget,Qualcomm,400.0,4.0,No,No,0.286653355619524
oppo,OPPO A17,12499,72.0,0,0,0,helio,8.0,2.3,5000.0,1,44.0,4.0,64.0,6.56,60,2,1.0,android,50.0,5.0,1,720,1612,False,False,True,1,0,0,0,0,0,0,1,0,0,0,0,0,-0.6186498088318171,-0.8634327613647589,-0.2927899860563375,0.18849949586540202,0.17043859006396564,-0.9408691503067359,-0.7220399067674711,0.053646847505440985,-1.1189371495912235,-0.014776261225252826,9.433403920090221,False,139.0,Budget,MediaTek,269.0,3.0,No,No,-1.542739537684326
iqoo,iQOO 11 5G,59999,88.0,1,1,0,snapdragon,8.0,3.2,5000.0,1,120.0,8.0,256.0,6.78,144,3,1.0,android,50.0,16.0,0,1440,3200,False,False,False,1,0,0,0,0,0,0,0,0,0,1,0,0,0.9702527994038798,1.28476801715096,1.6409795541704866,0.18849949586540202,2.364768464237132,0.5347057499317991,1.1008739886393968,0.7097062892052447,1.7886722058333482,-0.014776261225252826,11.002083174398681,False,667.0,Premium,Qualcomm,518.0,4.0,No,Yes,1.9345034427176484
vivo,Vivo X Fold 5G,106990,86.0,1,1,0,snapdragon,8.0,3.0,4600.0,1,66.0,12.0,256.0,8.03,120,4,1.0,android,50.0,16.0,0,1916,2160,True,False,False,1,0,0,0,0,0,0,0,0,0,1,0,0,2.542129061795535,1.016242919836495,1.2112529896756365,-0.2072935447853763,0.8056393431140928,2.0102806501703343,1.1008739886393968,4.437316753408662,0.957926675712042,-0.014776261225252826,11.580490651132653,True,1189.0,Flagship,Qualcomm,360.0,5.0,Yes,Yes,-0.27193989424424697
vivo,Vivo T1 5G,15990,78.0,1,0,0,snapdragon,8.0,2.2,5000.0,1,18.0,4.0,128.0,6.58,120,3,1.0,android,50.0,16.0,1,1080,2408,False,False,False,1,0,0,0,0,0,0,0,0,0,1,0,0,-0.5018738297717998,-0.05785746942136435,-0.5076532683037616,0.18849949586540202,-0.5802532089952757,-0.9408691503067359,-0.11440194163184854,0.11328861493269707,0.957926675712042,-0.014776261225252826,9.679718805828,False,178.0,Mid-range,Qualcomm,401.0,4.0,No,Yes,0.30061818686611824
apple,Apple iPhone 14 Pro,119990,75.0,1,1,0,bionic,6.0,3.22,3200.0,1,18.0,6.0,128.0,6.1,120,3,1.0,ios,48.0,12.0,0,1179,2556,False,True,True,0,1,0,1,0,0,0,0,0,0,0,0,0,2.9769866177337256,-0.46064511539306163,1.6839522106199716,-1.5925691870631002,-0.5802532089952757,-0.2030817001874684,-0.11440194163184854,-1.3181138033214173,0.957926675712042,-0.07526570367511727,11.695163684958434,False,1333.0,Flagship,Apple,461.0,4.0,No,Yes,1.1385080616617747
xiaomi,Xiaomi Redmi Note 11 Pro Max 5G,19999,83.0,1,0,1,snapdragon,8.0,2.4,5200.0,1,33.0,6.0,128.0,6.67,120,4,1.0,android,108.0,32.0,1,1080,2400,False,False,False,1,0,0,0,0,0,0,0,0,0,1,0,0,-0.3677704496367071,0.6134552738647978,-0.07792670380891248,0.38639601619079117,-0.14716178646109798,-0.2030817001874684,-0.11440194163184854,0.38167656835534286,0.957926675712042,1.739417569820816,9.903437551286085,False,222.0,Mid-range,Qualcomm,395.0,5.0,No,Yes,0.2168291993865526
motorola,Motorola Moto S30 Pro,23990,83.0,1,0,0,snapdragon,8.0,2.9,4400.0,1,68.0,8.0,128.0,6.55,144,3,1.0,android,50.0,32.0,0,1080,2460,False,False,False,1,0,0,0,0,0,0,0,0,0,1,0,0,-0.23426917996368252,0.6134552738647978,0.9963897074282115,-0.40519006511076544,0.8633848661186498,0.5347057499317991,-0.11440194163184854,0.023825963791814262,1.7886722058333482,-0.014776261225252826,10.08539235583374,False,267.0,Mid-range,Qualcomm,410.0,4.0,No,Yes,0.4263016680854667
realme,Realme 10s,12999,80.0,1,0,0,dimensity,8.0,2.4,5000.0,1,33.0,8.0,128.0,6.6,90,2,1.0,android,50.0,8.0,1,1080,2408,False,False,False,1,0,0,0,1,0,0,0,0,0,0,0,0,-0.6019245182188098,0.2106676278931005,-0.07792670380891248,0.18849949586540202,-0.14716178646109798,0.5347057499317991,-0.11440194163184854,0.1729303823599505,-0.0805052369395907,-0.014776261225252826,9.47262771040802,False,144.0,Budget,MediaTek,400.0,3.0,No,Yes,0.286653355619524
oppo,OPPO F19 Pro Plus 5G,19990,82.0,1,0,0,dimensity,8.0,2.4,4310.0,1,50.0,8.0,128.0,6.43,60,4,1.0,android,48.0,16.0,1,1080,2400,False,False,False,1,0,0,0,1,0,0,0,0,0,0,0,0,-0.3680715048677412,0.47919272520756534,-0.07792670380891248,-0.4942434992571905,0.3436751590776367,0.5347057499317991,-0.11440194163184854,-0.33402464077171434,-1.1189371495912235,-0.07526570367511727,9.902987427494446,False,222.0,Mid-range,MediaTek,409.0,5.0,No,Yes,0.41233683683887246
xiaomi,Xiaomi 13 Pro 5G,58990,86.0,1,1,1,snapdragon,8.0,3.2,4820.0,1,120.0,8.0,128.0,6.73,120,3,1.0,android,50.3,32.0,0,1440,3200,True,False,False,1,0,0,0,0,0,0,0,0,0,1,0,0,0.936501162946831,1.016242919836495,1.6409795541704866,0.01039262757255178,2.364768464237132,0.5347057499317991,-0.11440194163184854,0.5606018706371084,0.957926675712042,-0.005702844857773245,10.98512321699712,False,655.0,Premium,Qualcomm,521.0,4.0,No,Yes,1.9763979364574311
vivo,Vivo V27 Pro,43999,87.0,1,0,0,dimensity,8.0,3.2,5000.0,1,120.0,12.0,256.0,6.73,144,3,1.0,android,108.0,32.0,0,1080,2400,False,False,False,1,0,0,0,1,0,0,0,0,0,0,0,0,0.435043499787645,1.1505054684937275,1.6409795541704866,0.18849949586540202,2.364768464237132,2.0102806501703343,1.1008739886393968,0.5606018706371084,1.7886722058333482,1.739417569820816,10.691922185369403,False,489.0,Premium,MediaTek,391.0,4.0,No,Yes,0.16096987440017552
samsung,Samsung Galaxy S22 5G,49999,86.0,1,1,0,snapdragon,8.0,3.0,3700.0,1,25.0,8.0,128.0,6.1,120,3,1.0,android,50.0,10.0,0,1080,2340,False,False,False,1,0,0,0,0,0,0,0,0,0,1,0,0,0.635746987143733,1.016242919836495,1.2112529896756365,-1.0978278862496273,-0.37814387847932607,0.5347057499317991,-0.11440194163184854,-1.3181138033214173,0.957926675712042,-0.014776261225252826,10.81975828421028,False,556.0,Premium,Qualcomm,422.0,4.0,No,Yes,0.5938796430445981
vivo,Vivo T1 44W (6GB RAM + 128GB),15999,79.0,0,0,0,snapdragon,8.0,2.4,5000.0,1,44.0,6.0,128.0,6.44,60,3,1.0,android,50.0,16.0,1,1080,2408,False,False,False,1,0,0,0,0,0,0,0,0,0,1,0,0,-0.5015727745407658,0.07640507923586808,-0.07792670380891248,0.18849949586540202,0.17043859006396564,-0.2030817001874684,-0.11440194163184854,-0.30420375705808494,-1.1189371495912235,-0.014776261225252826,9.680281499268713,False,178.0,Mid-range,Qualcomm,410.0,4.0,No,No,0.4263016680854667
oneplus,OnePlus 10R 5G (12GB RAM + 256GB),36999,87.0,1,1,0,dimensity,8.0,2.85,5000.0,1,80.0,12.0,256.0,6.7,120,3,1.0,android,50.0,16.0,0,1080,2412,False,False,False,1,0,0,0,1,0,0,0,0,0,0,0,0,0.2008894312055423,1.1505054684937275,0.8889580663044995,0.18849949586540202,1.2098580041459919,2.0102806501703343,1.1008739886393968,0.47113921949622567,0.957926675712042,-0.014776261225252826,10.518646164234097,False,411.0,Premium,MediaTek,394.0,4.0,No,Yes,0.20286436813995834
tecno,Tecno Phantom X2,39999,85.0,1,1,0,dimensity,8.0,3.05,5160.0,1,45.0,8.0,256.0,6.8,120,3,1.0,android,64.0,32.0,0,1080,2400,False,False,False,1,0,0,0,1,0,0,0,0,0,0,0,0,0.3012411748835863,0.8819803711792626,1.3186846307993485,0.3468167121257133,0.19931135156624413,0.5347057499317991,1.1008739886393968,0.7693480566324982,0.957926675712042,0.40864983592379833,10.596609732783568,False,444.0,Premium,MediaTek,387.0,4.0,No,Yes,0.10511054941379841
apple,Apple iPhone 12,51999,74.0,1,1,0,bionic,6.0,3.1,3279.0,0,0.0,4.0,64.0,6.1,60,2,1.0,ios,12.0,12.0,0,1170,2532,False,False,False,0,1,0,1,0,0,0,0,0,0,0,0,0,0.7026481495957624,-0.594907664050294,1.4261162719230616,-1.5144000615345716,-1.0999629160362887,-0.9408691503067359,-0.7220399067674711,-1.3181138033214173,-1.1189371495912235,-1.1640756677726773,10.85897976660942,False,578.0,Premium,Apple,457.0,3.0,No,Yes,1.0826487366753976
xiaomi,Xiaomi Redmi K50i 5G,22999,82.0,1,0,1,dimensity,8.0,2.85,5080.0,1,67.0,6.0,128.0,6.6,144,3,1.0,android,64.0,16.0,0,1080,2460,False,False,False,1,0,0,0,1,0,0,0,0,0,0,0,0,-0.26741870595866307,0.47919272520756534,0.8889580663044995,0.2676581039955577,0.8345121046163714,-0.2030817001874684,-0.11440194163184854,0.1729303823599505,1.7886722058333482,0.40864983592379833,10.043206015705211,False,256.0,Mid-range,MediaTek,407.0,4.0,No,Yes,0.3844071743456839
samsung,Samsung Galaxy A53 5G,31999,87.0,1,1,0,exynos,8.0,2.4,5000.0,1,25.0,6.0,128.0,6.5,120,4,1.0,android,64.0,32.0,1,1080,2400,False,False,False,1,0,0,0,0,1,0,0,0,0,0,0,0,0.033636525075468965,1.1505054684937275,-0.07792670380891248,0.18849949586540202,-0.37814387847932607,-0.2030817001874684,-0.11440194163184854,-0.125278454776322,0.957926675712042,0.40864983592379833,10.373459931293572,False,356.0,Premium,Samsung,405.0,5.0,No,Yes,0.3564775118524954
xiaomi,Xiaomi Redmi A1,6171,69.0,0,0,0,helio,4.0,2.0,5000.0,1,10.0,2.0,32.0,6.52,60,2,1.0,android,8.0,5.0,1,720,1600,True,False,False,1,0,0,0,0,0,0,1,0,0,0,0,0,-0.8303250868300379,-1.2662204073364562,-0.9373798327986115,0.18849949586540202,-0.8112353010135037,-1.6786566004260035,-1.0258588893352825,-0.06563668734906855,-1.1189371495912235,-1.2850545526724062,8.727616178321068,False,69.0,Budget,MediaTek,269.0,3.0,No,No,-1.542739537684326
oppo,OPPO Reno8 5G,29340,83.0,1,1,0,dimensity,8.0,3.0,4500.0,1,80.0,8.0,128.0,6.43,90,3,1.0,android,50.0,32.0,0,1080,2400,False,False,False,1,0,0,0,1,0,0,0,0,0,0,0,0,-0.05530857040450404,0.6134552738647978,1.2112529896756365,-0.30624180494807085,1.2098580041459919,0.5347057499317991,-0.11440194163184854,-0.33402464077171434,-0.0805052369395907,-0.014776261225252826,10.286707051696972,False,326.0,Mid-range,MediaTek,409.0,4.0,No,Yes,0.41233683683887246
samsung,Samsung Galaxy M53 5G (8GB RAM + 128GB),25289,87.0,1,0,0,dimensity,8.0,2.4,5000.0,1,25.0,8.0,128.0,6.7,120,4,1.0,android,108.0,32.0,1,1080,2400,False,False,False,1,0,0,0,1,0,0,0,0,0,0,0,0,-0.19081687495108948,1.1505054684937275,-0.07792670380891248,0.18849949586540202,-0.37814387847932607,0.5347057499317991,-0.11440194163184854,0.47113921949622567,0.957926675712042,1.739417569820816,10.138124797561552,False,281.0,Mid-range,MediaTek,393.0,5.0,No,Yes,0.18889953689336406
iqoo,iQOO Z6 Pro 5G,21788,78.0,1,0,0,snapdragon,8.0,2.4,4700.0,1,66.0,6.0,128.0,6.44,90,3,1.0,android,64.0,16.0,0,1080,2404,False,False,False,1,0,0,0,0,0,0,0,0,0,1,0,0,-0.30792735982336683,-0.05785746942136435,-0.07792670380891248,-0.10834528462268171,0.8056393431140928,-0.2030817001874684,-0.11440194163184854,-0.30420375705808494,-0.0805052369395907,0.40864983592379833,9.989114638503565,False,242.0,Mid-range,Qualcomm,409.0,4.0,No,Yes,0.41233683683887246
samsung,Samsung Galaxy S23,70990,88.0,1,1,0,snapdragon,8.0,3.2,3900.0,1,25.0,8.0,128.0,6.1,120,3,1.0,android,50.0,12.0,0,1080,2340,False,False,False,1,0,0,0,0,0,0,0,0,0,1,0,0,1.337908137659007,1.28476801715096,1.6409795541704866,-0.8999313659242383,-0.37814387847932607,0.5347057499317991,-0.11440194163184854,-1.3181138033214173,0.957926675712042,-0.014776261225252826,11.170294301033431,False,789.0,Flagship,Qualcomm,422.0,4.0,No,Yes,0.5938796430445981
motorola,Motorola Edge 30 Pro 5G,34999,89.0,1,1,0,snapdragon,8.0,3.0,4800.0,1,68.0,8.0,128.0,6.7,144,3,1.0,android,50.0,60.0,0,1080,2400,False,False,False,1,0,0,0,0,0,0,0,0,0,1,0,0,0.13398826875351297,1.4190305658081923,1.2112529896756365,-0.009397024459987136,0.8633848661186498,0.5347057499317991,-0.11440194163184854,0.47113921949622567,1.7886722058333482,-0.014776261225252826,10.463074768634808,False,389.0,Premium,Qualcomm,393.0,4.0,No,Yes,0.18889953689336406
oneplus,OnePlus Nord 2T (12GB RAM + 256GB),33900,85.0,1,1,0,dimensity,8.0,3.0,4500.0,1,80.0,12.0,256.0,6.43,90,3,1.0,android,50.0,32.0,0,1080,2400,False,False,False,1,0,0,0,1,0,0,0,0,0,0,0,0,0.09722607998612286,0.8819803711792626,1.2112529896756365,-0.30624180494807085,1.2098580041459919,2.0102806501703343,1.1008739886393968,-0.33402464077171434,-0.0805052369395907,-0.014776261225252826,10.431170293368542,False,377.0,Premium,MediaTek,409.0,4.0,No,Yes,0.41233683683887246
google,Google Pixel 6A,29999,71.0,1,1,0,google,8.0,2.8,4410.0,1,30.0,6.0,128.0,6.14,60,2,1.0,android,12.2,8.0,0,1080,2400,False,True,True,1,0,0,0,0,0,1,0,0,0,0,0,0,-0.03326463737656037,-0.9976953100219913,0.7815264251807865,-0.395295239094496,-0.23378007096793352,-0.2030817001874684,-0.11440194163184854,-1.1988302684669079,-1.1189371495912235,-1.158026723527691,10.308919326755392,False,333.0,Mid-range,Google,429.0,3.0,No,Yes,0.6916334617707579
infinix,Infinix Note 12 Pro 5G,18999,84.0,1,0,0,dimensity,8.0,2.4,5000.0,1,33.0,8.0,128.0,6.7,60,3,1.0,android,108.0,16.0,1,1080,2400,False,False,False,1,0,0,0,1,0,0,0,0,0,0,0,0,-0.40122103086272176,0.7477178225220302,-0.07792670380891248,0.18849949586540202,-0.14716178646109798,0.5347057499317991,-0.11440194163184854,0.47113921949622567,-1.1189371495912235,1.739417569820816,9.85214162518454,False,211.0,Mid-range,MediaTek,393.0,4.0,No,Yes,0.18889953689336406
samsung,Samsung Galaxy M33 5G (8GB RAM + 128GB),19499,84.0,1,1,0,exynos,8.0,2.4,6000.0,1,25.0,8.0,128.0,6.6,120,4,1.0,android,50.0,8.0,1,1080,2400,False,False,False,1,0,0,0,0,1,0,0,0,0,0,0,0,-0.3844957402497144,0.7477178225220302,-0.07792670380891248,1.1779820974923478,-0.37814387847932607,0.5347057499317991,-0.11440194163184854,0.1729303823599505,0.957926675712042,-0.014776261225252826,9.878118461185586,False,217.0,Mid-range,Samsung,399.0,5.0,No,Yes,0.27268852437292973
vivo,Vivo V23 5G,24994,83.0,1,0,0,dimensity,8.0,2.5,4200.0,1,44.0,8.0,128.0,6.44,90,3,2.0,android,64.0,50.0,0,1080,2400,False,False,False,1,0,0,0,1,0,0,0,0,0,0,0,0,-0.2006847964127638,0.6134552738647978,0.1369365784385125,-0.6030865854361546,0.17043859006396564,0.5347057499317991,-0.11440194163184854,-0.30420375705808494,-0.0805052369395907,0.40864983592379833,10.12639107504573,False,278.0,Mid-range,MediaTek,409.0,5.0,No,Yes,0.41233683683887246
motorola,Motorola Moto G42,10999,78.0,0,1,0,snapdragon,8.0,2.4,5000.0,1,20.0,4.0,64.0,6.47,60,3,1.0,android,50.0,16.0,1,1080,2400,False,False,False,1,0,0,0,0,0,0,0,0,0,1,0,0,-0.6688256806708391,-0.05785746942136435,-0.07792670380891248,0.18849949586540202,-0.5225076859907186,-0.9408691503067359,-0.7220399067674711,-0.2147411059172048,-1.1189371495912235,-0.014776261225252826,9.305559638557117,False,122.0,Budget,Qualcomm,407.0,4.0,No,No,0.3844071743456839
oneplus,OnePlus Nord CE 2 Lite 5G (8GB RAM + 256GB),24999,85.0,1,0,0,snapdragon,8.0,2.2,5000.0,1,33.0,8.0,256.0,6.59,120,3,1.0,android,64.0,16.0,1,1080,2412,False,False,False,1,0,0,0,0,0,0,0,0,0,1,0,0,-0.20051754350663373,0.8819803711792626,-0.5076532683037616,0.18849949586540202,-0.14716178646109798,0.5347057499317991,1.1008739886393968,0.1431094986463238,0.957926675712042,0.40864983592379833,10.126591103050316,False,278.0,Mid-range,Qualcomm,401.0,4.0,No,Yes,0.30061818686611824
samsung,Samsung Galaxy A33 5G,25999,82.0,1,1,0,exynos,8.0,2.4,5000.0,1,25.0,6.0,128.0,6.4,90,4,1.0,android,48.0,13.0,1,1080,2400,False,False,False,1,0,0,0,0,1,0,0,0,0,0,0,0,-0.16706696228061904,0.47919272520756534,-0.07792670380891248,0.18849949586540202,-0.37814387847932607,-0.2030817001874684,-0.11440194163184854,-0.4234872919125945,-0.0805052369395907,-0.07526570367511727,10.165813354725493,False,289.0,Mid-range,Samsung,411.0,5.0,No,Yes,0.440266499332061
google,Google Pixel 7A,34990,69.0,1,1,0,google,8.0,2.8,4410.0,1,30.0,6.0,128.0,6.1,90,2,1.0,android,12.2,8.0,0,1080,2400,False,True,True,1,0,0,0,0,0,1,0,0,0,0,0,0,0.13368721352247884,-1.2662204073364562,0.7815264251807865,-0.395295239094496,-0.23378007096793352,-0.2030817001874684,-0.11440194163184854,-1.3181138033214173,-0.0805052369395907,-1.158026723527691,10.462817585361734,False,389.0,Premium,Google,431.0,3.0,No,Yes,0.7195631242639465
xiaomi,Xiaomi Redmi 11 Prime 5G,13466,74.0,1,0,1,dimensity,8.0,2.2,5000.0,1,18.0,4.0,64.0,6.58,90,2,1.0,android,50.0,5.0,1,1080,2408,False,False,False,1,0,0,0,1,0,0,0,0,0,0,0,0,-0.5863030967862609,-0.594907664050294,-0.5076532683037616,0.18849949586540202,-0.5802532089952757,-0.9408691503067359,-0.7220399067674711,0.11328861493269707,-0.0805052369395907,-0.014776261225252826,9.507923269105227,False,150.0,Budget,MediaTek,401.0,3.0,No,Yes,0.30061818686611824
xiaomi,Xiaomi Redmi Note 10 Lite,9999,76.0,0,0,1,snapdragon,8.0,2.3,5020.0,1,18.0,4.0,64.0,6.67,60,4,1.0,android,48.0,16.0,1,1080,2400,False,False,False,1,0,0,0,0,0,0,0,0,0,1,0,0,-0.7022762618968538,-0.3263825667358292,-0.2927899860563375,0.20828914789794092,-0.5802532089952757,-0.9408691503067359,-0.7220399067674711,0.38167656835534286,-1.1189371495912235,-0.07526570367511727,9.21024036697585,False,111.0,Budget,Qualcomm,395.0,5.0,No,No,0.2168291993865526
motorola,Motorola Moto E40,7999,71.0,0,0,0,unisoc,8.0,1.8,5000.0,0,0.0,4.0,64.0,6.5,90,3,1.0,android,48.0,8.0,1,720,1600,False,False,False,1,0,0,0,0,0,0,0,0,0,0,1,0,-0.7691774243488831,-0.9976953100219913,-1.367106397293461,0.18849949586540202,-1.0999629160362887,-0.9408691503067359,-0.7220399067674711,-0.125278454776322,-0.0805052369395907,-0.07526570367511727,8.987071812848821,False,89.0,Budget,Unisoc,270.0,4.0,No,No,-1.5287747064377317
nothing,Nothing Phone 1 (8GB RAM + 256GB),28249,86.0,1,1,0,snapdragon,8.0,2.5,4500.0,1,33.0,8.0,256.0,6.55,120,2,1.0,android,50.0,16.0,0,1080,2400,False,False,False,1,0,0,0,0,0,0,0,0,0,1,0,0,-0.09180315452208605,1.016242919836495,0.1369365784385125,-0.30624180494807085,-0.14716178646109798,0.5347057499317991,1.1008739886393968,0.023825963791814262,0.957926675712042,-0.014776261225252826,10.248813337717966,False,314.0,Mid-range,Qualcomm,402.0,3.0,No,Yes,0.31458301811271255
poco,Poco X4 Pro 5G (6GB RAM + 128GB),16499,82.0,1,0,1,snapdragon,8.0,2.2,5000.0,1,67.0,6.0,128.0,6.67,120,3,1.0,android,64.0,16.0,1,1080,2400,False,False,False,1,0,0,0,0,0,0,0,0,0,1,0,0,-0.4848474839277584,0.47919272520756534,-0.5076532683037616,0.18849949586540202,0.8345121046163714,-0.2030817001874684,-0.11440194163184854,0.38167656835534286,0.957926675712042,0.40864983592379833,9.711055051991444,False,183.0,Mid-range,Qualcomm,395.0,4.0,No,Yes,0.2168291993865526
xiaomi,Xiaomi Redmi Note 11 Pro Plus 5G (8GB RAM + 256GB),22999,87.0,1,0,1,snapdragon,8.0,2.2,5000.0,1,67.0,8.0,256.0,6.67,120,3,1.0,android,108.0,16.0,1,1080,2400,False,False,False,1,0,0,0,0,0,0,0,0,0,1,0,0,-0.26741870595866307,1.1505054684937275,-0.5076532683037616,0.18849949586540202,0.8345121046163714,0.5347057499317991,1.1008739886393968,0.38167656835534286,0.957926675712042,1.739417569820816,10.043206015705211,False,256.0,Mid-range,Qualcomm,395.0,4.0,No,Yes,0.2168291993865526
apple,Apple iPhone 11 (128GB),46999,75.0,0,1,0,bionic,6.0,2.65,3110.0,0,0.0,4.0,128.0,6.1,60,2,1.0,ios,12.0,12.0,0,828,1792,False,False,False,0,1,0,1,0,0,0,0,0,0,0,0,0,0.535395243465689,-0.46064511539306163,0.4592315018096495,-1.6816226212095253,-1.0999629160362887,-0.9408691503067359,-0.11440194163184854,-1.3181138033214173,-1.1189371495912235,-1.1640756677726773,10.757881603870102,False,522.0,Premium,Apple,324.0,3.0,No,No,-0.7746738191216409
realme,Realme C35 (6GB RAM + 128GB),13999,74.0,0,0,0,unisoc,8.0,1.8,5000.0,1,18.0,6.0,128.0,6.6,90,3,1.0,android,50.0,8.0,1,1080,2408,False,False,False,1,0,0,0,0,0,0,0,0,0,0,1,0,-0.5684739369927951,-0.594907664050294,-1.367106397293461,0.18849949586540202,-0.5802532089952757,-0.2030817001874684,-0.11440194163184854,0.1729303823599505,-0.0805052369395907,-0.014776261225252826,9.546741177474825,False,156.0,Budget,Unisoc,400.0,4.0,No,No,0.286653355619524
oppo,OPPO K10,13490,78.0,0,0,0,snapdragon,8.0,2.4,5000.0,1,33.0,6.0,128.0,6.59,90,3,1.0,android,50.0,16.0,1,1080,2412,False,False,False,1,0,0,0,0,0,0,0,0,0,1,0,0,-0.5855002828368365,-0.05785746942136435,-0.07792670380891248,0.18849949586540202,-0.14716178646109798,-0.2030817001874684,-0.11440194163184854,0.1431094986463238,-0.0805052369395907,-0.014776261225252826,9.509703949201802,False,150.0,Budget,Qualcomm,401.0,4.0,No,No,0.30061818686611824
iqoo,iQOO Neo 6 5G,28999,82.0,1,0,1,snapdragon,8.0,3.2,4700.0,1,80.0,8.0,128.0,6.62,120,3,1.0,android,64.0,16.0,0,1080,2400,False,False,False,1,0,0,0,0,0,0,0,0,0,1,0,0,-0.06671521860257504,0.47919272520756534,1.6409795541704866,-0.10834528462268171,1.2098580041459919,0.5347057499317991,-0.11440194163184854,0.2325721497872066,0.957926675712042,0.40864983592379833,10.275016625615446,False,322.0,Mid-range,Qualcomm,398.0,4.0,No,Yes,0.2587236931263354
iqoo,iQOO Z6 5G,15499,78.0,1,0,0,snapdragon,8.0,2.2,5000.0,1,18.0,4.0,128.0,6.58,120,3,1.0,android,50.0,16.0,1,1080,2408,False,False,False,1,0,0,0,0,0,0,0,0,0,1,0,0,-0.5182980651537731,-0.05785746942136435,-0.5076532683037616,0.18849949586540202,-0.5802532089952757,-0.9408691503067359,-0.11440194163184854,0.11328861493269707,0.957926675712042,-0.014776261225252826,9.648530784697051,False,172.0,Mid-range,Qualcomm,401.0,4.0,No,Yes,0.30061818686611824
oppo,OPPO Reno 9 Pro 5G,39999,86.0,1,1,0,dimensity,8.0,2.85,4500.0,1,67.0,16.0,256.0,6.7,120,2,1.0,android,50.0,32.0,0,1080,2412,False,False,False,1,0,0,0,1,0,0,0,0,0,0,0,0,0.3012411748835863,1.016242919836495,0.8889580663044995,-0.30624180494807085,0.8345121046163714,3.485855550408869,1.1008739886393968,0.47113921949622567,0.957926675712042,-0.014776261225252826,10.596609732783568,False,444.0,Premium,MediaTek,394.0,3.0,No,Yes,0.20286436813995834
poco,Poco M4 Pro 5G,12999,76.0,1,0,1,dimensity,8.0,2.4,5000.0,1,33.0,4.0,64.0,6.6,90,2,1.0,android,50.0,16.0,1,1080,2400,False,False,False,1,0,0,0,1,0,0,0,0,0,0,0,0,-0.6019245182188098,-0.3263825667358292,-0.07792670380891248,0.18849949586540202,-0.14716178646109798,-0.9408691503067359,-0.7220399067674711,0.1729303823599505,-0.0805052369395907,-0.014776261225252826,9.47262771040802,False,144.0,Budget,MediaTek,399.0,3.0,No,Yes,0.27268852437292973
jio,Jio Phone 3,4499,69.0,0,0,0,unknown,4.0,1.4,2800.0,0,0.0,2.0,64.0,5.0,60,1,1.0,android,5.0,2.0,1,720,1280,True,False,False,1,0,0,0,0,0,0,0,0,0,0,0,1,-0.8862544586399345,-1.2662204073364562,-2.2265595262831606,-1.9883622277138786,-1.0999629160362887,-1.6786566004260035,-0.7220399067674711,-4.598411011820425,-1.1189371495912235,-1.375788716347203,8.411610428841172,True,50.0,Budget,Unknown,294.0,2.0,No,No,-1.1936187565194691
oneplus,OnePlus Clover,14999,69.0,0,0,0,snapdragon,8.0,1.8,6000.0,1,18.0,4.0,64.0,6.52,60,3,1.0,android,13.0,8.0,1,720,1560,False,False,False,1,0,0,0,0,0,0,0,0,0,1,0,0,-0.5350233557667804,-1.2662204073364562,-1.367106397293461,1.1779820974923478,-0.5802532089952757,-0.9408691503067359,-0.7220399067674711,-0.06563668734906855,-1.1189371495912235,-1.1338309465477452,9.61573881119536,False,167.0,Budget,Qualcomm,264.0,4.0,No,No,-1.6125636939172974
samsung,Samsung Galaxy F04,8499,68.0,0,0,0,helio,8.0,2.3,5000.0,1,15.0,4.0,64.0,6.5,60,2,1.0,android,13.0,5.0,1,720,1600,False,False,False,1,0,0,0,0,0,0,1,0,0,0,0,0,-0.7524521337358758,-1.4004829559936887,-0.2927899860563375,0.18849949586540202,-0.6668714935021112,-0.9408691503067359,-0.7220399067674711,-0.125278454776322,-1.1189371495912235,-1.1338309465477452,9.047703788498627,False,94.0,Budget,MediaTek,270.0,3.0,No,No,-1.5287747064377317
iqoo,iQOO 7,24990,83.0,1,1,0,snapdragon,8.0,3.2,4400.0,1,66.0,8.0,128.0,6.62,120,3,1.0,android,48.0,16.0,0,1080,2400,False,False,False,1,0,0,0,0,0,0,0,0,0,1,0,0,-0.20081859873766786,0.6134552738647978,1.6409795541704866,-0.40519006511076544,0.8056393431140928,0.5347057499317991,-0.11440194163184854,0.2325721497872066,0.957926675712042,-0.07526570367511727,10.126231023828998,False,278.0,Mid-range,Qualcomm,398.0,4.0,No,Yes,0.2587236931263354
samsung,Samsung Galaxy M34 5G,16999,84.0,1,1,0,exynos,8.0,2.4,6000.0,1,25.0,6.0,128.0,6.5,120,4,1.0,android,64.0,32.0,1,1080,2400,False,False,False,1,0,0,0,0,1,0,0,0,0,0,0,0,-0.4681221933147511,0.7477178225220302,-0.07792670380891248,1.1779820974923478,-0.37814387847932607,-0.2030817001874684,-0.11440194163184854,-0.125278454776322,0.957926675712042,0.40864983592379833,9.74090979777877,False,189.0,Mid-range,Samsung,405.0,5.0,No,Yes,0.3564775118524954
xiaomi,Xiaomi Redmi 10,9589,71.0,0,0,0,snapdragon,8.0,2.4,6000.0,1,18.0,4.0,64.0,6.7,60,2,1.0,android,50.0,5.0,1,720,1600,False,False,False,1,0,0,0,0,0,0,0,0,0,1,0,0,-0.7159910001995198,-0.9976953100219913,-0.07792670380891248,1.1779820974923478,-0.5802532089952757,-0.9408691503067359,-0.7220399067674711,0.47113921949622567,-1.1189371495912235,-0.014776261225252826,9.16837188715368,False,107.0,Budget,Qualcomm,262.0,3.0,No,No,-1.640493356410486
apple,Apple iPhone 12 Mini,40999,74.0,1,1,0,bionic,6.0,3.1,3279.0,0,0.0,4.0,64.0,5.4,60,2,1.0,ios,12.0,12.0,0,1080,2340,False,False,False,0,1,0,1,0,0,0,0,0,0,0,0,0,0.334691756109601,-0.594907664050294,1.4261162719230616,-1.5144000615345716,-1.0999629160362887,-0.9408691503067359,-0.7220399067674711,-3.40557566327533,-1.1189371495912235,-1.1640756677726773,10.621302955145095,True,456.0,Premium,Apple,477.0,3.0,No,Yes,1.3619453616072832
xiaomi,Xiaomi Redmi Note 12 (6GB RAM + 128GB),19988,79.0,1,0,1,snapdragon,8.0,2.0,5000.0,1,33.0,6.0,128.0,6.67,120,3,1.0,android,48.0,13.0,1,1080,2400,False,False,False,1,0,0,0,0,0,0,0,0,0,1,0,0,-0.3681384060301932,0.07640507923586808,-0.9373798327986115,0.18849949586540202,-0.14716178646109798,-0.2030817001874684,-0.11440194163184854,0.38167656835534286,0.957926675712042,-0.07526570367511727,9.902887372464095,False,222.0,Mid-range,Qualcomm,395.0,4.0,No,Yes,0.2168291993865526
motorola,Motorola Moto G52,11999,75.0,0,1,0,snapdragon,8.0,2.4,5000.0,1,33.0,4.0,64.0,6.6,90,3,1.0,android,50.0,16.0,1,2460,1080,False,False,False,1,0,0,0,0,0,0,0,0,0,1,0,0,-0.6353750994448244,-0.46064511539306163,-0.07792670380891248,0.18849949586540202,-0.14716178646109798,-0.9408691503067359,-0.7220399067674711,0.1729303823599505,-0.0805052369395907,-0.014776261225252826,9.392578591964389,False,133.0,Budget,Qualcomm,407.0,4.0,No,No,0.3844071743456839
apple,Apple iPhone 15 Pro Max,142990,79.0,1,1,0,bionic,8.0,3.22,4352.0,1,25.0,8.0,256.0,6.68,120,3,1.0,ios,50.0,12.0,0,1284,2778,False,True,False,0,1,0,1,0,0,0,0,0,0,0,0,0,3.746349985932063,0.07640507923586808,1.6839522106199716,-0.4526852299888588,-0.37814387847932607,0.5347057499317991,1.1008739886393968,0.4114974520689696,0.957926675712042,-0.014776261225252826,11.870529976726893,True,1589.0,Flagship,Apple,458.0,4.0,No,Yes,1.096613567921992
oppo,Oppo A98,30990,87.0,1,1,0,snapdragon,8.0,3.0,5000.0,1,67.0,8.0,128.0,6.7,120,2,1.0,android,108.0,16.0,1,1080,2412,False,False,False,1,0,0,0,0,0,0,0,0,0,1,0,0,-0.00011511138157983544,1.1505054684937275,1.2112529896756365,0.18849949586540202,0.8345121046163714,0.5347057499317991,-0.11440194163184854,0.47113921949622567,0.957926675712042,1.739417569820816,10.341419850781794,False,344.0,Premium,Qualcomm,394.0,3.0,No,Yes,0.20286436813995834
infinix,Infinix Zero 5G 2023,19499,85.0,1,0,0,dimensity,8.0,2.6,5000.0,1,33.0,8.0,256.0,6.78,120,3,1.0,android,50.0,16.0,1,1080,2460,False,False,False,1,0,0,0,1,0,0,0,0,0,0,0,0,-0.3844957402497144,0.8819803711792626,0.3517998606859375,0.18849949586540202,-0.14716178646109798,0.5347057499317991,1.1008739886393968,0.7097062892052447,0.957926675712042,-0.014776261225252826,9.878118461185586,False,217.0,Mid-range,MediaTek,396.0,4.0,No,Yes,0.23079403063314688
realme,Realme C30,5299,69.0,0,0,0,unisoc,8.0,1.82,5000.0,0,0.0,2.0,32.0,6.5,60,1,1.0,android,8.0,5.0,1,720,1600,True,False,False,1,0,0,0,0,0,0,0,0,0,0,1,0,-0.8594939936591227,-1.2662204073364562,-1.324133740843976,0.18849949586540202,-1.0999629160362887,-1.6786566004260035,-1.0258588893352825,-0.125278454776322,-1.1189371495912235,-1.2850545526724062,8.575273402492762,False,59.0,Budget,Unisoc,270.0,2.0,No,No,-1.5287747064377317
oppo,OPPO F21 Pro 5G,25969,82.0,1,0,0,snapdragon,8.0,2.2,4500.0,1,33.0,8.0,128.0,6.43,60,3,1.0,android,64.0,16.0,1,1080,2400,False,False,False,1,0,0,0,0,0,0,0,0,0,1,0,0,-0.1680704797173995,0.47919272520756534,-0.5076532683037616,-0.30624180494807085,-0.14716178646109798,0.5347057499317991,-0.11440194163184854,-0.33402464077171434,-1.1189371495912235,0.40864983592379833,10.164658797946995,False,289.0,Mid-range,Qualcomm,409.0,4.0,No,Yes,0.41233683683887246
realme,Realme 11 Pro,28999,82.0,1,0,0,snapdragon,8.0,3.0,5000.0,1,65.0,6.0,128.0,6.4,120,3,1.0,android,64.0,32.0,1,1080,2400,False,False,False,1,0,0,0,0,0,0,0,0,0,1,0,0,-0.06671521860257504,0.47919272520756534,1.2112529896756365,0.18849949586540202,0.7767665816118143,-0.2030817001874684,-0.11440194163184854,-0.4234872919125945,0.957926675712042,0.40864983592379833,10.275016625615446,False,322.0,Mid-range,Qualcomm,411.0,4.0,No,Yes,0.440266499332061
oppo,Oppo Find N2 5G,94990,86.0,1,1,0,snapdragon,8.0,3.2,4520.0,1,67.0,12.0,256.0,7.1,120,3,2.0,android,50.0,32.0,0,1792,1920,True,False,False,1,0,0,0,0,0,0,0,0,0,1,0,0,2.140722087083359,1.016242919836495,1.6409795541704866,-0.28645215291553194,0.8345121046163714,2.0102806501703343,1.1008739886393968,1.6639745680413183,0.957926675712042,-0.014776261225252826,11.461526901884229,False,1055.0,Flagship,Qualcomm,370.0,5.0,No,Yes,-0.13229158177830425
realme,Realme 9 4G,14999,81.0,0,0,0,snapdragon,8.0,2.4,5000.0,1,33.0,6.0,128.0,6.4,90,3,1.0,android,108.0,16.0,1,1080,2400,False,False,False,1,0,0,0,0,0,0,0,0,0,1,0,0,-0.5350233557667804,0.3449301765503329,-0.07792670380891248,0.18849949586540202,-0.14716178646109798,-0.2030817001874684,-0.11440194163184854,-0.4234872919125945,-0.0805052369395907,1.739417569820816,9.61573881119536,False,167.0,Budget,Qualcomm,411.0,4.0,No,No,0.440266499332061
cola,Cola Phone,14999,74.0,0,0,0,helio,8.0,2.2,5000.0,1,33.0,4.0,64.0,6.4,90,2,1.0,android,50.0,16.0,1,1080,2400,False,False,False,1,0,0,0,0,0,0,1,0,0,0,0,0,-0.5350233557667804,-0.594907664050294,-0.5076532683037616,0.18849949586540202,-0.14716178646109798,-0.9408691503067359,-0.7220399067674711,-0.4234872919125945,-0.0805052369395907,-0.014776261225252826,9.61573881119536,False,167.0,Budget,MediaTek,411.0,3.0,No,No,0.440266499332061
apple,Apple iPhone 13 Pro Max,129900,84.0,1,1,0,bionic,6.0,3.22,4352.0,1,18.0,6.0,128.0,6.7,120,3,1.0,ios,12.0,12.0,0,1284,2778,False,False,True,0,1,0,1,0,0,0,0,0,0,0,0,0,3.3084818776835307,0.7477178225220302,1.6839522106199716,-0.4526852299888588,-0.5802532089952757,-0.2030817001874684,-0.11440194163184854,0.47113921949622567,0.957926675712042,-1.1640756677726773,11.77452020265869,True,1443.0,Flagship,Apple,457.0,4.0,No,Yes,1.0826487366753976
oppo,Oppo Reno 10 Pro Plus,58990,88.0,1,1,0,snapdragon,8.0,3.2,4700.0,1,80.0,12.0,256.0,6.73,120,4,1.0,android,64.0,32.0,0,1080,2412,False,False,False,1,0,0,0,0,0,0,0,0,0,1,0,0,0.936501162946831,1.28476801715096,1.6409795541704866,-0.10834528462268171,1.2098580041459919,2.0102806501703343,1.1008739886393968,0.5606018706371084,0.957926675712042,0.40864983592379833,10.98512321699712,False,655.0,Premium,Qualcomm,393.0,5.0,No,Yes,0.18889953689336406
vivo,Vivo X90 5G,41990,88.0,1,1,1,dimensity,8.0,3.05,4810.0,1,120.0,8.0,128.0,6.78,120,3,1.0,android,50.0,32.0,0,1260,2800,False,False,False,1,0,0,0,1,0,0,0,0,0,0,0,0,0.36784128210458156,1.28476801715096,1.3186846307993485,0.0004978015562823219,2.364768464237132,0.5347057499317991,-0.11440194163184854,0.7097062892052447,0.957926675712042,-0.014776261225252826,10.645186773678239,False,467.0,Premium,MediaTek,453.0,4.0,No,Yes,1.0267894116890206
samsung,Samsung Galaxy F13,10999,74.0,0,1,0,exynos,8.0,2.0,6000.0,1,15.0,4.0,64.0,6.6,60,3,1.0,android,50.0,8.0,1,2408,1080,False,False,False,1,0,0,0,0,1,0,0,0,0,0,0,0,-0.6688256806708391,-0.594907664050294,-0.9373798327986115,1.1779820974923478,-0.6668714935021112,-0.9408691503067359,-0.7220399067674711,0.1729303823599505,-1.1189371495912235,-0.014776261225252826,9.305559638557117,False,122.0,Budget,Samsung,400.0,4.0,No,No,0.286653355619524
xiaomi,Xiaomi Redmi Note 10S (6GB RAM + 128GB),11999,79.0,0,0,1,helio,8.0,2.05,5000.0,1,33.0,6.0,128.0,6.43,60,4,1.0,android,64.0,13.0,1,1080,2400,False,False,False,1,0,0,0,0,0,0,1,0,0,0,0,0,-0.6353750994448244,0.07640507923586808,-0.8299481916748995,0.18849949586540202,-0.14716178646109798,-0.2030817001874684,-0.11440194163184854,-0.33402464077171434,-1.1189371495912235,0.40864983592379833,9.392578591964389,False,133.0,Budget,MediaTek,409.0,5.0,No,No,0.41233683683887246
realme,Realme 10 (8GB RAM + 128GB),16999,79.0,0,0,0,helio,8.0,2.2,5000.0,1,33.0,8.0,128.0,6.4,90,2,1.0,android,50.0,16.0,1,1080,2400,False,False,False,1,0,0,0,0,0,0,1,0,0,0,0,0,-0.4681221933147511,0.07640507923586808,-0.5076532683037616,0.18849949586540202,-0.14716178646109798,0.5347057499317991,-0.11440194163184854,-0.4234872919125945,-0.0805052369395907,-0.014776261225252826,9.74090979777877,False,189.0,Mid-range,MediaTek,411.0,3.0,No,No,0.440266499332061
iqoo,iQOO 9 SE 5G,30990,83.0,1,1,0,snapdragon,8.0,2.84,4500.0,1,66.0,8.0,128.0,6.62,120,3,1.0,android,48.0,16.0,0,1080,2400,False,False,False,1,0,0,0,0,0,0,0,0,0,1,0,0,-0.00011511138157983544,0.6134552738647978,0.8674717380797565,-0.30624180494807085,0.8056393431140928,0.5347057499317991,-0.11440194163184854,0.2325721497872066,0.957926675712042,-0.07526570367511727,10.341419850781794,False,344.0,Premium,Qualcomm,398.0,4.0,No,Yes,0.2587236931263354
infinix,Infinix Hot 20,17999,75.0,1,0,0,dimensity,8.0,2.4,5000.0,1,18.0,4.0,64.0,6.6,120,2,1.0,android,50.0,8.0,1,1080,2408,False,False,False,1,0,0,0,1,0,0,0,0,0,0,0,0,-0.4346716120887364,-0.46064511539306163,-0.07792670380891248,0.18849949586540202,-0.5802532089952757,-0.9408691503067359,-0.7220399067674711,0.1729303823599505,0.957926675712042,-0.014776261225252826,9.798071479779479,False,200.0,Mid-range,MediaTek,400.0,3.0,No,Yes,0.286653355619524
leeco,Letv Y1 Pro,5499,69.0,0,0,0,unisoc,4.0,2.0,4000.0,0,0.0,4.0,32.0,6.54,60,2,1.0,android,8.0,5.0,0,720,1560,True,False,False,1,0,0,0,0,0,0,0,0,0,0,1,0,-0.8528038774139198,-1.2662204073364562,-0.9373798327986115,-0.8009831057615437,-1.0999629160362887,-0.9408691503067359,-1.0258588893352825,-0.005994919921812458,-1.1189371495912235,-1.2850545526724062,8.612321536507814,False,61.0,Budget,Unisoc,263.0,3.0,No,No,-1.6265285251638917
xiaomi,Xiaomi Redmi Note 13 Pro Max 5G,20499,83.0,1,0,1,snapdragon,8.0,2.36,5200.0,1,67.0,6.0,128.0,6.67,120,4,1.0,android,108.0,32.0,1,1080,2460,False,False,False,1,0,0,0,0,0,0,0,0,0,1,0,0,-0.35104515902369976,0.6134552738647978,-0.16387201670788248,0.38639601619079117,0.8345121046163714,-0.2030817001874684,-0.11440194163184854,0.38167656835534286,0.957926675712042,1.739417569820816,9.928131383448887,False,228.0,Mid-range,Qualcomm,403.0,5.0,No,Yes,0.3285478493593068
realme,Realme Narzo 50 Pro 5G,20490,81.0,1,0,0,dimensity,8.0,2.5,5000.0,1,33.0,6.0,128.0,6.4,90,3,1.0,android,48.0,16.0,1,1080,2400,False,False,False,1,0,0,0,1,0,0,0,0,0,0,0,0,-0.3513462142547339,0.3449301765503329,0.1369365784385125,0.18849949586540202,-0.14716178646109798,-0.2030817001874684,-0.11440194163184854,-0.4234872919125945,-0.0805052369395907,-0.07526570367511727,9.927692241232945,False,228.0,Mid-range,MediaTek,411.0,4.0,No,Yes,0.440266499332061
oppo,OPPO A74 5G,15490,77.0,1,0,0,snapdragon,8.0,2.0,5000.0,1,18.0,6.0,128.0,6.5,90,3,1.0,android,48.0,8.0,1,1080,2400,False,False,False,1,0,0,0,0,0,0,0,0,0,1,0,0,-0.5185991203848073,-0.19212001807859677,-0.9373798327986115,0.18849949586540202,-0.5802532089952757,-0.2030817001874684,-0.11440194163184854,-0.125278454776322,-0.0805052369395907,-0.07526570367511727,9.647949933410914,False,172.0,Mid-range,Qualcomm,405.0,4.0,No,Yes,0.3564775118524954
iqoo,iQOO Z6 Lite (6GB RAM + 128GB),15499,79.0,1,0,0,snapdragon,8.0,2.0,5000.0,1,18.0,6.0,128.0,6.58,120,2,1.0,android,50.0,8.0,1,1080,2408,False,False,False,1,0,0,0,0,0,0,0,0,0,1,0,0,-0.5182980651537731,0.07640507923586808,-0.9373798327986115,0.18849949586540202,-0.5802532089952757,-0.2030817001874684,-0.11440194163184854,0.11328861493269707,0.957926675712042,-0.014776261225252826,9.648530784697051,False,172.0,Mid-range,Qualcomm,401.0,3.0,No,Yes,0.30061818686611824
xiaomi,Xiaomi Redmi Note 11SE,11999,80.0,0,0,1,helio,8.0,2.05,5000.0,1,33.0,6.0,64.0,6.43,60,4,1.0,android,64.0,13.0,1,1080,2400,False,False,False,1,0,0,0,0,0,0,1,0,0,0,0,0,-0.6353750994448244,0.2106676278931005,-0.8299481916748995,0.18849949586540202,-0.14716178646109798,-0.2030817001874684,-0.7220399067674711,-0.33402464077171434,-1.1189371495912235,0.40864983592379833,9.392578591964389,False,133.0,Budget,MediaTek,409.0,5.0,No,No,0.41233683683887246
realme,Realme Narzo 50,10999,74.0,0,0,0,helio,8.0,2.0,5000.0,1,33.0,4.0,64.0,6.6,120,3,1.0,android,50.0,16.0,1,1080,2412,False,False,False,1,0,0,0,0,0,0,1,0,0,0,0,0,-0.6688256806708391,-0.594907664050294,-0.9373798327986115,0.18849949586540202,-0.14716178646109798,-0.9408691503067359,-0.7220399067674711,0.1729303823599505,0.957926675712042,-0.014776261225252826,9.305559638557117,False,122.0,Budget,MediaTek,400.0,4.0,No,No,0.286653355619524
vivo,Vivo Y75 5G,21990,82.0,1,0,0,dimensity,8.0,2.2,5000.0,1,18.0,8.0,128.0,6.58,60,3,1.0,android,50.0,16.0,1,1080,2408,False,False,False,1,0,0,0,1,0,0,0,0,0,0,0,0,-0.3011703424157119,0.47919272520756534,-0.5076532683037616,0.18849949586540202,-0.5802532089952757,0.5347057499317991,-0.11440194163184854,0.11328861493269707,-1.1189371495912235,-0.014776261225252826,9.998343083548807,False,244.0,Mid-range,MediaTek,401.0,4.0,No,Yes,0.30061818686611824
vivo,Vivo V25 (12GB RAM + 256GB),31999,85.0,1,0,0,dimensity,8.0,2.0,4500.0,1,44.0,12.0,256.0,6.44,90,3,1.0,android,64.0,50.0,1,1080,2408,False,False,False,1,0,0,0,1,0,0,0,0,0,0,0,0,0.033636525075468965,0.8819803711792626,-0.9373798327986115,-0.30624180494807085,0.17043859006396564,2.0102806501703343,1.1008739886393968,-0.30420375705808494,-0.0805052369395907,0.40864983592379833,10.373459931293572,False,356.0,Premium,MediaTek,410.0,4.0,No,Yes,0.4263016680854667
poco,POCO M4 Pro 4G,11999,77.0,0,0,1,helio,8.0,2.05,5000.0,1,33.0,6.0,64.0,6.43,90,3,1.0,android,64.0,16.0,1,1080,2400,False,False,False,1,0,0,0,0,0,0,1,0,0,0,0,0,-0.6353750994448244,-0.19212001807859677,-0.8299481916748995,0.18849949586540202,-0.14716178646109798,-0.2030817001874684,-0.7220399067674711,-0.33402464077171434,-0.0805052369395907,0.40864983592379833,9.392578591964389,False,133.0,Budget,MediaTek,409.0,4.0,No,No,0.41233683683887246
infinix,Infinix Zero Ultra,36999,89.0,1,0,0,dimensity,8.0,2.5,4500.0,1,180.0,8.0,256.0,6.8,120,3,1.0,android,200.0,32.0,1,1080,2400,False,False,False,1,0,0,0,1,0,0,0,0,0,0,0,0,0.2008894312055423,1.4190305658081923,0.1369365784385125,-0.30624180494807085,4.097134154373843,0.5347057499317991,1.1008739886393968,0.7693480566324982,0.957926675712042,4.521931922514581,10.518646164234097,False,411.0,Premium,MediaTek,387.0,4.0,No,Yes,0.10511054941379841
tecno,Tecno Spark Go 2023,6999,62.0,0,0,0,helio,4.0,2.0,5000.0,1,10.0,3.0,32.0,6.56,60,2,1.0,android,13.0,5.0,1,720,1600,False,False,False,1,0,0,0,0,0,0,1,0,0,0,0,0,-0.8026280055748978,-2.206058247937083,-0.9373798327986115,0.18849949586540202,-0.8112353010135037,-1.3097628753663697,-1.0258588893352825,0.053646847505440985,-1.1189371495912235,-1.1338309465477452,8.85352256068954,False,78.0,Budget,MediaTek,267.0,3.0,No,No,-1.5706692001775144
motorola,Motorola Moto X40,39999,89.0,1,1,0,snapdragon,8.0,3.2,4600.0,1,125.0,8.0,128.0,6.7,165,3,1.0,android,50.0,60.0,0,1080,2400,False,False,False,1,0,0,0,0,0,0,0,0,0,1,0,0,0.3012411748835863,1.4190305658081923,1.6409795541704866,-0.2072935447853763,2.5091322717485247,0.5347057499317991,-0.11440194163184854,0.47113921949622567,2.5155745446894913,-0.014776261225252826,10.596609732783568,False,444.0,Premium,Qualcomm,393.0,4.0,No,Yes,0.18889953689336406
samsung,Samsung Galaxy F24 5G,14999,78.0,1,1,0,snapdragon,8.0,2.2,5000.0,1,25.0,4.0,128.0,6.6,120,3,1.0,android,50.0,8.0,1,1080,2408,False,False,False,1,0,0,0,0,0,0,0,0,0,1,0,0,-0.5350233557667804,-0.05785746942136435,-0.5076532683037616,0.18849949586540202,-0.37814387847932607,-0.9408691503067359,-0.11440194163184854,0.1729303823599505,0.957926675712042,-0.014776261225252826,9.61573881119536,False,167.0,Budget,Qualcomm,400.0,4.0,No,Yes,0.286653355619524
realme,Realme 10 5G,14499,79.0,1,0,0,dimensity,8.0,2.2,5000.0,1,33.0,8.0,128.0,6.6,90,3,1.0,android,50.0,8.0,1,1080,2408,False,False,False,1,0,0,0,1,0,0,0,0,0,0,0,0,-0.5517486463797877,0.07640507923586808,-0.5076532683037616,0.18849949586540202,-0.14716178646109798,0.5347057499317991,-0.11440194163184854,0.1729303823599505,-0.0805052369395907,-0.014776261225252826,9.581834960513193,False,161.0,Budget,MediaTek,400.0,4.0,No,Yes,0.286653355619524
oneplus,OnePlus Nord 3 5G,27999,84.0,1,1,0,dimensity,8.0,3.1,4200.0,1,120.0,8.0,128.0,6.43,90,3,1.0,android,50.0,32.0,0,1080,2400,False,False,False,1,0,0,0,1,0,0,0,0,0,0,0,0,-0.10016579982858971,0.7477178225220302,1.4261162719230616,-0.6030865854361546,2.364768464237132,0.5347057499317991,-0.11440194163184854,-0.33402464077171434,-0.0805052369395907,-0.014776261225252826,10.239924074233857,False,311.0,Mid-range,MediaTek,409.0,4.0,No,Yes,0.41233683683887246
motorola,Motorola Moto G82 (8GB RAM + 128GB),20499,86.0,1,1,0,snapdragon,8.0,2.2,5000.0,1,30.0,8.0,128.0,6.6,120,3,1.0,android,50.0,16.0,1,1080,2400,False,False,False,1,0,0,0,0,0,0,0,0,0,1,0,0,-0.35104515902369976,1.016242919836495,-0.5076532683037616,0.18849949586540202,-0.23378007096793352,0.5347057499317991,-0.11440194163184854,0.1729303823599505,0.957926675712042,-0.014776261225252826,9.928131383448887,False,228.0,Mid-range,Qualcomm,399.0,4.0,No,Yes,0.27268852437292973
ikall,iKall Z19 Pro,8099,60.0,0,0,0,unknown,4.0,1.6,5000.0,0,0.0,4.0,64.0,6.5,60,1,1.0,android,13.0,8.0,1,720,1600,False,False,False,1,0,0,0,0,0,0,0,0,0,0,0,1,-0.7658323662262817,-2.474583345251548,-1.7968329617883105,0.18849949586540202,-1.0999629160362887,-0.9408691503067359,-0.7220399067674711,-0.125278454776322,-1.1189371495912235,-1.1338309465477452,8.99949587624899,False,90.0,Budget,Unknown,270.0,2.0,No,No,-1.5287747064377317
leeco,LeEco S1 Pro,10999,65.0,0,0,0,unisoc,4.0,1.8,5000.0,1,10.0,8.0,128.0,6.5,60,2,1.0,android,13.0,5.0,0,720,1600,False,False,False,1,0,0,0,0,0,0,0,0,0,0,1,0,-0.6688256806708391,-1.803270601965386,-1.367106397293461,0.18849949586540202,-0.8112353010135037,0.5347057499317991,-0.11440194163184854,-0.125278454776322,-1.1189371495912235,-1.1338309465477452,9.305559638557117,False,122.0,Budget,Unisoc,270.0,3.0,No,No,-1.5287747064377317
realme,Realme C2s,3499,63.0,0,0,0,helio,8.0,2.0,4000.0,0,0.0,3.0,32.0,6.1,60,2,1.0,android,13.0,5.0,1,720,1560,False,False,False,1,0,0,0,0,0,0,1,0,0,0,0,0,-0.9197050398659491,-2.0717956992798507,-0.9373798327986115,-0.8009831057615437,-1.0999629160362887,-1.3097628753663697,-1.0258588893352825,-1.3181138033214173,-1.1189371495912235,-1.1338309465477452,8.160232492367689,False,39.0,Budget,MediaTek,282.0,3.0,No,No,-1.3611967314786004
duoqin,Duoqin F22 Pro,9990,69.0,0,0,0,helio,8.0,2.0,2150.0,0,0.0,4.0,64.0,3.54,60,1,1.0,android,8.0,2.0,1,640,960,True,False,False,1,0,0,0,0,0,0,1,0,0,0,0,0,-0.702577317127888,-1.2662204073364562,-0.9373798327986115,-2.631525918771393,-1.0999629160362887,-0.9408691503067359,-0.7220399067674711,-8.952260034010019,-1.1189371495912235,-1.2850545526724062,9.2093398716426,True,111.0,Budget,MediaTek,326.0,2.0,No,No,-0.7467441566284523
samsung,Samsung Galaxy M54 5G,34999,85.0,1,0,0,snapdragon,8.0,2.84,6000.0,1,25.0,6.0,128.0,6.67,90,3,1.0,android,64.0,32.0,1,1080,2412,False,False,False,1,0,0,0,0,0,0,0,0,0,1,0,0,0.13398826875351297,0.8819803711792626,0.8674717380797565,1.1779820974923478,-0.37814387847932607,-0.2030817001874684,-0.11440194163184854,0.38167656835534286,-0.0805052369395907,0.40864983592379833,10.463074768634808,False,389.0,Premium,Qualcomm,396.0,4.0,No,Yes,0.23079403063314688
nokia,Nokia N73 5G,46999,86.0,1,0,0,snapdragon,8.0,3.0,6000.0,1,65.0,12.0,256.0,6.9,120,1,1.0,android,200.0,32.0,1,1400,3200,True,False,False,1,0,0,0,0,0,0,0,0,0,1,0,0,0.535395243465689,1.016242919836495,1.2112529896756365,1.1779820974923478,0.7767665816118143,2.0102806501703343,1.1008739886393968,1.0675568937687734,0.957926675712042,4.521931922514581,10.757881603870102,False,522.0,Premium,Qualcomm,506.0,2.0,No,Yes,1.766925467758517
motorola,Motorola Edge 30 Fusion 5G,39999,88.0,1,1,0,snapdragon,8.0,2.9,4400.0,1,68.0,8.0,128.0,6.55,144,3,1.0,android,50.0,32.0,0,1080,2400,False,False,False,1,0,0,0,0,0,0,0,0,0,1,0,0,0.3012411748835863,1.28476801715096,0.9963897074282115,-0.40519006511076544,0.8633848661186498,0.5347057499317991,-0.11440194163184854,0.023825963791814262,1.7886722058333482,-0.014776261225252826,10.596609732783568,False,444.0,Premium,Qualcomm,402.0,4.0,No,Yes,0.31458301811271255
realme,Realme C35,11828,70.0,0,0,0,unisoc,8.0,1.8,5000.0,1,18.0,4.0,64.0,6.6,60,3,1.0,android,50.0,8.0,1,1080,2408,False,False,False,1,0,0,0,0,0,0,0,0,0,0,1,0,-0.6410951488344729,-1.1319578586792238,-1.367106397293461,0.18849949586540202,-0.5802532089952757,-0.9408691503067359,-0.7220399067674711,0.1729303823599505,-1.1189371495912235,-0.014776261225252826,9.378224880972368,False,131.0,Budget,Unisoc,400.0,4.0,No,No,0.286653355619524
oneplus,OnePlus Nord CE 3 Lite 5G,18999,81.0,1,0,0,snapdragon,8.0,2.2,5000.0,1,33.0,6.0,128.0,6.59,120,3,1.0,android,50.0,16.0,1,1080,2412,False,False,False,1,0,0,0,0,0,0,0,0,0,1,0,0,-0.40122103086272176,0.3449301765503329,-0.5076532683037616,0.18849949586540202,-0.14716178646109798,-0.2030817001874684,-0.11440194163184854,0.1431094986463238,0.957926675712042,-0.014776261225252826,9.85214162518454,False,211.0,Mid-range,Qualcomm,401.0,4.0,No,Yes,0.30061818686611824
poco,Poco X4 Pro 5G (8GB RAM + 128GB),17999,84.0,1,0,1,snapdragon,8.0,2.2,5000.0,1,67.0,8.0,128.0,6.67,120,3,1.0,android,64.0,16.0,1,1080,2400,False,False,False,1,0,0,0,0,0,0,0,0,0,1,0,0,-0.4346716120887364,0.7477178225220302,-0.5076532683037616,0.18849949586540202,0.8345121046163714,0.5347057499317991,-0.11440194163184854,0.38167656835534286,0.957926675712042,0.40864983592379833,9.798071479779479,False,200.0,Mid-range,Qualcomm,395.0,4.0,No,Yes,0.2168291993865526
samsung,Samsung Galaxy M04,8499,66.0,0,0,0,helio,8.0,2.3,5000.0,1,15.0,4.0,64.0,6.5,60,2,1.0,android,13.0,5.0,1,720,1600,False,False,False,1,0,0,0,0,0,0,1,0,0,0,0,0,-0.7524521337358758,-1.6690080533081535,-0.2927899860563375,0.18849949586540202,-0.6668714935021112,-0.9408691503067359,-0.7220399067674711,-0.125278454776322,-1.1189371495912235,-1.1338309465477452,9.047703788498627,False,94.0,Budget,MediaTek,270.0,3.0,No,No,-1.5287747064377317
oppo,OPPO A77s,17999,76.0,0,0,0,snapdragon,8.0,2.4,5000.0,1,33.0,8.0,128.0,6.56,90,2,1.0,android,50.0,8.0,1,720,1600,False,False,False,1,0,0,0,0,0,0,0,0,0,1,0,0,-0.4346716120887364,-0.3263825667358292,-0.07792670380891248,0.18849949586540202,-0.14716178646109798,0.5347057499317991,-0.11440194163184854,0.053646847505440985,-0.0805052369395907,-0.014776261225252826,9.798071479779479,False,200.0,Mid-range,Qualcomm,267.0,3.0,No,No,-1.5706692001775144
samsung,Samsung Galaxy A13,14450,75.0,0,0,0,unknown,8.0,2.0,5000.0,1,25.0,4.0,64.0,6.6,60,4,1.0,android,50.0,8.0,1,1080,2408,False,False,False,1,0,0,0,0,0,0,0,0,0,0,0,1,-0.5533877248598624,-0.46064511539306163,-0.9373798327986115,0.18849949586540202,-0.37814387847932607,-0.9408691503067359,-0.7220399067674711,0.1729303823599505,-1.1189371495912235,-0.014776261225252826,9.578449693540579,False,161.0,Budget,Unknown,400.0,5.0,No,No,0.286653355619524
motorola,Motorola Edge 30 Ultra,54999,86.0,1,1,0,snapdragon,8.0,3.2,4610.0,1,125.0,8.0,128.0,6.67,144,3,1.0,android,200.0,60.0,0,1080,2400,True,False,False,1,0,0,0,0,0,0,0,0,0,1,0,0,0.8029998932738064,1.016242919836495,1.6409795541704866,-0.19739871876910683,2.5091322717485247,0.5347057499317991,-0.11440194163184854,0.38167656835534286,1.7886722058333482,4.521931922514581,10.915070282231135,False,611.0,Premium,Qualcomm,395.0,4.0,No,Yes,0.2168291993865526
xiaomi,Xiaomi 13 Ultra 5G,71999,86.0,1,1,1,snapdragon,8.0,3.2,5000.0,1,120.0,12.0,256.0,6.6,120,4,1.0,android,108.0,32.0,0,1440,3200,True,False,False,1,0,0,0,0,0,0,0,0,0,1,0,0,1.3716597741160559,1.016242919836495,1.6409795541704866,0.18849949586540202,2.364768464237132,2.0102806501703343,1.1008739886393968,0.1729303823599505,0.957926675712042,1.739417569820816,11.184407509012852,False,800.0,Flagship,Qualcomm,532.0,5.0,No,Yes,2.130011080169968
motorola,Motorola Moto G52 (6GB RAM + 128GB),12999,79.0,0,1,0,snapdragon,8.0,2.4,5000.0,1,33.0,6.0,128.0,6.6,90,3,1.0,android,50.0,16.0,1,2460,1080,False,False,False,1,0,0,0,0,0,0,0,0,0,1,0,0,-0.6019245182188098,0.07640507923586808,-0.07792670380891248,0.18849949586540202,-0.14716178646109798,-0.2030817001874684,-0.11440194163184854,0.1729303823599505,-0.0805052369395907,-0.014776261225252826,9.47262771040802,False,144.0,Budget,Qualcomm,407.0,4.0,No,No,0.3844071743456839
poco,Poco M4 5G,11499,75.0,1,0,1,dimensity,8.0,2.2,5000.0,1,18.0,4.0,64.0,6.58,90,2,1.0,android,50.0,8.0,1,1080,2400,False,False,False,1,0,0,0,1,0,0,0,0,0,0,0,0,-0.6521003900578318,-0.46064511539306163,-0.5076532683037616,0.18849949586540202,-0.5802532089952757,-0.9408691503067359,-0.7220399067674711,0.11328861493269707,-0.0805052369395907,-0.014776261225252826,9.350015354048665,False,128.0,Budget,MediaTek,400.0,3.0,No,Yes,0.286653355619524
nothing,Nothing Phone 1 (12GB RAM + 256GB),35999,87.0,1,1,0,snapdragon,8.0,2.5,4500.0,1,33.0,12.0,256.0,6.55,120,2,1.0,android,50.0,16.0,0,1080,2400,False,False,False,1,0,0,0,0,0,0,0,0,0,1,0,0,0.16743884997952765,1.1505054684937275,0.1369365784385125,-0.30624180494807085,-0.14716178646109798,2.0102806501703343,1.1008739886393968,0.023825963791814262,0.957926675712042,-0.014776261225252826,10.49124643927466,False,400.0,Premium,Qualcomm,402.0,3.0,No,Yes,0.31458301811271255
samsung,Samsung Galaxy A54 5G,34999,76.0,1,1,0,exynos,8.0,2.4,5000.0,1,25.0,6.0,128.0,6.4,120,3,1.0,android,50.0,32.0,1,1080,2400,False,True,False,1,0,0,0,0,1,0,0,0,0,0,0,0,0.13398826875351297,-0.3263825667358292,-0.07792670380891248,0.18849949586540202,-0.37814387847932607,-0.2030817001874684,-0.11440194163184854,-0.4234872919125945,0.957926675712042,-0.014776261225252826,10.463074768634808,False,389.0,Premium,Samsung,411.0,4.0,No,Yes,0.440266499332061
tecno,Tecno Pova 4,11999,73.0,0,0,0,helio,8.0,2.2,6000.0,1,18.0,8.0,128.0,6.82,90,2,1.0,android,50.0,8.0,1,720,1600,False,False,False,1,0,0,0,0,0,0,1,0,0,0,0,0,-0.6353750994448244,-0.7291702127075265,-0.5076532683037616,1.1779820974923478,-0.5802532089952757,0.5347057499317991,-0.11440194163184854,0.8289898240597543,-0.0805052369395907,-0.014776261225252826,9.392578591964389,False,133.0,Budget,MediaTek,257.0,3.0,No,No,-1.7103175126434573
xiaomi,Xiaomi Redmi Note 12 Pro (8GB RAM + 256GB),27994,82.0,1,0,1,dimensity,8.0,2.6,5000.0,1,67.0,8.0,256.0,6.67,120,3,1.0,android,50.0,16.0,0,1080,2400,False,False,False,1,0,0,0,1,0,0,0,0,0,0,0,0,-0.10033305273471979,0.47919272520756534,0.3517998606859375,0.18849949586540202,0.8345121046163714,0.5347057499317991,1.1008739886393968,0.38167656835534286,0.957926675712042,-0.014776261225252826,10.239745480480591,False,311.0,Mid-range,MediaTek,395.0,4.0,No,Yes,0.2168291993865526
apple,Apple iPhone 14 Pro Max (256GB),139990,77.0,1,1,0,bionic,6.0,3.22,4323.0,1,18.0,6.0,256.0,6.7,120,3,1.0,ios,48.0,12.0,0,1290,2796,False,True,True,0,1,0,1,0,0,0,0,0,0,0,0,0,3.645998242254019,-0.19212001807859677,1.6839522106199716,-0.48138022543604025,-0.5802532089952757,-0.2030817001874684,1.1008739886393968,0.47113921949622567,0.957926675712042,-0.07526570367511727,11.849326270468872,True,1555.0,Flagship,Apple,460.0,4.0,No,Yes,1.1245432304151803
vivo,Vivo V25 Pro (12GB RAM + 256GB),39999,86.0,1,0,0,dimensity,8.0,3.0,4830.0,1,66.0,12.0,256.0,6.56,120,3,1.0,android,64.0,32.0,0,1080,2376,False,False,False,1,0,0,0,1,0,0,0,0,0,0,0,0,0.3012411748835863,1.016242919836495,1.2112529896756365,0.020287453588821235,0.8056393431140928,2.0102806501703343,1.1008739886393968,0.053646847505440985,0.957926675712042,0.40864983592379833,10.596609732783568,False,444.0,Premium,MediaTek,398.0,4.0,No,Yes,0.2587236931263354
realme,Realme 9 5G (6GB RAM + 128GB),15499,79.0,1,0,0,dimensity,8.0,2.4,5000.0,1,18.0,6.0,128.0,6.5,90,3,1.0,android,48.0,16.0,1,1080,2400,False,False,False,1,0,0,0,1,0,0,0,0,0,0,0,0,-0.5182980651537731,0.07640507923586808,-0.07792670380891248,0.18849949586540202,-0.5802532089952757,-0.2030817001874684,-0.11440194163184854,-0.125278454776322,-0.0805052369395907,-0.07526570367511727,9.648530784697051,False,172.0,Mid-range,MediaTek,405.0,4.0,No,Yes,0.3564775118524954
realme,Realme 9 Pro 5G,18999,80.0,1,0,0,snapdragon,8.0,2.2,5000.0,1,33.0,6.0,128.0,6.6,120,3,1.0,android,64.0,16.0,1,1080,2412,False,False,False,1,0,0,0,0,0,0,0,0,0,1,0,0,-0.40122103086272176,0.2106676278931005,-0.5076532683037616,0.18849949586540202,-0.14716178646109798,-0.2030817001874684,-0.11440194163184854,0.1729303823599505,0.957926675712042,0.40864983592379833,9.85214162518454,False,211.0,Mid-range,Qualcomm,400.0,4.0,No,Yes,0.286653355619524
lava,Lava Blaze 5G,10999,73.0,1,0,0,dimensity,8.0,2.2,5000.0,0,0.0,4.0,128.0,6.5,90,3,1.0,android,50.0,8.0,1,1600,720,False,False,False,1,0,0,0,1,0,0,0,0,0,0,0,0,-0.6688256806708391,-0.7291702127075265,-0.5076532683037616,0.18849949586540202,-1.0999629160362887,-0.9408691503067359,-0.11440194163184854,-0.125278454776322,-0.0805052369395907,-0.014776261225252826,9.305559638557117,False,122.0,Budget,MediaTek,270.0,4.0,No,Yes,-1.5287747064377317
honor,Honor X9a,27999,81.0,1,1,1,snapdragon,8.0,2.2,5100.0,1,40.0,8.0,256.0,6.67,120,3,1.0,android,64.0,16.0,0,1080,2400,False,False,False,1,0,0,0,0,0,0,0,0,0,1,0,0,-0.10016579982858971,0.3449301765503329,-0.5076532683037616,0.2874477560280966,0.05494754405485159,0.5347057499317991,1.1008739886393968,0.38167656835534286,0.957926675712042,0.40864983592379833,10.239924074233857,False,311.0,Mid-range,Qualcomm,395.0,4.0,No,Yes,0.2168291993865526
google,Google Pixel 7 Pro 5G,81999,86.0,1,1,0,google,8.0,2.85,5000.0,1,30.0,12.0,128.0,6.7,120,3,1.0,android,50.0,10.8,0,1440,3120,True,False,False,1,0,0,0,0,0,1,0,0,0,0,0,0,1.7061655863762024,1.016242919836495,0.8889580663044995,0.18849949586540202,-0.23378007096793352,2.0102806501703343,-0.11440194163184854,0.47113921949622567,0.957926675712042,-0.014776261225252826,11.314462331050079,False,911.0,Flagship,Google,513.0,4.0,No,Yes,1.864679286484677
tecno,Tecno Pova 3,9999,74.0,0,0,0,helio,8.0,2.0,7000.0,1,33.0,4.0,64.0,6.95,90,3,1.0,android,50.0,8.0,1,1080,2460,False,False,False,1,0,0,0,0,0,0,1,0,0,0,0,0,-0.7022762618968538,-0.594907664050294,-0.9373798327986115,2.1674646991192934,-0.14716178646109798,-0.9408691503067359,-0.7220399067674711,1.2166613123369097,-0.0805052369395907,-0.014776261225252826,9.21024036697585,False,111.0,Budget,MediaTek,387.0,4.0,No,No,0.10511054941379841
vivo,Vivo V23 Pro 5G,31994,85.0,1,0,0,dimensity,8.0,3.0,4300.0,1,44.0,8.0,128.0,6.56,90,3,2.0,android,108.0,50.0,0,1080,2376,False,False,False,1,0,0,0,1,0,0,0,0,0,0,0,0,0.03346927216933889,0.8819803711792626,1.2112529896756365,-0.50413832527346,0.17043859006396564,0.5347057499317991,-0.11440194163184854,0.053646847505440985,-0.0805052369395907,1.739417569820816,10.373303664201542,False,355.0,Premium,MediaTek,398.0,5.0,No,Yes,0.2587236931263354
samsung,Samsung Galaxy A04e,9299,65.0,0,0,0,helio,8.0,2.3,5000.0,0,0.0,3.0,32.0,6.5,60,2,1.0,android,13.0,5.0,1,720,1600,False,False,False,1,0,0,0,0,0,0,1,0,0,0,0,0,-0.7256916687550641,-1.803270601965386,-0.2927899860563375,0.18849949586540202,-1.0999629160362887,-1.3097628753663697,-1.0258588893352825,-0.125278454776322,-1.1189371495912235,-1.1338309465477452,9.137662146478197,False,103.0,Budget,MediaTek,270.0,3.0,No,No,-1.5287747064377317
xiaomi,Xiaomi Redmi K60,29990,84.0,1,1,1,snapdragon,8.0,3.2,5500.0,1,67.0,8.0,128.0,6.67,120,3,1.0,android,64.0,16.0,0,1440,3200,False,False,False,1,0,0,0,0,0,0,0,0,0,1,0,0,-0.033565692607594504,0.7477178225220302,1.6409795541704866,0.6832407966788748,0.8345121046163714,0.5347057499317991,-0.11440194163184854,0.38167656835534286,0.957926675712042,0.40864983592379833,10.308619271743055,False,333.0,Mid-range,Qualcomm,526.0,4.0,No,Yes,2.0462220926904027
realme,Realme 9 Pro Plus 5G,25900,78.0,1,0,0,dimensity,8.0,2.5,4500.0,1,60.0,6.0,128.0,6.4,90,3,1.0,android,50.0,16.0,0,1080,2400,False,False,False,1,0,0,0,1,0,0,0,0,0,0,0,0,-0.1703785698219945,-0.05785746942136435,0.1369365784385125,-0.30624180494807085,0.6324027741004218,-0.2030817001874684,-0.11440194163184854,-0.4234872919125945,-0.0805052369395907,-0.014776261225252826,10.16199824768763,False,288.0,Mid-range,MediaTek,411.0,4.0,No,Yes,0.440266499332061
realme,Realme 9i 5G (6GB RAM + 128GB),16999,78.0,1,0,0,dimensity,8.0,2.4,5000.0,1,18.0,6.0,128.0,6.6,90,3,1.0,android,50.0,8.0,1,1080,2408,False,False,False,1,0,0,0,1,0,0,0,0,0,0,0,0,-0.4681221933147511,-0.05785746942136435,-0.07792670380891248,0.18849949586540202,-0.5802532089952757,-0.2030817001874684,-0.11440194163184854,0.1729303823599505,-0.0805052369395907,-0.014776261225252826,9.74090979777877,False,189.0,Mid-range,MediaTek,400.0,4.0,No,Yes,0.286653355619524
motorola,Motorola Edge 30 5G (8GB RAM + 128GB),24999,85.0,1,1,0,snapdragon,8.0,2.5,4020.0,1,33.0,8.0,128.0,6.5,144,3,1.0,android,50.0,32.0,0,1080,2400,False,False,False,1,0,0,0,0,0,0,0,0,0,1,0,0,-0.20051754350663373,0.8819803711792626,0.1369365784385125,-0.7811934537290048,-0.14716178646109798,0.5347057499317991,-0.11440194163184854,-0.125278454776322,1.7886722058333482,-0.014776261225252826,10.126591103050316,False,278.0,Mid-range,Qualcomm,405.0,4.0,No,Yes,0.3564775118524954
xiaomi,Xiaomi Redmi Note 11 (6GB RAM + 64GB),12188,79.0,0,0,1,snapdragon,8.0,2.4,5000.0,1,33.0,6.0,64.0,6.43,90,4,1.0,android,50.0,13.0,1,1080,2400,False,False,False,1,0,0,0,0,0,0,0,0,0,1,0,0,-0.6290529395931077,0.07640507923586808,-0.07792670380891248,0.18849949586540202,-0.14716178646109798,-0.2030817001874684,-0.7220399067674711,-0.33402464077171434,-0.0805052369395907,-0.014776261225252826,9.408207140105599,False,135.0,Budget,Qualcomm,409.0,5.0,No,No,0.41233683683887246
vivo,Vivo Y02,8999,69.0,0,0,0,helio,8.0,2.05,5000.0,1,10.0,3.0,32.0,6.51,60,1,1.0,android,8.0,5.0,1,720,1600,True,True,False,1,0,0,0,0,0,0,1,0,0,0,0,0,-0.7357268431228684,-1.2662204073364562,-0.8299481916748995,0.18849949586540202,-0.8112353010135037,-1.3097628753663697,-1.0258588893352825,-0.09545757106269527,-1.1189371495912235,-1.2850545526724062,9.104868739033948,False,100.0,Budget,MediaTek,270.0,2.0,No,No,-1.5287747064377317
poco,POCO C31 (4GB RAM + 64GB),7499,68.0,0,0,0,helio,8.0,2.3,5000.0,0,0.0,4.0,64.0,6.53,60,3,1.0,android,13.0,5.0,1,720,1600,False,False,False,1,0,0,0,0,0,0,1,0,0,0,0,0,-0.7859027149618905,-1.4004829559936887,-0.2927899860563375,0.18849949586540202,-1.0999629160362887,-0.9408691503067359,-0.7220399067674711,-0.03581580363543918,-1.1189371495912235,-1.1338309465477452,8.92252495730139,False,83.0,Budget,MediaTek,269.0,4.0,No,No,-1.542739537684326
realme,Realme Narzo 50 5G,17999,79.0,1,0,0,dimensity,8.0,2.4,5000.0,1,33.0,6.0,128.0,6.6,90,3,1.0,android,48.0,16.0,1,1080,2400,False,False,False,1,0,0,0,1,0,0,0,0,0,0,0,0,-0.4346716120887364,0.07640507923586808,-0.07792670380891248,0.18849949586540202,-0.14716178646109798,-0.2030817001874684,-0.11440194163184854,0.1729303823599505,-0.0805052369395907,-0.07526570367511727,9.798071479779479,False,200.0,Mid-range,MediaTek,399.0,4.0,No,Yes,0.27268852437292973
realme,Realme GT Neo 3T,24999,79.0,1,0,0,snapdragon,8.0,3.2,5000.0,1,80.0,6.0,128.0,6.62,120,3,1.0,android,64.0,16.0,0,1080,2400,False,False,False,1,0,0,0,0,0,0,0,0,0,1,0,0,-0.20051754350663373,0.07640507923586808,1.6409795541704866,0.18849949586540202,1.2098580041459919,-0.2030817001874684,-0.11440194163184854,0.2325721497872066,0.957926675712042,0.40864983592379833,10.126591103050316,False,278.0,Mid-range,Qualcomm,398.0,4.0,No,Yes,0.2587236931263354
oppo,OPPO Reno 8 Pro 5G,45999,86.0,1,1,0,dimensity,8.0,2.85,4500.0,1,80.0,12.0,256.0,6.7,120,3,1.0,android,50.0,32.0,0,1080,2412,False,False,False,1,0,0,0,1,0,0,0,0,0,0,0,0,0.5019446622396744,1.016242919836495,0.8889580663044995,-0.30624180494807085,1.2098580041459919,2.0102806501703343,1.1008739886393968,0.47113921949622567,0.957926675712042,-0.014776261225252826,10.736374936104498,False,511.0,Premium,MediaTek,394.0,4.0,No,Yes,0.20286436813995834
oneplus,OnePlus 10 Pro 5G (12GB RAM + 256GB),65499,86.0,1,1,0,snapdragon,8.0,3.0,5000.0,1,80.0,12.0,256.0,6.7,120,3,1.0,android,50.0,32.0,0,1440,3216,True,False,False,1,0,0,0,0,0,0,0,0,0,1,0,0,1.1542309961469603,1.016242919836495,1.2112529896756365,0.18849949586540202,1.2098580041459919,2.0102806501703343,1.1008739886393968,0.47113921949622567,0.957926675712042,-0.014776261225252826,11.089790154331226,False,728.0,Flagship,Qualcomm,526.0,4.0,No,Yes,2.0462220926904027
iqoo,iQOO 11 Pro 5G,58990,89.0,1,1,1,snapdragon,8.0,3.2,4700.0,1,200.0,8.0,256.0,6.78,144,3,1.0,android,50.0,16.0,0,1440,3200,False,False,False,1,0,0,0,0,0,0,0,0,0,1,0,0,0.936501162946831,1.4190305658081923,1.6409795541704866,-0.10834528462268171,4.674589384419413,0.5347057499317991,1.1008739886393968,0.7097062892052447,1.7886722058333482,-0.014776261225252826,10.98512321699712,False,655.0,Premium,Qualcomm,518.0,4.0,No,Yes,1.9345034427176484
vivo,Vivo T1x 4G,11999,74.0,0,0,0,snapdragon,8.0,2.4,5000.0,1,18.0,4.0,64.0,6.58,90,2,1.0,android,50.0,8.0,1,1080,2408,False,False,False,1,0,0,0,0,0,0,0,0,0,1,0,0,-0.6353750994448244,-0.594907664050294,-0.07792670380891248,0.18849949586540202,-0.5802532089952757,-0.9408691503067359,-0.7220399067674711,0.11328861493269707,-0.0805052369395907,-0.014776261225252826,9.392578591964389,False,133.0,Budget,Qualcomm,401.0,3.0,No,No,0.30061818686611824
xiaomi,Xiaomi Redmi 10 Power,11999,77.0,0,0,1,snapdragon,8.0,2.4,6000.0,1,18.0,8.0,128.0,6.7,60,2,1.0,android,50.0,5.0,1,720,1650,False,False,False,1,0,0,0,0,0,0,0,0,0,1,0,0,-0.6353750994448244,-0.19212001807859677,-0.07792670380891248,1.1779820974923478,-0.5802532089952757,0.5347057499317991,-0.11440194163184854,0.47113921949622567,-1.1189371495912235,-0.014776261225252826,9.392578591964389,False,133.0,Budget,Qualcomm,269.0,3.0,No,No,-1.542739537684326
oppo,OPPO A58,18990,76.0,1,0,0,dimensity,8.0,2.2,5000.0,1,33.0,6.0,128.0,6.56,90,2,1.0,android,50.0,8.0,1,720,1612,False,False,False,1,0,0,0,1,0,0,0,0,0,0,0,0,-0.4015220860937559,-0.3263825667358292,-0.5076532683037616,0.18849949586540202,-0.14716178646109798,-0.2030817001874684,-0.11440194163184854,0.053646847505440985,-0.0805052369395907,-0.014776261225252826,9.85166780380633,False,211.0,Mid-range,MediaTek,269.0,3.0,No,Yes,-1.542739537684326
vivo,Vivo T1 44W,14499,77.0,0,0,0,snapdragon,8.0,2.4,5000.0,1,44.0,4.0,128.0,6.44,60,3,1.0,android,50.0,16.0,1,1080,2408,False,False,False,1,0,0,0,0,0,0,0,0,0,1,0,0,-0.5517486463797877,-0.19212001807859677,-0.07792670380891248,0.18849949586540202,0.17043859006396564,-0.9408691503067359,-0.11440194163184854,-0.30420375705808494,-1.1189371495912235,-0.014776261225252826,9.581834960513193,False,161.0,Budget,Qualcomm,410.0,4.0,No,No,0.4263016680854667
xiaomi,Xiaomi Mix Fold 2 5G,106990,86.0,1,1,1,snapdragon,8.0,3.2,4500.0,1,67.0,12.0,256.0,8.02,120,3,1.0,android,50.0,20.0,0,1914,2160,True,False,False,1,0,0,0,0,0,0,0,0,0,1,0,0,2.542129061795535,1.016242919836495,1.6409795541704866,-0.30624180494807085,0.8345121046163714,2.0102806501703343,1.1008739886393968,4.407495869695035,0.957926675712042,-0.014776261225252826,11.580490651132653,True,1189.0,Flagship,Qualcomm,360.0,4.0,Yes,Yes,-0.27193989424424697
vivo,Vivo Y16 (3GB RAM + 64GB),10499,66.0,0,0,0,helio,8.0,2.3,5000.0,1,10.0,3.0,64.0,6.51,60,2,1.0,android,13.0,5.0,1,720,1600,False,False,False,1,0,0,0,0,0,0,1,0,0,0,0,0,-0.6855509712838465,-1.6690080533081535,-0.2927899860563375,0.18849949586540202,-0.8112353010135037,-1.3097628753663697,-0.7220399067674711,-0.09545757106269527,-1.1189371495912235,-1.1338309465477452,9.259035293514941,False,117.0,Budget,MediaTek,270.0,3.0,No,No,-1.5287747064377317
oppo,OPPO Reno 8 Z,26990,86.0,1,1,0,snapdragon,8.0,2.2,4500.0,1,33.0,8.0,256.0,6.43,60,3,1.0,android,64.0,16.0,1,1080,2400,False,False,False,1,0,0,0,0,0,0,0,0,0,1,0,0,-0.1339174362856385,1.016242919836495,-0.5076532683037616,-0.30624180494807085,-0.14716178646109798,0.5347057499317991,1.1008739886393968,-0.33402464077171434,-1.1189371495912235,0.40864983592379833,10.20322170601205,False,300.0,Mid-range,Qualcomm,409.0,4.0,No,Yes,0.41233683683887246
vivo,Vivo Y75 4G,19990,82.0,0,0,0,helio,8.0,2.05,4050.0,1,44.0,8.0,128.0,6.44,60,3,1.0,android,50.0,44.0,1,1080,2400,False,False,False,1,0,0,0,0,0,0,1,0,0,0,0,0,-0.3680715048677412,0.47919272520756534,-0.8299481916748995,-0.7515089756801965,0.17043859006396564,0.5347057499317991,-0.11440194163184854,-0.30420375705808494,-1.1189371495912235,-0.014776261225252826,9.902987427494446,False,222.0,Mid-range,MediaTek,409.0,4.0,No,No,0.41233683683887246
xiaomi,Xiaomi Redmi Note 12 Explorer,24999,89.0,1,1,1,dimensity,8.0,2.6,4300.0,1,120.0,8.0,256.0,6.67,120,3,1.0,android,200.0,16.0,1,1080,2400,False,False,False,1,0,0,0,1,0,0,0,0,0,0,0,0,-0.20051754350663373,1.4190305658081923,0.3517998606859375,-0.50413832527346,2.364768464237132,0.5347057499317991,1.1008739886393968,0.38167656835534286,0.957926675712042,4.521931922514581,10.126591103050316,False,278.0,Mid-range,MediaTek,395.0,4.0,No,Yes,0.2168291993865526
oppo,OPPO A57 4G (4GB RAM + 64 GB),13969,69.0,0,0,0,helio,8.0,2.3,5000.0,1,33.0,4.0,64.0,6.56,60,2,1.0,android,13.0,8.0,1,720,1612,False,False,False,1,0,0,0,0,0,0,1,0,0,0,0,0,-0.5694774544295755,-1.2662204073364562,-0.2927899860563375,0.18849949586540202,-0.14716178646109798,-0.9408691503067359,-0.7220399067674711,0.053646847505440985,-1.1189371495912235,-1.1338309465477452,9.544595867727551,False,155.0,Budget,MediaTek,269.0,3.0,No,No,-1.542739537684326
samsung,Samsung Galaxy A75 5G,44999,83.0,1,1,0,snapdragon,8.0,2.4,5000.0,1,67.0,8.0,128.0,6.7,120,4,1.0,android,108.0,32.0,1,1080,2412,False,True,False,1,0,0,0,0,0,0,0,0,0,1,0,0,0.4684940810136597,0.6134552738647978,-0.07792670380891248,0.18849949586540202,0.8345121046163714,0.5347057499317991,-0.11440194163184854,0.47113921949622567,0.957926675712042,1.739417569820816,10.714395546283317,False,500.0,Premium,Qualcomm,394.0,5.0,No,Yes,0.20286436813995834
vivo,Vivo T1 Pro 5G (8GB RAM + 128GB),24999,84.0,1,0,0,snapdragon,8.0,2.4,4700.0,1,66.0,8.0,128.0,6.44,90,3,1.0,android,64.0,16.0,1,1080,2404,False,False,False,1,0,0,0,0,0,0,0,0,0,1,0,0,-0.20051754350663373,0.7477178225220302,-0.07792670380891248,-0.10834528462268171,0.8056393431140928,0.5347057499317991,-0.11440194163184854,-0.30420375705808494,-0.0805052369395907,0.40864983592379833,10.126591103050316,False,278.0,Mid-range,Qualcomm,409.0,4.0,No,Yes,0.41233683683887246
google,Google Pixel 7 5G,53100,86.0,1,1,0,google,8.0,2.85,4355.0,1,30.0,8.0,128.0,6.3,90,2,1.0,android,50.0,10.8,0,1080,2400,False,False,False,1,0,0,0,0,0,1,0,0,0,0,0,0,0.7394772395256045,1.016242919836495,0.8889580663044995,-0.449716782183978,-0.23378007096793352,0.5347057499317991,-0.11440194163184854,-0.7216961290488696,-0.0805052369395907,-0.014776261225252826,10.87993220723003,False,590.0,Premium,Google,418.0,3.0,No,Yes,0.5380203180582209
xiaomi,Xiaomi Redmi Note 11T 5G (6GB RAM + 128GB),16999,81.0,1,0,1,dimensity,8.0,2.4,5000.0,1,33.0,6.0,128.0,6.6,90,2,1.0,android,50.0,16.0,1,1080,2400,False,False,False,1,0,0,0,1,0,0,0,0,0,0,0,0,-0.4681221933147511,0.3449301765503329,-0.07792670380891248,0.18849949586540202,-0.14716178646109798,-0.2030817001874684,-0.11440194163184854,0.1729303823599505,-0.0805052369395907,-0.014776261225252826,9.74090979777877,False,189.0,Mid-range,MediaTek,399.0,3.0,No,Yes,0.27268852437292973
oppo,OPPO F21s Pro 4G,21899,82.0,0,0,0,snapdragon,8.0,2.4,4500.0,1,33.0,8.0,128.0,6.43,90,3,1.0,android,64.0,32.0,1,1080,2400,False,False,False,1,0,0,0,0,0,0,0,0,0,1,0,0,-0.3042143453072792,0.47919272520756534,-0.07792670380891248,-0.30624180494807085,-0.14716178646109798,0.5347057499317991,-0.11440194163184854,-0.33402464077171434,-0.0805052369395907,0.40864983592379833,9.99419625266159,False,243.0,Mid-range,Qualcomm,409.0,4.0,No,No,0.41233683683887246
apple,Apple iPhone 14 (256GB),75999,82.0,1,1,0,bionic,6.0,3.22,3279.0,1,18.0,6.0,256.0,6.1,60,2,1.0,ios,12.0,12.0,0,1170,2532,False,False,True,0,1,0,1,0,0,0,0,0,0,0,0,0,1.5054620990201144,0.47919272520756534,1.6839522106199716,-1.5144000615345716,-0.5802532089952757,-0.2030817001874684,1.1008739886393968,-1.3181138033214173,-1.1189371495912235,-1.1640756677726773,11.238475461287166,False,844.0,Flagship,Apple,457.0,3.0,No,Yes,1.0826487366753976
motorola,Motorola Moto G73,25999,85.0,1,1,0,dimensity,8.0,2.2,5000.0,1,30.0,8.0,256.0,6.5,120,2,1.0,android,50.0,16.0,1,1080,2400,False,False,False,1,0,0,0,1,0,0,0,0,0,0,0,0,-0.16706696228061904,0.8819803711792626,-0.5076532683037616,0.18849949586540202,-0.23378007096793352,0.5347057499317991,1.1008739886393968,-0.125278454776322,0.957926675712042,-0.014776261225252826,10.165813354725493,False,289.0,Mid-range,MediaTek,405.0,3.0,No,Yes,0.3564775118524954
nubia,Nubia Red Magic 8 Pro 5G,46990,84.0,1,1,0,snapdragon,8.0,3.2,6000.0,1,80.0,8.0,128.0,6.8,120,3,1.0,android,50.0,16.0,0,1116,2480,False,False,False,1,0,0,0,0,0,0,0,0,0,1,0,0,0.5350941882346549,0.7477178225220302,1.6409795541704866,1.1779820974923478,1.2098580041459919,0.5347057499317991,-0.11440194163184854,0.7693480566324982,0.957926675712042,-0.014776261225252826,10.757690092096862,False,522.0,Premium,Qualcomm,400.0,4.0,No,Yes,0.286653355619524
motorola,Motorola Moto G31,9999,75.0,0,0,0,helio,8.0,2.0,5000.0,1,20.0,4.0,64.0,6.47,60,3,1.0,android,50.0,13.0,1,1080,2400,False,False,False,1,0,0,0,0,0,0,1,0,0,0,0,0,-0.7022762618968538,-0.46064511539306163,-0.9373798327986115,0.18849949586540202,-0.5225076859907186,-0.9408691503067359,-0.7220399067674711,-0.2147411059172048,-1.1189371495912235,-0.014776261225252826,9.21024036697585,False,111.0,Budget,MediaTek,407.0,4.0,No,No,0.3844071743456839
tecno,Tecno Phantom X2 Pro,49999,89.0,1,1,0,dimensity,8.0,3.05,5160.0,1,45.0,12.0,256.0,6.8,120,3,1.0,android,50.0,32.0,0,1080,2400,False,False,False,1,0,0,0,1,0,0,0,0,0,0,0,0,0.635746987143733,1.4190305658081923,1.3186846307993485,0.3468167121257133,0.19931135156624413,2.0102806501703343,1.1008739886393968,0.7693480566324982,0.957926675712042,-0.014776261225252826,10.81975828421028,False,556.0,Premium,MediaTek,387.0,4.0,No,Yes,0.10511054941379841
infinix,Infinix Zero 20,17999,87.0,0,1,0,helio,8.0,2.2,4500.0,1,45.0,8.0,128.0,6.7,90,3,1.0,android,108.0,60.0,1,1080,2400,False,False,False,1,0,0,0,0,0,0,1,0,0,0,0,0,-0.4346716120887364,1.1505054684937275,-0.5076532683037616,-0.30624180494807085,0.19931135156624413,0.5347057499317991,-0.11440194163184854,0.47113921949622567,-0.0805052369395907,1.739417569820816,9.798071479779479,False,200.0,Mid-range,MediaTek,393.0,4.0,No,No,0.18889953689336406
iqoo,iQOO Z6 5G (6GB RAM + 128GB),16940,80.0,1,0,0,snapdragon,8.0,2.2,5000.0,1,18.0,6.0,128.0,6.58,120,3,1.0,android,50.0,16.0,1,1080,2408,False,False,False,1,0,0,0,0,0,0,0,0,0,1,0,0,-0.47009577760708593,0.2106676278931005,-0.5076532683037616,0.18849949586540202,-0.5802532089952757,-0.2030817001874684,-0.11440194163184854,0.11328861493269707,0.957926675712042,-0.014776261225252826,9.737432968206045,False,188.0,Mid-range,Qualcomm,401.0,4.0,No,Yes,0.30061818686611824
xiaomi,Xiaomi Redmi Note 11 Pro 5G,17990,81.0,1,0,1,snapdragon,8.0,2.2,5000.0,1,67.0,6.0,64.0,6.67,120,3,1.0,android,108.0,16.0,1,1080,2400,False,False,False,1,0,0,0,0,0,0,0,0,0,1,0,0,-0.4349726673197705,0.3449301765503329,-0.5076532683037616,0.18849949586540202,0.8345121046163714,-0.2030817001874684,-0.7220399067674711,0.38167656835534286,0.957926675712042,1.739417569820816,9.79757132694458,False,200.0,Mid-range,Qualcomm,395.0,4.0,No,Yes,0.2168291993865526
oppo,OPPO A1 Pro,20990,84.0,1,1,0,snapdragon,8.0,2.2,4800.0,1,67.0,8.0,128.0,6.7,120,2,1.0,android,108.0,16.0,1,1080,2412,False,False,False,1,0,0,0,0,0,0,0,0,0,1,0,0,-0.3346209236417265,0.7477178225220302,-0.5076532683037616,-0.009397024459987136,0.8345121046163714,0.5347057499317991,-0.11440194163184854,0.47113921949622567,0.957926675712042,1.739417569820816,9.951801412814678,False,233.0,Mid-range,Qualcomm,394.0,3.0,No,Yes,0.20286436813995834
samsung,Samsung Galaxy S22 FE 5G,51999,79.0,1,1,0,exynos,8.0,2.4,4200.0,1,33.0,8.0,128.0,6.4,120,3,1.0,android,12.0,32.0,0,1080,2400,False,True,False,1,0,0,0,0,1,0,0,0,0,0,0,0,0.7026481495957624,0.07640507923586808,-0.07792670380891248,-0.6030865854361546,-0.14716178646109798,0.5347057499317991,-0.11440194163184854,-0.4234872919125945,0.957926675712042,-1.1640756677726773,10.85897976660942,False,578.0,Premium,Samsung,411.0,4.0,No,Yes,0.440266499332061
samsung,Samsung Galaxy S22 Plus 5G,64449,87.0,1,1,0,snapdragon,8.0,3.0,4500.0,1,45.0,8.0,128.0,6.6,120,3,1.0,android,50.0,10.0,0,1080,2340,False,False,False,1,0,0,0,0,0,0,0,0,0,1,0,0,1.119107885859645,1.1505054684937275,1.2112529896756365,-0.30624180494807085,0.19931135156624413,0.5347057499317991,-0.11440194163184854,0.1729303823599505,0.957926675712042,-0.014776261225252826,11.073629492343159,False,716.0,Flagship,Qualcomm,390.0,4.0,No,Yes,0.14700504315358123
vivo,Vivo U3x,8990,71.0,1,0,0,snapdragon,8.0,2.0,5000.0,1,18.0,6.0,64.0,6.58,90,2,1.0,android,13.0,8.0,0,1080,2408,False,False,False,1,0,0,0,0,0,0,0,0,0,1,0,0,-0.7360278983539026,-0.9976953100219913,-0.9373798327986115,0.18849949586540202,-0.5802532089952757,-0.2030817001874684,-0.7220399067674711,0.11328861493269707,-0.0805052369395907,-1.1338309465477452,9.103868127465667,False,100.0,Budget,Qualcomm,401.0,3.0,No,Yes,0.30061818686611824
motorola,Motorola Moto G23,19999,77.0,0,1,0,helio,8.0,2.0,5000.0,1,30.0,4.0,128.0,6.5,90,3,1.0,android,50.0,16.0,1,720,1600,False,False,False,1,0,0,0,0,0,0,1,0,0,0,0,0,-0.3677704496367071,-0.19212001807859677,-0.9373798327986115,0.18849949586540202,-0.23378007096793352,-0.9408691503067359,-0.11440194163184854,-0.125278454776322,-0.0805052369395907,-0.014776261225252826,9.903437551286085,False,222.0,Mid-range,MediaTek,270.0,4.0,No,No,-1.5287747064377317
poco,Poco M4 5G (6GB RAM + 128GB),13499,79.0,1,0,1,dimensity,8.0,2.2,5000.0,1,18.0,6.0,128.0,6.58,90,2,1.0,android,50.0,8.0,1,1080,2400,False,False,False,1,0,0,0,1,0,0,0,0,0,0,0,0,-0.5851992276058025,0.07640507923586808,-0.5076532683037616,0.18849949586540202,-0.5802532089952757,-0.2030817001874684,-0.11440194163184854,0.11328861493269707,-0.0805052369395907,-0.014776261225252826,9.510370887608827,False,150.0,Budget,MediaTek,400.0,3.0,No,Yes,0.286653355619524
tecno,Tecno Pova 5G,15499,78.0,1,0,0,dimensity,8.0,2.4,6000.0,1,18.0,8.0,128.0,6.9,120,3,1.0,android,50.0,16.0,1,1080,2460,False,False,False,1,0,0,0,1,0,0,0,0,0,0,0,0,-0.5182980651537731,-0.05785746942136435,-0.07792670380891248,1.1779820974923478,-0.5802532089952757,0.5347057499317991,-0.11440194163184854,1.0675568937687734,0.957926675712042,-0.014776261225252826,9.648530784697051,False,172.0,Mid-range,MediaTek,389.0,4.0,No,Yes,0.13304021190698695
poco,POCO C31,6499,65.0,0,0,0,helio,8.0,2.3,5000.0,0,0.0,3.0,32.0,6.53,60,3,1.0,android,13.0,5.0,1,720,1600,False,False,False,1,0,0,0,0,0,0,1,0,0,0,0,0,-0.8193532961879051,-1.803270601965386,-0.2927899860563375,0.18849949586540202,-1.0999629160362887,-1.3097628753663697,-1.0258588893352825,-0.03581580363543918,-1.1189371495912235,-1.1338309465477452,8.77940359789435,False,72.0,Budget,MediaTek,269.0,4.0,No,No,-1.542739537684326
apple,Apple iPhone XR2,71999,60.0,0,1,0,bionic,8.0,3.22,3060.0,1,18.0,4.0,64.0,6.1,60,2,1.0,ios,12.0,7.0,0,828,1792,False,True,True,0,1,0,1,0,0,0,0,0,0,0,0,0,1.3716597741160559,-2.474583345251548,1.6839522106199716,-1.7310967512908726,-0.5802532089952757,-0.9408691503067359,-0.7220399067674711,-1.3181138033214173,-1.1189371495912235,-1.1640756677726773,11.184407509012852,False,800.0,Flagship,Apple,324.0,3.0,No,No,-0.7746738191216409
samsung,Samsung Galaxy A53 (8GB RAM + 256GB),36499,89.0,1,1,0,exynos,8.0,2.4,5000.0,1,25.0,8.0,256.0,6.5,120,4,1.0,android,64.0,32.0,1,1080,2400,False,False,False,1,0,0,0,0,1,0,0,0,0,0,0,0,0.18416414059253497,1.4190305658081923,-0.07792670380891248,0.18849949586540202,-0.37814387847932607,0.5347057499317991,1.1008739886393968,-0.125278454776322,0.957926675712042,0.40864983592379833,10.505040141934996,False,406.0,Premium,Samsung,405.0,5.0,No,Yes,0.3564775118524954
infinix,Infinix Note 12 5G,15999,78.0,1,0,0,dimensity,8.0,2.4,5000.0,1,33.0,6.0,64.0,6.7,60,3,1.0,android,50.0,16.0,1,1080,2400,False,False,False,1,0,0,0,1,0,0,0,0,0,0,0,0,-0.5015727745407658,-0.05785746942136435,-0.07792670380891248,0.18849949586540202,-0.14716178646109798,-0.2030817001874684,-0.7220399067674711,0.47113921949622567,-1.1189371495912235,-0.014776261225252826,9.680281499268713,False,178.0,Mid-range,MediaTek,393.0,4.0,No,Yes,0.18889953689336406
oppo,OPPO Reno7 Pro 5G,31994,87.0,1,1,0,dimensity,8.0,3.0,4500.0,1,65.0,12.0,256.0,6.55,90,3,1.0,android,50.0,32.0,1,1080,2400,False,False,False,1,0,0,0,1,0,0,0,0,0,0,0,0,0.03346927216933889,1.1505054684937275,1.2112529896756365,-0.30624180494807085,0.7767665816118143,2.0102806501703343,1.1008739886393968,0.023825963791814262,-0.0805052369395907,-0.014776261225252826,10.373303664201542,False,355.0,Premium,MediaTek,402.0,4.0,No,Yes,0.31458301811271255
oneplus,OnePlus Ace 2,34999,84.0,1,1,0,snapdragon,8.0,3.2,5000.0,1,100.0,8.0,128.0,6.7,120,3,1.0,android,50.0,16.0,0,1080,2412,False,False,False,1,0,0,0,0,0,0,0,0,0,1,0,0,0.13398826875351297,0.7477178225220302,1.6409795541704866,0.18849949586540202,1.787313234191562,0.5347057499317991,-0.11440194163184854,0.47113921949622567,0.957926675712042,-0.014776261225252826,10.463074768634808,False,389.0,Premium,Qualcomm,394.0,4.0,No,Yes,0.20286436813995834
xiaomi,Redmi Note 11 Pro 2023,18999,81.0,0,0,1,snapdragon,8.0,2.3,5000.0,1,67.0,6.0,128.0,6.67,120,4,1.0,android,108.0,16.0,1,1080,2400,False,False,False,1,0,0,0,0,0,0,0,0,0,1,0,0,-0.40122103086272176,0.3449301765503329,-0.2927899860563375,0.18849949586540202,0.8345121046163714,-0.2030817001874684,-0.11440194163184854,0.38167656835534286,0.957926675712042,1.739417569820816,9.85214162518454,False,211.0,Mid-range,Qualcomm,395.0,5.0,No,No,0.2168291993865526
nothing,Nothing Phone 2,39990,88.0,1,1,0,snapdragon,8.0,3.2,4700.0,1,66.0,8.0,128.0,6.67,120,3,1.0,android,50.0,32.0,0,1080,2400,False,False,False,1,0,0,0,0,0,0,0,0,0,1,0,0,0.3009401196525522,1.28476801715096,1.6409795541704866,-0.10834528462268171,0.8056393431140928,0.5347057499317991,-0.11440194163184854,0.38167656835534286,0.957926675712042,-0.014776261225252826,10.596384701840863,False,444.0,Premium,Qualcomm,395.0,4.0,No,Yes,0.2168291993865526
samsung,Samsung Galaxy A32 (8GB RAM + 128GB),16499,82.0,0,0,0,helio,8.0,2.0,5000.0,1,15.0,8.0,128.0,6.4,90,4,1.0,android,64.0,20.0,1,1080,2400,False,False,False,1,0,0,0,0,0,0,1,0,0,0,0,0,-0.4848474839277584,0.47919272520756534,-0.9373798327986115,0.18849949586540202,-0.6668714935021112,0.5347057499317991,-0.11440194163184854,-0.4234872919125945,-0.0805052369395907,0.40864983592379833,9.711055051991444,False,183.0,Mid-range,MediaTek,411.0,5.0,No,No,0.440266499332061
google,Google Pixel 6 Pro,54300,89.0,1,1,0,google,8.0,2.8,5003.0,1,30.0,12.0,128.0,6.71,120,3,1.0,android,50.0,11.1,0,1440,3120,False,False,False,1,0,0,0,0,0,1,0,0,0,0,0,0,0.7796179369968221,1.4190305658081923,0.7815264251807865,0.19146794367028286,-0.23378007096793352,2.0102806501703343,-0.11440194163184854,0.5009601032098524,0.957926675712042,-0.014776261225252826,10.902279505922026,False,603.0,Premium,Google,512.0,4.0,No,Yes,1.8507144552380828
infinix,Infinix Note 12i (2022),9999,73.0,0,0,0,helio,8.0,2.0,5000.0,1,33.0,4.0,64.0,6.7,60,3,1.0,android,50.0,8.0,1,1080,2400,False,False,False,1,0,0,0,0,0,0,1,0,0,0,0,0,-0.7022762618968538,-0.7291702127075265,-0.9373798327986115,0.18849949586540202,-0.14716178646109798,-0.9408691503067359,-0.7220399067674711,0.47113921949622567,-1.1189371495912235,-0.014776261225252826,9.21024036697585,False,111.0,Budget,MediaTek,393.0,4.0,No,No,0.18889953689336406
xiaomi,Xiaomi Redmi 11 Prime 5G (6GB RAM + 128GB),15990,77.0,1,0,1,dimensity,8.0,2.2,5000.0,1,18.0,6.0,128.0,6.58,90,2,1.0,android,50.0,5.0,1,1080,2408,False,False,False,1,0,0,0,1,0,0,0,0,0,0,0,0,-0.5018738297717998,-0.19212001807859677,-0.5076532683037616,0.18849949586540202,-0.5802532089952757,-0.2030817001874684,-0.11440194163184854,0.11328861493269707,-0.0805052369395907,-0.014776261225252826,9.679718805828,False,178.0,Mid-range,MediaTek,401.0,3.0,No,Yes,0.30061818686611824
xiaomi,Xiaomi Redmi Note 11 Pro Plus 5G (8GB RAM + 128GB),22700,86.0,1,0,1,snapdragon,8.0,2.2,5000.0,1,67.0,8.0,128.0,6.67,120,3,1.0,android,108.0,16.0,1,1080,2400,False,False,False,1,0,0,0,0,0,0,0,0,0,1,0,0,-0.27742042974524145,1.016242919836495,-0.5076532683037616,0.18849949586540202,0.8345121046163714,0.5347057499317991,-0.11440194163184854,0.38167656835534286,0.957926675712042,1.739417569820816,10.030120203469494,False,252.0,Mid-range,Qualcomm,395.0,4.0,No,Yes,0.2168291993865526
xiaomi,Xiaomi 12 Pro 5G,50990,89.0,1,1,1,snapdragon,8.0,3.0,4600.0,1,120.0,8.0,256.0,6.73,120,3,1.0,android,50.0,32.0,0,1440,3200,False,False,False,1,0,0,0,0,0,0,0,0,0,1,0,0,0.6688965131387136,1.4190305658081923,1.2112529896756365,-0.2072935447853763,2.364768464237132,0.5347057499317991,1.1008739886393968,0.5606018706371084,0.957926675712042,-0.014776261225252826,10.839384814049202,False,567.0,Premium,Qualcomm,521.0,4.0,No,Yes,1.9763979364574311
apple,Apple iPhone 13 Mini,64900,79.0,1,1,0,bionic,6.0,3.22,2438.0,1,18.0,4.0,128.0,5.4,60,2,1.0,ios,12.0,12.0,0,1080,2340,False,False,True,0,1,0,1,0,0,0,0,0,0,0,0,0,1.1341940979925775,0.07640507923586808,1.6839522106199716,-2.3465549295028327,-0.5802532089952757,-0.9408691503067359,-0.11440194163184854,-3.40557566327533,-1.1189371495912235,-1.1640756677726773,11.080602902692181,True,721.0,Flagship,Apple,477.0,3.0,No,Yes,1.3619453616072832
tecno,Tecno Pova 3 (6GB RAM + 128GB),13799,77.0,0,0,0,helio,8.0,2.0,7000.0,1,33.0,6.0,128.0,6.9,90,3,1.0,android,50.0,8.0,1,1080,2460,False,False,False,1,0,0,0,0,0,0,1,0,0,0,0,0,-0.575164053237998,-0.19212001807859677,-0.9373798327986115,2.1674646991192934,-0.14716178646109798,-0.2030817001874684,-0.11440194163184854,1.0675568937687734,-0.0805052369395907,-0.014776261225252826,9.532351404751555,False,153.0,Budget,MediaTek,389.0,4.0,No,No,0.13304021190698695
realme,Realme C31 (4GB RAM + 64GB),8999,65.0,0,0,0,unisoc,8.0,1.82,5000.0,0,0.0,4.0,64.0,6.52,60,3,1.0,android,13.0,5.0,1,720,1600,False,False,False,1,0,0,0,0,0,0,0,0,0,0,1,0,-0.7357268431228684,-1.803270601965386,-1.324133740843976,0.18849949586540202,-1.0999629160362887,-0.9408691503067359,-0.7220399067674711,-0.06563668734906855,-1.1189371495912235,-1.1338309465477452,9.104868739033948,False,100.0,Budget,Unisoc,269.0,4.0,No,No,-1.542739537684326
asus,Asus ROG Phone 6 Pro 5G,89999,88.0,1,1,0,snapdragon,8.0,3.2,6000.0,1,65.0,18.0,512.0,6.78,165,3,1.0,android,50.0,12.0,0,1080,2448,False,False,False,1,0,0,0,0,0,0,0,0,0,1,0,0,1.97377023618432,1.28476801715096,1.6409795541704866,1.1779820974923478,0.7767665816118143,4.223643000528137,3.5314258491818875,0.7097062892052447,2.5155745446894913,-0.014776261225252826,11.407553838139561,False,1000.0,Flagship,Qualcomm,395.0,4.0,No,Yes,0.2168291993865526
vivo,Vivo V23e 5G,21994,84.0,1,0,0,dimensity,8.0,2.4,4050.0,1,44.0,8.0,128.0,6.44,60,3,1.0,android,50.0,44.0,1,1080,2400,False,False,False,1,0,0,0,1,0,0,0,0,0,0,0,0,-0.3010365400908078,0.7477178225220302,-0.07792670380891248,-0.7515089756801965,0.17043859006396564,0.5347057499317991,-0.11440194163184854,-0.30420375705808494,-1.1189371495912235,-0.014776261225252826,9.99852496787088,False,244.0,Mid-range,MediaTek,409.0,4.0,No,Yes,0.41233683683887246
apple,Apple iPhone 14 Mini,69990,70.0,0,1,0,bionic,8.0,3.22,3500.0,1,18.0,6.0,128.0,5.42,60,2,1.0,ios,12.0,12.0,0,1080,2340,False,True,True,0,1,0,1,0,0,0,0,0,0,0,0,0,1.3044575564329923,-1.1319578586792238,1.6839522106199716,-1.2957244065750166,-0.5802532089952757,-0.2030817001874684,-0.11440194163184854,-3.3459338958480767,-1.1189371495912235,-1.1640756677726773,11.156107653683586,True,778.0,Flagship,Apple,475.0,3.0,No,No,1.3340156991140946
xiaomi,Xiaomi Redmi Note 10T 5G,12999,75.0,1,0,1,dimensity,8.0,2.2,5000.0,1,18.0,4.0,64.0,6.5,90,3,1.0,android,48.0,8.0,1,1080,2400,False,False,False,1,0,0,0,1,0,0,0,0,0,0,0,0,-0.6019245182188098,-0.46064511539306163,-0.5076532683037616,0.18849949586540202,-0.5802532089952757,-0.9408691503067359,-0.7220399067674711,-0.125278454776322,-0.0805052369395907,-0.07526570367511727,9.47262771040802,False,144.0,Budget,MediaTek,405.0,4.0,No,Yes,0.3564775118524954
iqoo,iQOO Neo 7 SE 5G,24990,83.0,1,1,0,dimensity,8.0,3.1,5000.0,1,120.0,8.0,128.0,6.78,120,3,1.0,android,64.0,16.0,0,1080,2400,False,False,False,1,0,0,0,1,0,0,0,0,0,0,0,0,-0.20081859873766786,0.6134552738647978,1.4261162719230616,0.18849949586540202,2.364768464237132,0.5347057499317991,-0.11440194163184854,0.7097062892052447,0.957926675712042,0.40864983592379833,10.126231023828998,False,278.0,Mid-range,MediaTek,388.0,4.0,No,Yes,0.11907538066039268
samsung,Samsung Galaxy A23 (8GB RAM + 128GB),19990,82.0,0,0,0,snapdragon,8.0,2.4,5000.0,1,25.0,8.0,128.0,6.6,60,4,1.0,android,50.0,8.0,1,1080,2408,False,False,False,1,0,0,0,0,0,0,0,0,0,1,0,0,-0.3680715048677412,0.47919272520756534,-0.07792670380891248,0.18849949586540202,-0.37814387847932607,0.5347057499317991,-0.11440194163184854,0.1729303823599505,-1.1189371495912235,-0.014776261225252826,9.902987427494446,False,222.0,Mid-range,Qualcomm,400.0,5.0,No,No,0.286653355619524
xiaomi,Xiaomi Redmi Note 12 Pro (8GB RAM + 128GB),26999,82.0,1,0,1,dimensity,8.0,2.6,5000.0,1,67.0,8.0,128.0,6.67,120,3,1.0,android,50.0,16.0,0,1080,2400,False,False,False,1,0,0,0,1,0,0,0,0,0,0,0,0,-0.13361638105460438,0.47919272520756534,0.3517998606859375,0.18849949586540202,0.8345121046163714,0.5347057499317991,-0.11440194163184854,0.38167656835534286,0.957926675712042,-0.014776261225252826,10.203555107263542,False,300.0,Mid-range,MediaTek,395.0,4.0,No,Yes,0.2168291993865526
xiaomi,Xiaomi Redmi Note 12 Turbo,19999,81.0,1,1,1,snapdragon,8.0,2.4,5000.0,1,67.0,8.0,128.0,6.67,120,3,1.0,android,50.0,16.0,0,1080,2400,False,False,False,1,0,0,0,0,0,0,0,0,0,1,0,0,-0.3677704496367071,0.3449301765503329,-0.07792670380891248,0.18849949586540202,0.8345121046163714,0.5347057499317991,-0.11440194163184854,0.38167656835534286,0.957926675712042,-0.014776261225252826,9.903437551286085,False,222.0,Mid-range,Qualcomm,395.0,4.0,No,Yes,0.2168291993865526
infinix,Infinix Note 12 Pro,16900,83.0,0,0,0,helio,8.0,2.2,5000.0,1,33.0,8.0,256.0,6.7,60,3,1.0,android,108.0,16.0,1,1080,2400,False,False,False,1,0,0,0,0,0,0,1,0,0,0,0,0,-0.4714338008561265,0.6134552738647978,-0.5076532683037616,0.18849949586540202,-0.14716178646109798,0.5347057499317991,1.1008739886393968,0.47113921949622567,-1.1189371495912235,1.739417569820816,9.735068900911164,False,188.0,Mid-range,MediaTek,393.0,4.0,No,No,0.18889953689336406
infinix,Infinix Hot 20 (6GB RAM+ 128GB),19999,78.0,1,0,0,dimensity,8.0,2.4,5000.0,1,18.0,6.0,128.0,6.6,120,2,1.0,android,50.0,8.0,1,1080,2408,False,False,False,1,0,0,0,1,0,0,0,0,0,0,0,0,-0.3677704496367071,-0.05785746942136435,-0.07792670380891248,0.18849949586540202,-0.5802532089952757,-0.2030817001874684,-0.11440194163184854,0.1729303823599505,0.957926675712042,-0.014776261225252826,9.903437551286085,False,222.0,Mid-range,MediaTek,400.0,3.0,No,Yes,0.286653355619524
apple,Apple iPhone 14 Pro Max (1TB),182999,78.0,1,1,0,bionic,6.0,3.22,4323.0,1,18.0,6.0,1024.0,6.7,120,3,1.0,ios,48.0,12.0,0,1290,2796,False,True,True,0,1,0,1,0,0,0,0,0,0,0,0,0,5.084674290203684,-0.05785746942136435,1.6839522106199716,-0.48138022543604025,-0.5802532089952757,-0.2030817001874684,8.392529570266868,0.47113921949622567,0.957926675712042,-0.07526570367511727,12.117235967327753,True,2033.0,Flagship,Apple,460.0,4.0,No,Yes,1.1245432304151803
samsung,Samsung Galaxy M13,12999,75.0,0,0,0,exynos,8.0,2.0,6000.0,1,15.0,6.0,128.0,6.6,60,3,1.0,android,50.0,8.0,1,1080,2400,False,False,False,1,0,0,0,0,1,0,0,0,0,0,0,0,-0.6019245182188098,-0.46064511539306163,-0.9373798327986115,1.1779820974923478,-0.6668714935021112,-0.2030817001874684,-0.11440194163184854,0.1729303823599505,-1.1189371495912235,-0.014776261225252826,9.47262771040802,False,144.0,Budget,Samsung,399.0,4.0,No,No,0.27268852437292973
poco,Poco M4 Pro 5G (8GB RAM + 128GB),15999,82.0,1,0,1,dimensity,8.0,2.4,5000.0,1,33.0,8.0,128.0,6.6,90,2,1.0,android,50.0,16.0,1,1080,2400,False,False,False,1,0,0,0,1,0,0,0,0,0,0,0,0,-0.5015727745407658,0.47919272520756534,-0.07792670380891248,0.18849949586540202,-0.14716178646109798,0.5347057499317991,-0.11440194163184854,0.1729303823599505,-0.0805052369395907,-0.014776261225252826,9.680281499268713,False,178.0,Mid-range,MediaTek,399.0,3.0,No,Yes,0.27268852437292973
xiaomi,Xiaomi Redmi Note 10S (8GB RAM + 128GB),13999,82.0,0,0,1,helio,8.0,2.05,5000.0,1,33.0,8.0,128.0,6.43,60,4,1.0,android,64.0,13.0,1,1080,2400,False,False,False,1,0,0,0,0,0,0,1,0,0,0,0,0,-0.5684739369927951,0.47919272520756534,-0.8299481916748995,0.18849949586540202,-0.14716178646109798,0.5347057499317991,-0.11440194163184854,-0.33402464077171434,-1.1189371495912235,0.40864983592379833,9.546741177474825,False,156.0,Budget,MediaTek,409.0,5.0,No,No,0.41233683683887246
realme,Realme C11 2021 (4GB RAM + 64GB),7749,61.0,0,0,0,unisoc,8.0,1.6,5000.0,0,0.0,4.0,64.0,6.52,60,1,1.0,android,8.0,5.0,1,720,1600,False,False,False,1,0,0,0,0,0,0,0,0,0,0,1,0,-0.7775400696553868,-2.3403207965943156,-1.7968329617883105,0.18849949586540202,-1.0999629160362887,-0.9408691503067359,-0.7220399067674711,-0.06563668734906855,-1.1189371495912235,-1.2850545526724062,8.95531908176395,False,86.0,Budget,Unisoc,269.0,2.0,No,No,-1.542739537684326
samsung,Samsung Galaxy A23 5G (8GB RAM + 128GB),24999,81.0,1,0,0,snapdragon,8.0,2.2,5000.0,1,25.0,8.0,128.0,6.6,120,4,1.0,android,50.0,8.0,1,1080,2408,False,False,False,1,0,0,0,0,0,0,0,0,0,1,0,0,-0.20051754350663373,0.3449301765503329,-0.5076532683037616,0.18849949586540202,-0.37814387847932607,0.5347057499317991,-0.11440194163184854,0.1729303823599505,0.957926675712042,-0.014776261225252826,10.126591103050316,False,278.0,Mid-range,Qualcomm,400.0,5.0,No,Yes,0.286653355619524
motorola,Motorola Edge 30 Ultra (12GB RAM + 256GB),59999,86.0,1,1,0,snapdragon,8.0,3.2,4610.0,1,125.0,12.0,256.0,6.67,144,3,1.0,android,200.0,60.0,0,1080,2400,True,False,False,1,0,0,0,0,0,0,0,0,0,1,0,0,0.9702527994038798,1.016242919836495,1.6409795541704866,-0.19739871876910683,2.5091322717485247,2.0102806501703343,1.1008739886393968,0.38167656835534286,1.7886722058333482,4.521931922514581,11.002083174398681,False,667.0,Premium,Qualcomm,395.0,4.0,No,Yes,0.2168291993865526
oppo,OPPO F21s Pro,25895,82.0,1,0,0,snapdragon,8.0,2.2,4500.0,1,33.0,8.0,128.0,6.43,60,3,1.0,android,64.0,16.0,1,1080,2400,False,False,False,1,0,0,0,0,0,0,0,0,0,1,0,0,-0.17054582272812457,0.47919272520756534,-0.5076532683037616,-0.30624180494807085,-0.14716178646109798,0.5347057499317991,-0.11440194163184854,-0.33402464077171434,-1.1189371495912235,0.40864983592379833,10.161805178857993,False,288.0,Mid-range,Qualcomm,409.0,4.0,No,Yes,0.41233683683887246
xiaomi,Xiaomi 13 5G,46990,89.0,1,1,1,snapdragon,8.0,3.2,4500.0,1,67.0,8.0,128.0,6.36,120,3,1.0,android,50.0,32.0,0,1080,2400,False,False,False,1,0,0,0,0,0,0,0,0,0,1,0,0,0.5350941882346549,1.4190305658081923,1.6409795541704866,-0.30624180494807085,0.8345121046163714,0.5347057499317991,-0.11440194163184854,-0.542770826767104,0.957926675712042,-0.014776261225252826,10.757690092096862,False,522.0,Premium,Qualcomm,414.0,4.0,No,Yes,0.48216099307184385
xiaomi,Xiaomi Redmi 10A,7499,64.0,0,0,0,helio,8.0,2.0,5000.0,0,0.0,3.0,32.0,6.53,60,1,1.0,android,13.0,5.0,1,720,1600,False,False,False,1,0,0,0,0,0,0,1,0,0,0,0,0,-0.7859027149618905,-1.9375331506226183,-0.9373798327986115,0.18849949586540202,-1.0999629160362887,-1.3097628753663697,-1.0258588893352825,-0.03581580363543918,-1.1189371495912235,-1.1338309465477452,8.92252495730139,False,83.0,Budget,MediaTek,269.0,2.0,No,No,-1.542739537684326
vivo,Vivo Y01A,7790,60.0,0,0,0,helio,8.0,2.3,5000.0,1,10.0,2.0,32.0,6.51,60,1,1.0,android,8.0,5.0,1,720,1600,False,False,False,1,0,0,0,0,0,0,1,0,0,0,0,0,-0.7761685958251202,-2.474583345251548,-0.2927899860563375,0.18849949586540202,-0.8112353010135037,-1.6786566004260035,-1.0258588893352825,-0.09545757106269527,-1.1189371495912235,-1.2850545526724062,8.960596138864794,False,87.0,Budget,MediaTek,270.0,2.0,No,No,-1.5287747064377317
xiaomi,Xiaomi Redmi K50i (8GB RAM + 256GB),25999,85.0,1,0,1,dimensity,8.0,2.85,5080.0,1,67.0,8.0,256.0,6.6,144,3,1.0,android,64.0,16.0,0,1080,2460,False,False,False,1,0,0,0,1,0,0,0,0,0,0,0,0,-0.16706696228061904,0.8819803711792626,0.8889580663044995,0.2676581039955577,0.8345121046163714,0.5347057499317991,1.1008739886393968,0.1729303823599505,1.7886722058333482,0.40864983592379833,10.165813354725493,False,289.0,Mid-range,MediaTek,407.0,4.0,No,Yes,0.3844071743456839
realme,Realme C30 (3GB RAM + 32GB),6299,60.0,0,0,0,unisoc,8.0,1.82,5000.0,0,0.0,3.0,32.0,6.5,60,1,1.0,android,8.0,5.0,1,720,1600,False,False,False,1,0,0,0,0,0,0,0,0,0,0,1,0,-0.8260434124331081,-2.474583345251548,-1.324133740843976,0.18849949586540202,-1.0999629160362887,-1.3097628753663697,-1.0258588893352825,-0.125278454776322,-1.1189371495912235,-1.2850545526724062,8.74814616962193,False,70.0,Budget,Unisoc,270.0,2.0,No,No,-1.5287747064377317
motorola,Motorola Moto G51 5G,12999,77.0,1,1,0,snapdragon,8.0,2.2,5000.0,0,0.0,4.0,64.0,6.8,120,3,1.0,android,50.0,13.0,1,1080,2400,False,False,False,1,0,0,0,0,0,0,0,0,0,1,0,0,-0.6019245182188098,-0.19212001807859677,-0.5076532683037616,0.18849949586540202,-1.0999629160362887,-0.9408691503067359,-0.7220399067674711,0.7693480566324982,0.957926675712042,-0.014776261225252826,9.47262771040802,False,144.0,Budget,Qualcomm,387.0,4.0,No,Yes,0.10511054941379841
xiaomi,Xiaomi Redmi 10 (6GB RAM + 128GB),11999,75.0,0,0,0,snapdragon,8.0,2.4,6000.0,1,18.0,6.0,128.0,6.7,60,2,1.0,android,50.0,5.0,1,720,1600,False,False,False,1,0,0,0,0,0,0,0,0,0,1,0,0,-0.6353750994448244,-0.46064511539306163,-0.07792670380891248,1.1779820974923478,-0.5802532089952757,-0.2030817001874684,-0.11440194163184854,0.47113921949622567,-1.1189371495912235,-0.014776261225252826,9.392578591964389,False,133.0,Budget,Qualcomm,262.0,3.0,No,No,-1.640493356410486
xiaomi,Xiaomi Mi 11 Lite NE 5G,21890,83.0,1,1,1,snapdragon,8.0,2.4,4250.0,1,33.0,6.0,128.0,6.55,90,3,1.0,android,64.0,20.0,1,1080,2400,False,False,False,1,0,0,0,0,0,0,0,0,0,1,0,0,-0.30451540053831333,0.6134552738647978,-0.07792670380891248,-0.5536124553548073,-0.14716178646109798,-0.2030817001874684,-0.11440194163184854,0.023825963791814262,-0.0805052369395907,0.40864983592379833,9.993785190516908,False,243.0,Mid-range,Qualcomm,402.0,4.0,No,Yes,0.31458301811271255
samsung,Samsung Galaxy Z Flip 3,69999,84.0,1,1,0,snapdragon,8.0,2.84,3300.0,1,15.0,8.0,128.0,6.7,120,2,1.0,android,12.0,10.0,0,1080,2640,False,False,False,1,0,0,0,0,0,0,0,0,0,1,0,0,1.3047586116640264,0.7477178225220302,0.8674717380797565,-1.4936209269004057,-0.6668714935021112,0.5347057499317991,-0.11440194163184854,0.47113921949622567,0.957926675712042,-1.1640756677726773,11.156236235215168,False,778.0,Flagship,Qualcomm,426.0,3.0,Yes,Yes,0.6497389680309751
apple,Apple iPhone 12 (128GB),55999,75.0,1,1,0,bionic,6.0,3.1,3279.0,0,0.0,4.0,128.0,6.1,60,2,1.0,ios,12.0,12.0,0,1170,2532,False,False,False,0,1,0,1,0,0,0,0,0,0,0,0,0,0.836450474499821,-0.46064511539306163,1.4261162719230616,-1.5144000615345716,-1.0999629160362887,-0.9408691503067359,-0.11440194163184854,-1.3181138033214173,-1.1189371495912235,-1.1640756677726773,10.933089112414988,False,622.0,Premium,Apple,457.0,3.0,No,Yes,1.0826487366753976
oneplus,OnePlus 10T (16GB RAM + 256GB),55999,87.0,1,1,0,snapdragon,8.0,3.2,4800.0,1,150.0,16.0,256.0,6.7,120,3,1.0,android,50.0,16.0,0,1080,2412,False,False,False,1,0,0,0,0,0,0,0,0,0,1,0,0,0.836450474499821,1.1505054684937275,1.6409795541704866,-0.009397024459987136,3.2309513093054876,3.485855550408869,1.1008739886393968,0.47113921949622567,0.957926675712042,-0.014776261225252826,10.933089112414988,False,622.0,Premium,Qualcomm,394.0,4.0,No,Yes,0.20286436813995834
samsung,Samsung Galaxy A13 (4GB RAM + 128GB),14999,75.0,0,0,0,unknown,8.0,2.0,5000.0,1,25.0,4.0,128.0,6.6,60,4,1.0,android,50.0,8.0,1,1080,2408,False,False,False,1,0,0,0,0,0,0,0,0,0,0,0,1,-0.5350233557667804,-0.46064511539306163,-0.9373798327986115,0.18849949586540202,-0.37814387847932607,-0.9408691503067359,-0.11440194163184854,0.1729303823599505,-1.1189371495912235,-0.014776261225252826,9.61573881119536,False,167.0,Budget,Unknown,400.0,5.0,No,No,0.286653355619524
oppo,OPPO Reno7 5G,25994,85.0,1,1,0,dimensity,8.0,2.0,4500.0,1,65.0,8.0,256.0,6.43,90,3,1.0,android,64.0,32.0,1,1080,2400,False,False,False,1,0,0,0,1,0,0,0,0,0,0,0,0,-0.16723421518674914,0.8819803711792626,-0.9373798327986115,-0.30624180494807085,0.7767665816118143,0.5347057499317991,1.1008739886393968,-0.33402464077171434,-0.0805052369395907,0.40864983592379833,10.165621021141535,False,289.0,Mid-range,MediaTek,409.0,4.0,No,Yes,0.41233683683887246
oneplus,OnePlus 9RT 5G,42999,85.0,1,1,0,snapdragon,8.0,2.84,4500.0,1,80.0,8.0,128.0,6.62,120,3,1.0,android,50.0,16.0,0,1080,2400,False,False,True,1,0,0,0,0,0,0,0,0,0,1,0,0,0.4015929185616303,0.8819803711792626,0.8674717380797565,-0.30624180494807085,1.2098580041459919,0.5347057499317991,-0.11440194163184854,0.2325721497872066,0.957926675712042,-0.014776261225252826,10.668932138591325,False,478.0,Premium,Qualcomm,398.0,4.0,No,Yes,0.2587236931263354
samsung,Samsung Galaxy A53 5G (8GB RAM + 128GB),33499,89.0,1,1,0,exynos,8.0,2.4,5000.0,1,25.0,8.0,128.0,6.5,120,4,1.0,android,64.0,32.0,1,1080,2400,False,False,False,1,0,0,0,0,1,0,0,0,0,0,0,0,0.08381239691449097,1.4190305658081923,-0.07792670380891248,0.18849949586540202,-0.37814387847932607,0.5347057499317991,-0.11440194163184854,-0.125278454776322,0.957926675712042,0.40864983592379833,10.419270866621346,False,372.0,Premium,Samsung,405.0,5.0,No,Yes,0.3564775118524954
samsung,Samsung Galaxy S22 Ultra 5G (12GB RAM + 512GB),118999,86.0,1,1,0,snapdragon,8.0,3.0,5000.0,1,45.0,12.0,512.0,6.8,120,4,1.0,android,108.0,40.0,0,1440,3080,True,False,False,1,0,0,0,0,0,0,0,0,0,1,0,0,2.943837091738745,1.016242919836495,1.2112529896756365,0.18849949586540202,0.19931135156624413,2.0102806501703343,3.5314258491818875,0.7693480566324982,0.957926675712042,1.739417569820816,11.686870368697013,False,1322.0,Flagship,Qualcomm,500.0,5.0,No,Yes,1.6831364802789515
motorola,Motorola Moto G71 5G,16999,80.0,1,1,0,snapdragon,8.0,2.2,5000.0,1,33.0,6.0,128.0,6.4,60,3,1.0,android,50.0,16.0,0,1080,2400,False,False,False,1,0,0,0,0,0,0,0,0,0,1,0,0,-0.4681221933147511,0.2106676278931005,-0.5076532683037616,0.18849949586540202,-0.14716178646109798,-0.2030817001874684,-0.11440194163184854,-0.4234872919125945,-1.1189371495912235,-0.014776261225252826,9.74090979777877,False,189.0,Mid-range,Qualcomm,411.0,4.0,No,Yes,0.440266499332061
itel,itel S16 Pro,6990,69.0,0,0,0,unknown,4.0,1.3,4000.0,0,0.0,2.0,32.0,6.6,60,3,1.0,android,8.0,8.0,1,1600,720,True,False,False,1,0,0,0,0,0,0,0,0,0,0,0,1,-0.802929060805932,-1.2662204073364562,-2.441422808530585,-0.8009831057615437,-1.0999629160362887,-1.6786566004260035,-1.0258588893352825,0.1729303823599505,-1.1189371495912235,-1.2850545526724062,8.852235835227855,False,78.0,Budget,Unknown,266.0,4.0,No,No,-1.5846340314241087
vivo,Vivo Y100,29990,82.0,1,0,0,dimensity,8.0,2.4,5000.0,1,66.0,8.0,128.0,6.0,120,3,2.0,android,50.0,50.0,0,1080,2400,False,False,False,1,0,0,0,1,0,0,0,0,0,0,0,0,-0.033565692607594504,0.47919272520756534,-0.07792670380891248,0.18849949586540202,0.8056393431140928,0.5347057499317991,-0.11440194163184854,-1.6163226404576898,0.957926675712042,-0.014776261225252826,10.308619271743055,False,333.0,Mid-range,MediaTek,439.0,5.0,No,Yes,0.8312817742367007
samsung,Samsung Galaxy M13 5G (4GB RAM + 64GB),12944,71.0,1,0,0,dimensity,8.0,2.2,5000.0,1,15.0,4.0,64.0,6.5,90,2,1.0,android,50.0,5.0,1,720,1600,False,False,False,1,0,0,0,1,0,0,0,0,0,0,0,0,-0.6037643001862406,-0.9976953100219913,-0.5076532683037616,0.18849949586540202,-0.6668714935021112,-0.9408691503067359,-0.7220399067674711,-0.125278454776322,-0.0805052369395907,-0.014776261225252826,9.468387639298273,False,144.0,Budget,MediaTek,270.0,3.0,No,Yes,-1.5287747064377317
poco,POCO X5 GT,29990,84.0,1,1,1,dimensity,8.0,3.2,5000.0,1,80.0,8.0,128.0,6.7,144,3,1.0,android,64.0,32.0,0,1080,2400,False,False,False,1,0,0,0,1,0,0,0,0,0,0,0,0,-0.033565692607594504,0.7477178225220302,1.6409795541704866,0.18849949586540202,1.2098580041459919,0.5347057499317991,-0.11440194163184854,0.47113921949622567,1.7886722058333482,0.40864983592379833,10.308619271743055,False,333.0,Mid-range,MediaTek,393.0,4.0,No,Yes,0.18889953689336406
honor,Honor X9 5G,16999,80.0,1,1,0,snapdragon,8.0,2.2,4800.0,1,66.0,8.0,128.0,6.81,60,3,1.0,android,48.0,16.0,0,1080,2388,False,False,False,1,0,0,0,0,0,0,0,0,0,1,0,0,-0.4681221933147511,0.2106676278931005,-0.5076532683037616,-0.009397024459987136,0.8056393431140928,0.5347057499317991,-0.11440194163184854,0.7991689403461248,-1.1189371495912235,-0.07526570367511727,9.74090979777877,False,189.0,Mid-range,Qualcomm,385.0,4.0,No,Yes,0.07718088692060986
iqoo,iQOO 11 (16GB RAM + 256GB),64999,89.0,1,1,0,snapdragon,8.0,3.2,5000.0,1,120.0,16.0,256.0,6.78,144,3,1.0,android,50.0,16.0,0,1440,3200,False,False,False,1,0,0,0,0,0,0,0,0,0,1,0,0,1.137505705533953,1.4190305658081923,1.6409795541704866,0.18849949586540202,2.364768464237132,3.485855550408869,1.1008739886393968,0.7097062892052447,1.7886722058333482,-0.014776261225252826,11.082127164144046,False,722.0,Flagship,Qualcomm,518.0,4.0,No,Yes,1.9345034427176484
samsung,Samsung Galaxy Z Fold 4,154998,86.0,1,1,0,snapdragon,8.0,3.2,4400.0,1,25.0,12.0,256.0,7.6,120,3,2.0,android,50.0,10.0,0,1812,2176,True,False,False,1,0,0,0,0,0,0,0,0,0,1,0,0,4.1480245652940475,1.016242919836495,1.6409795541704866,-0.40519006511076544,-0.37814387847932607,2.0102806501703343,1.1008739886393968,3.155018753722686,0.957926675712042,-0.014776261225252826,11.95116749259233,True,1722.0,Flagship,Qualcomm,373.0,5.0,Yes,Yes,-0.09039708803852144
royole,Royole FlexPai 2,109999,87.0,1,0,0,snapdragon,8.0,2.84,4450.0,0,0.0,8.0,128.0,7.8,60,3,1.0,android,64.0,32.0,0,1440,1920,False,False,False,1,0,0,0,0,0,0,0,0,0,1,0,0,2.642781860704613,1.1505054684937275,0.8674717380797565,-0.3557159350294181,-1.0999629160362887,0.5347057499317991,-0.11440194163184854,3.751436427995234,-1.1189371495912235,0.40864983592379833,11.60822655382414,True,1222.0,Flagship,Qualcomm,308.0,4.0,Yes,Yes,-0.9981111190671492
apple,Apple iPhone 14 Plus (256GB),84999,83.0,1,1,0,bionic,6.0,3.22,4325.0,1,18.0,6.0,256.0,6.7,60,2,1.0,ios,12.0,12.0,0,1284,2778,False,False,True,0,1,0,1,0,0,0,0,0,0,0,0,0,1.8065173300542465,0.6134552738647978,1.6839522106199716,-0.47940126023278634,-0.5802532089952757,-0.2030817001874684,1.1008739886393968,0.47113921949622567,-1.1189371495912235,-1.1640756677726773,11.350394770697367,False,944.0,Flagship,Apple,457.0,3.0,No,Yes,1.0826487366753976
samsung,Samsung Galaxy A33 5G (8GB RAM + 128GB),27499,85.0,1,1,0,exynos,8.0,2.4,5000.0,1,25.0,8.0,128.0,6.4,90,4,1.0,android,48.0,13.0,1,1080,2400,False,False,False,1,0,0,0,0,1,0,0,0,0,0,0,0,-0.11689109044159705,0.8819803711792626,-0.07792670380891248,0.18849949586540202,-0.37814387847932607,0.5347057499317991,-0.11440194163184854,-0.4234872919125945,-0.0805052369395907,-0.07526570367511727,10.221904919357126,False,306.0,Mid-range,Samsung,411.0,5.0,No,Yes,0.440266499332061
tecno,Tecno Spark 9,8999,69.0,0,0,0,helio,8.0,2.3,5000.0,0,0.0,6.0,128.0,6.6,90,2,1.0,android,13.0,8.0,1,720,1600,False,False,False,1,0,0,0,0,0,0,1,0,0,0,0,0,-0.7357268431228684,-1.2662204073364562,-0.2927899860563375,0.18849949586540202,-1.0999629160362887,-0.2030817001874684,-0.11440194163184854,0.1729303823599505,-0.0805052369395907,-1.1338309465477452,9.104868739033948,False,100.0,Budget,MediaTek,266.0,3.0,No,No,-1.5846340314241087
google,Google Pixel 6,40480,84.0,1,1,0,google,8.0,2.8,4614.0,1,30.0,8.0,128.0,6.4,90,2,1.0,android,50.0,8.0,0,1080,2400,False,False,False,1,0,0,0,0,0,1,0,0,0,0,0,0,0.31733090445329937,0.7477178225220302,0.7815264251807865,-0.19344078836259904,-0.23378007096793352,0.5347057499317991,-0.11440194163184854,-0.4234872919125945,-0.0805052369395907,-0.014776261225252826,10.608563303961347,False,450.0,Premium,Google,411.0,3.0,No,Yes,0.440266499332061
xiaomi,Xiaomi Redmi Note 10 Pro (6GB RAM + 128GB),17999,81.0,0,0,1,snapdragon,8.0,2.3,5020.0,1,33.0,6.0,128.0,6.67,120,4,1.0,android,64.0,16.0,1,1080,2400,False,False,False,1,0,0,0,0,0,0,0,0,0,1,0,0,-0.4346716120887364,0.3449301765503329,-0.2927899860563375,0.20828914789794092,-0.14716178646109798,-0.2030817001874684,-0.11440194163184854,0.38167656835534286,0.957926675712042,0.40864983592379833,9.798071479779479,False,200.0,Mid-range,Qualcomm,395.0,5.0,No,No,0.2168291993865526
samsung,Samsung Galaxy S21 Ultra,105999,86.0,1,1,0,exynos,8.0,2.9,5000.0,1,25.0,12.0,256.0,6.8,120,4,1.0,android,108.0,40.0,0,1440,3200,True,False,False,1,0,0,0,0,1,0,0,0,0,0,0,0,2.508979535800554,1.016242919836495,0.9963897074282115,0.18849949586540202,-0.37814387847932607,2.0102806501703343,1.1008739886393968,0.7693480566324982,0.957926675712042,1.739417569820816,11.57118493908744,False,1178.0,Flagship,Samsung,516.0,5.0,No,Yes,1.9065737802244598
infinix,Infinix Hot 20 Play,8999,67.0,0,0,0,helio,8.0,2.3,6000.0,1,18.0,4.0,64.0,6.82,90,2,1.0,android,13.0,8.0,1,720,1640,False,False,False,1,0,0,0,0,0,0,1,0,0,0,0,0,-0.7357268431228684,-1.534745504650921,-0.2927899860563375,1.1779820974923478,-0.5802532089952757,-0.9408691503067359,-0.7220399067674711,0.8289898240597543,-0.0805052369395907,-1.1338309465477452,9.104868739033948,False,100.0,Budget,MediaTek,263.0,3.0,No,No,-1.6265285251638917
vivo,Vivo T1x (6GB RAM + 128GB),14999,77.0,0,0,0,snapdragon,8.0,2.4,5000.0,1,18.0,6.0,128.0,6.58,90,2,1.0,android,50.0,8.0,1,1080,2408,False,False,False,1,0,0,0,0,0,0,0,0,0,1,0,0,-0.5350233557667804,-0.19212001807859677,-0.07792670380891248,0.18849949586540202,-0.5802532089952757,-0.2030817001874684,-0.11440194163184854,0.11328861493269707,-0.0805052369395907,-0.014776261225252826,9.61573881119536,False,167.0,Budget,Qualcomm,401.0,3.0,No,No,0.30061818686611824
oppo,OPPO F23 Pro,19990,82.0,1,0,0,snapdragon,8.0,2.2,4500.0,1,33.0,8.0,128.0,6.5,90,3,1.0,android,64.0,32.0,1,1080,2400,False,False,False,1,0,0,0,0,0,0,0,0,0,1,0,0,-0.3680715048677412,0.47919272520756534,-0.5076532683037616,-0.30624180494807085,-0.14716178646109798,0.5347057499317991,-0.11440194163184854,-0.125278454776322,-0.0805052369395907,0.40864983592379833,9.902987427494446,False,222.0,Mid-range,Qualcomm,405.0,4.0,No,Yes,0.3564775118524954
iqoo,iQOO Z6 Pro 5G (8GB RAM + 128GB),23399,80.0,1,0,0,snapdragon,8.0,2.4,4700.0,1,66.0,8.0,128.0,6.44,90,3,1.0,android,64.0,16.0,0,1080,2404,False,False,False,1,0,0,0,0,0,0,0,0,0,1,0,0,-0.2540384734682572,0.2106676278931005,-0.07792670380891248,-0.10834528462268171,0.8056393431140928,0.5347057499317991,-0.11440194163184854,-0.30420375705808494,-0.0805052369395907,0.40864983592379833,10.06044856538989,False,260.0,Mid-range,Qualcomm,409.0,4.0,No,Yes,0.41233683683887246
samsung,Samsung Galaxy A73 5G (8GB RAM + 256GB),41990,86.0,1,1,0,snapdragon,8.0,2.4,5000.0,1,25.0,8.0,256.0,6.7,120,4,1.0,android,108.0,32.0,1,1080,2400,True,False,False,1,0,0,0,0,0,0,0,0,0,1,0,0,0.36784128210458156,1.016242919836495,-0.07792670380891248,0.18849949586540202,-0.37814387847932607,0.5347057499317991,1.1008739886393968,0.47113921949622567,0.957926675712042,1.739417569820816,10.645186773678239,False,467.0,Premium,Qualcomm,393.0,5.0,No,Yes,0.18889953689336406
realme,Realme 9 5G SE (8GB RAM + 128GB),22998,82.0,1,0,0,snapdragon,8.0,2.4,5000.0,1,30.0,8.0,128.0,6.6,144,3,1.0,android,48.0,16.0,1,1080,2412,False,False,False,1,0,0,0,0,0,0,0,0,0,1,0,0,-0.2674521565398891,0.47919272520756534,-0.07792670380891248,0.18849949586540202,-0.23378007096793352,0.5347057499317991,-0.11440194163184854,0.1729303823599505,1.7886722058333482,-0.07526570367511727,10.04316253460861,False,256.0,Mid-range,Qualcomm,400.0,4.0,No,Yes,0.286653355619524
poco,Poco F4 5G,25999,82.0,1,1,0,snapdragon,8.0,3.2,4500.0,1,67.0,6.0,128.0,6.67,120,3,1.0,android,64.0,20.0,0,1080,2400,False,False,False,1,0,0,0,0,0,0,0,0,0,1,0,0,-0.16706696228061904,0.47919272520756534,1.6409795541704866,-0.30624180494807085,0.8345121046163714,-0.2030817001874684,-0.11440194163184854,0.38167656835534286,0.957926675712042,0.40864983592379833,10.165813354725493,False,289.0,Mid-range,Qualcomm,395.0,4.0,No,Yes,0.2168291993865526
infinix,Infinix Note 12,11700,74.0,0,0,0,helio,8.0,2.0,5000.0,1,33.0,4.0,64.0,6.7,60,3,1.0,android,50.0,16.0,1,2400,1080,False,False,False,1,0,0,0,0,0,0,1,0,0,0,0,0,-0.6453768232314028,-0.594907664050294,-0.9373798327986115,0.18849949586540202,-0.14716178646109798,-0.9408691503067359,-0.7220399067674711,0.47113921949622567,-1.1189371495912235,-0.014776261225252826,9.367344120785848,False,130.0,Budget,MediaTek,393.0,4.0,No,No,0.18889953689336406
samsung,Samsung Galaxy A03 Core,6499,69.0,0,0,0,unisoc,4.0,1.6,5000.0,0,0.0,2.0,32.0,6.5,60,1,1.0,android,8.0,5.0,1,720,1600,True,False,False,1,0,0,0,0,0,0,0,0,0,0,1,0,-0.8193532961879051,-1.2662204073364562,-1.7968329617883105,0.18849949586540202,-1.0999629160362887,-1.6786566004260035,-1.0258588893352825,-0.125278454776322,-1.1189371495912235,-1.2850545526724062,8.77940359789435,False,72.0,Budget,Unisoc,270.0,2.0,No,No,-1.5287747064377317
motorola,Motorola Moto G60,15999,84.0,0,1,0,snapdragon,8.0,2.3,6000.0,1,20.0,6.0,128.0,6.78,120,3,1.0,android,108.0,32.0,1,1080,2460,False,False,False,1,0,0,0,0,0,0,0,0,0,1,0,0,-0.5015727745407658,0.7477178225220302,-0.2927899860563375,1.1779820974923478,-0.5225076859907186,-0.2030817001874684,-0.11440194163184854,0.7097062892052447,0.957926675712042,1.739417569820816,9.680281499268713,False,178.0,Mid-range,Qualcomm,396.0,4.0,No,No,0.23079403063314688
oneplus,OnePlus 9 Pro,64800,89.0,1,1,0,snapdragon,8.0,2.84,4500.0,1,65.0,8.0,128.0,6.7,120,4,1.0,android,48.0,16.0,0,1440,3216,False,False,False,1,0,0,0,0,0,0,0,0,0,1,0,0,1.1308490398699762,1.4190305658081923,0.8674717380797565,-0.30624180494807085,0.7767665816118143,0.5347057499317991,-0.11440194163184854,0.47113921949622567,0.957926675712042,-0.07526570367511727,11.079060882340366,False,720.0,Flagship,Qualcomm,526.0,5.0,No,Yes,2.0462220926904027
xiaomi,Xiaomi Redmi Note 11S,14590,80.0,0,0,1,helio,8.0,2.05,5000.0,1,33.0,6.0,64.0,6.43,90,4,1.0,android,108.0,16.0,1,1080,2400,False,False,False,1,0,0,0,0,0,0,1,0,0,0,0,0,-0.5487046434882205,0.2106676278931005,-0.8299481916748995,0.18849949586540202,-0.14716178646109798,-0.2030817001874684,-0.7220399067674711,-0.33402464077171434,-0.0805052369395907,1.739417569820816,9.588091641516831,False,162.0,Budget,MediaTek,409.0,5.0,No,No,0.41233683683887246
xiaomi,Xiaomi Redmi 9 Activ,7499,68.0,0,0,0,helio,8.0,2.3,5000.0,0,0.0,4.0,64.0,6.53,60,2,1.0,android,13.0,5.0,1,720,1600,False,False,False,1,0,0,0,0,0,0,1,0,0,0,0,0,-0.7859027149618905,-1.4004829559936887,-0.2927899860563375,0.18849949586540202,-1.0999629160362887,-0.9408691503067359,-0.7220399067674711,-0.03581580363543918,-1.1189371495912235,-1.1338309465477452,8.92252495730139,False,83.0,Budget,MediaTek,269.0,3.0,No,No,-1.542739537684326
tecno,Tecno Camon 19 Pro 5G,21999,82.0,1,1,0,dimensity,8.0,2.4,5000.0,1,33.0,8.0,128.0,6.8,120,3,1.0,android,64.0,16.0,0,1080,2460,False,False,False,1,0,0,0,1,0,0,0,0,0,0,0,0,-0.30086928718467776,0.47919272520756534,-0.07792670380891248,0.18849949586540202,-0.14716178646109798,0.5347057499317991,-0.11440194163184854,0.7693480566324982,0.957926675712042,0.40864983592379833,9.998752276761909,False,244.0,Mid-range,MediaTek,395.0,4.0,No,Yes,0.2168291993865526
samsung,Samsung Galaxy A04,11999,71.0,0,0,0,helio,8.0,2.3,5000.0,1,25.0,4.0,64.0,6.5,60,2,1.0,android,50.0,5.0,1,720,1600,False,False,True,1,0,0,0,0,0,0,1,0,0,0,0,0,-0.6353750994448244,-0.9976953100219913,-0.2927899860563375,0.18849949586540202,-0.37814387847932607,-0.9408691503067359,-0.7220399067674711,-0.125278454776322,-1.1189371495912235,-0.014776261225252826,9.392578591964389,False,133.0,Budget,MediaTek,270.0,3.0,No,No,-1.5287747064377317
poco,POCO M4 Pro 4G (6GB RAM + 128GB),12999,79.0,0,0,1,helio,8.0,2.05,5000.0,1,33.0,6.0,128.0,6.43,90,3,1.0,android,64.0,16.0,1,1080,2400,False,False,False,1,0,0,0,0,0,0,1,0,0,0,0,0,-0.6019245182188098,0.07640507923586808,-0.8299481916748995,0.18849949586540202,-0.14716178646109798,-0.2030817001874684,-0.11440194163184854,-0.33402464077171434,-0.0805052369395907,0.40864983592379833,9.47262771040802,False,144.0,Budget,MediaTek,409.0,4.0,No,No,0.41233683683887246
oneplus,OnePlus Nord N20 5G,20990,81.0,1,1,0,snapdragon,8.0,2.2,4500.0,1,33.0,6.0,128.0,6.43,60,3,1.0,android,64.0,16.0,1,1080,2400,False,False,False,1,0,0,0,0,0,0,0,0,0,1,0,0,-0.3346209236417265,0.3449301765503329,-0.5076532683037616,-0.30624180494807085,-0.14716178646109798,-0.2030817001874684,-0.11440194163184854,-0.33402464077171434,-1.1189371495912235,0.40864983592379833,9.951801412814678,False,233.0,Mid-range,Qualcomm,409.0,4.0,No,Yes,0.41233683683887246
apple,Apple iPhone 13 (256GB),72999,79.0,1,1,0,bionic,6.0,3.22,3240.0,1,18.0,4.0,256.0,6.1,60,2,1.0,ios,12.0,12.0,0,1170,2532,False,False,True,0,1,0,1,0,0,0,0,0,0,0,0,0,1.4051103553420705,0.07640507923586808,1.6839522106199716,-1.5529898829980224,-0.5802532089952757,-0.9408691503067359,1.1008739886393968,-1.3181138033214173,-1.1189371495912235,-1.1640756677726773,11.198201021406565,False,811.0,Flagship,Apple,457.0,3.0,No,Yes,1.0826487366753976
oppo,Oppo Find X6 Pro,77990,86.0,1,1,0,snapdragon,8.0,3.2,4700.0,1,120.0,12.0,256.0,6.78,120,3,1.0,android,50.0,32.0,0,1080,2400,True,False,False,1,0,0,0,0,0,0,0,0,0,1,0,0,1.5720622062411096,1.016242919836495,1.6409795541704866,-0.10834528462268171,2.364768464237132,2.0102806501703343,1.1008739886393968,0.7097062892052447,0.957926675712042,-0.014776261225252826,11.264335892324544,False,867.0,Flagship,Qualcomm,388.0,4.0,No,Yes,0.11907538066039268
vivo,Vivo X90 Pro 5G,56999,86.0,1,1,1,dimensity,8.0,3.05,4870.0,1,120.0,8.0,256.0,6.78,120,3,1.0,android,50.3,32.0,0,1260,2800,True,False,False,1,0,0,0,1,0,0,0,0,0,0,0,0,0.8699010557258358,1.016242919836495,1.3186846307993485,0.059866757653899066,2.364768464237132,0.5347057499317991,1.1008739886393968,0.7097062892052447,0.957926675712042,-0.005702844857773245,10.950789002803143,False,633.0,Premium,MediaTek,453.0,4.0,No,Yes,1.0267894116890206
motorola,Motorola Moto G53,21999,79.0,1,1,0,snapdragon,8.0,2.2,5000.0,1,10.0,4.0,128.0,6.5,120,2,1.0,android,50.0,16.0,1,720,1600,False,False,False,1,0,0,0,0,0,0,0,0,0,1,0,0,-0.30086928718467776,0.07640507923586808,-0.5076532683037616,0.18849949586540202,-0.8112353010135037,-0.9408691503067359,-0.11440194163184854,-0.125278454776322,0.957926675712042,-0.014776261225252826,9.998752276761909,False,244.0,Mid-range,Qualcomm,270.0,3.0,No,Yes,-1.5287747064377317
motorola,Motorola Moto G22,9499,75.0,0,0,0,helio,8.0,2.3,5000.0,1,20.0,4.0,64.0,6.53,90,4,1.0,android,50.0,16.0,1,720,1600,False,False,False,1,0,0,0,0,0,0,1,0,0,0,0,0,-0.7190015525098611,-0.46064511539306163,-0.2927899860563375,0.18849949586540202,-0.5225076859907186,-0.9408691503067359,-0.7220399067674711,-0.03581580363543918,-0.0805052369395907,-0.014776261225252826,9.158941808890182,False,106.0,Budget,MediaTek,269.0,5.0,No,No,-1.542739537684326
xiaomi,Xiaomi Redmi 9i Sport,7499,66.0,0,0,0,helio,8.0,2.0,5000.0,1,10.0,4.0,64.0,6.53,60,1,1.0,android,13.0,5.0,1,720,1600,False,False,False,1,0,0,0,0,0,0,1,0,0,0,0,0,-0.7859027149618905,-1.6690080533081535,-0.9373798327986115,0.18849949586540202,-0.8112353010135037,-0.9408691503067359,-0.7220399067674711,-0.03581580363543918,-1.1189371495912235,-1.1338309465477452,8.92252495730139,False,83.0,Budget,MediaTek,269.0,2.0,No,No,-1.542739537684326
jio,Jio JioPhone Next,4649,69.0,0,0,0,snapdragon,4.0,1.3,3500.0,0,0.0,2.0,32.0,5.45,60,1,1.0,android,13.0,8.0,1,720,1440,True,False,False,1,0,0,0,0,0,0,0,0,0,1,0,0,-0.8812368714560322,-1.2662204073364562,-2.441422808530585,-1.2957244065750166,-1.0999629160362887,-1.6786566004260035,-1.0258588893352825,-3.256471244707194,-1.1189371495912235,-1.1338309465477452,8.444407421690585,True,52.0,Budget,Qualcomm,295.0,2.0,No,No,-1.1796539252728748
vivo,Vivo Y93,18000,62.0,0,0,0,helio,8.0,2.0,4030.0,0,0.0,4.0,32.0,6.2,60,2,1.0,android,13.0,8.0,1,1520,720,False,False,False,1,0,0,0,0,0,0,1,0,0,0,0,0,-0.4346381615075104,-2.206058247937083,-0.9373798327986115,-0.7712986277127354,-1.0999629160362887,-0.9408691503067359,-1.0258588893352825,-1.0199049661851423,-1.1189371495912235,-1.1338309465477452,9.798127036878302,False,200.0,Mid-range,MediaTek,271.0,3.0,No,No,-1.5148098751911374
xiaomi,Xiaomi Redmi K60 Pro,38999,85.0,1,1,1,snapdragon,8.0,3.2,5000.0,1,120.0,8.0,128.0,6.67,120,3,1.0,android,54.0,16.0,0,1440,3200,False,False,False,1,0,0,0,0,0,0,0,0,0,1,0,0,0.2677905936575717,0.8819803711792626,1.6409795541704866,0.18849949586540202,2.364768464237132,0.5347057499317991,-0.11440194163184854,0.38167656835534286,0.957926675712042,0.10620262367447607,10.571291283757406,False,433.0,Premium,Qualcomm,526.0,4.0,No,Yes,2.0462220926904027
realme,Realme C30s,7145,69.0,0,0,0,unisoc,8.0,1.6,5000.0,1,10.0,2.0,32.0,6.5,60,1,1.0,android,8.0,5.0,1,720,1600,True,False,False,1,0,0,0,0,0,0,0,0,0,0,1,0,-0.7977442207158997,-1.2662204073364562,-1.7968329617883105,0.18849949586540202,-0.8112353010135037,-1.6786566004260035,-1.0258588893352825,-0.125278454776322,-1.1189371495912235,-1.2850545526724062,8.874168090363968,False,79.0,Budget,Unisoc,270.0,2.0,No,No,-1.5287747064377317
vivo,Vivo Y22s,14990,77.0,0,0,0,snapdragon,8.0,2.4,5000.0,1,18.0,8.0,128.0,6.55,90,2,1.0,android,50.0,8.0,1,1612,720,False,False,False,1,0,0,0,0,0,0,0,0,0,1,0,0,-0.5353244109978146,-0.19212001807859677,-0.07792670380891248,0.18849949586540202,-0.5802532089952757,0.5347057499317991,-0.11440194163184854,0.023825963791814262,-0.0805052369395907,-0.014776261225252826,9.615138591096644,False,167.0,Budget,Qualcomm,270.0,3.0,No,No,-1.5287747064377317
oppo,OPPO A77,15499,70.0,0,0,0,helio,8.0,2.3,5000.0,1,33.0,4.0,64.0,6.56,60,2,1.0,android,50.0,8.0,1,720,1600,False,False,False,1,0,0,0,0,0,0,1,0,0,0,0,0,-0.5182980651537731,-1.1319578586792238,-0.2927899860563375,0.18849949586540202,-0.14716178646109798,-0.9408691503067359,-0.7220399067674711,0.053646847505440985,-1.1189371495912235,-0.014776261225252826,9.648530784697051,False,172.0,Mid-range,MediaTek,267.0,3.0,No,No,-1.5706692001775144
xiaomi,Xiaomi Redmi 10A Sport,9999,69.0,0,0,1,helio,8.0,2.0,5000.0,0,0.0,6.0,128.0,6.53,60,1,1.0,android,13.0,5.0,1,720,1600,False,False,False,1,0,0,0,0,0,0,1,0,0,0,0,0,-0.7022762618968538,-1.2662204073364562,-0.9373798327986115,0.18849949586540202,-1.0999629160362887,-0.2030817001874684,-0.11440194163184854,-0.03581580363543918,-1.1189371495912235,-1.1338309465477452,9.21024036697585,False,111.0,Budget,MediaTek,269.0,2.0,No,No,-1.542739537684326
poco,Poco F4 (12GB RAM + 256GB),29999,86.0,1,1,0,snapdragon,8.0,3.2,4500.0,1,67.0,12.0,256.0,6.67,120,3,1.0,android,64.0,20.0,0,1080,2400,False,False,False,1,0,0,0,0,0,0,0,0,0,1,0,0,-0.03326463737656037,1.016242919836495,1.6409795541704866,-0.30624180494807085,0.8345121046163714,2.0102806501703343,1.1008739886393968,0.38167656835534286,0.957926675712042,0.40864983592379833,10.308919326755392,False,333.0,Mid-range,Qualcomm,395.0,4.0,No,Yes,0.2168291993865526
realme,Realme 9 4G (8GB RAM + 128GB),15999,84.0,0,0,0,snapdragon,8.0,2.4,5000.0,1,33.0,8.0,128.0,6.4,90,3,1.0,android,108.0,16.0,1,1080,2400,False,False,False,1,0,0,0,0,0,0,0,0,0,1,0,0,-0.5015727745407658,0.7477178225220302,-0.07792670380891248,0.18849949586540202,-0.14716178646109798,0.5347057499317991,-0.11440194163184854,-0.4234872919125945,-0.0805052369395907,1.739417569820816,9.680281499268713,False,178.0,Mid-range,Qualcomm,411.0,4.0,No,No,0.440266499332061
xiaomi,Xiaomi 12T Pro 5G,59990,89.0,1,1,1,snapdragon,8.0,3.2,5000.0,1,120.0,8.0,128.0,6.67,120,3,1.0,android,200.0,20.0,0,1220,2712,False,False,False,1,0,0,0,0,0,0,0,0,0,1,0,0,0.9699517441728456,1.4190305658081923,1.6409795541704866,0.18849949586540202,2.364768464237132,0.5347057499317991,-0.11440194163184854,0.38167656835534286,0.957926675712042,4.521931922514581,11.00193316064714,False,667.0,Premium,Qualcomm,446.0,4.0,No,Yes,0.9290355929628606
iqoo,iQOO 9 5G,34990,84.0,1,0,0,snapdragon,8.0,2.9,4350.0,1,120.0,8.0,128.0,6.56,120,3,1.0,android,48.0,16.0,0,1080,2376,False,False,False,1,0,0,0,0,0,0,0,0,0,1,0,0,0.13368721352247884,0.7477178225220302,0.9963897074282115,-0.4546641951921127,2.364768464237132,0.5347057499317991,-0.11440194163184854,0.053646847505440985,0.957926675712042,-0.07526570367511727,10.462817585361734,False,389.0,Premium,Qualcomm,398.0,4.0,No,Yes,0.2587236931263354
apple,Apple iPhone 12 Mini (128GB),45999,75.0,1,1,0,bionic,6.0,3.1,3279.0,0,0.0,4.0,128.0,5.4,60,2,1.0,ios,12.0,12.0,0,1080,2340,False,False,False,0,1,0,1,0,0,0,0,0,0,0,0,0,0.5019446622396744,-0.46064511539306163,1.4261162719230616,-1.5144000615345716,-1.0999629160362887,-0.9408691503067359,-0.11440194163184854,-3.40557566327533,-1.1189371495912235,-1.1640756677726773,10.736374936104498,True,511.0,Premium,Apple,477.0,3.0,No,Yes,1.3619453616072832
samsung,Samsung Galaxy S24 Ultra,119990,85.0,1,0,0,snapdragon,8.0,2.4,5100.0,1,45.0,12.0,256.0,6.83,144,4,1.0,android,200.0,60.0,0,1200,2860,False,True,False,1,0,0,0,0,0,0,0,0,0,1,0,0,2.9769866177337256,0.8819803711792626,-0.07792670380891248,0.2874477560280966,0.19931135156624413,2.0102806501703343,1.1008739886393968,0.858810707773381,1.7886722058333482,4.521931922514581,11.695163684958434,False,1333.0,Flagship,Qualcomm,454.0,5.0,No,Yes,1.0407542429356147
oppo,OPPO Find N Flip,89990,88.0,1,1,0,dimensity,8.0,3.05,4300.0,1,44.0,8.0,128.0,6.8,120,2,1.0,android,50.0,32.0,0,1200,2400,False,False,False,1,0,0,0,1,0,0,0,0,0,0,0,0,1.9734691809532856,1.28476801715096,1.3186846307993485,-0.50413832527346,0.17043859006396564,0.5347057499317991,-0.11440194163184854,0.7693480566324982,0.957926675712042,-0.014776261225252826,11.407453832027993,False,1000.0,Flagship,MediaTek,395.0,3.0,Yes,Yes,0.2168291993865526
oneplus,OnePlus 10T (12GB RAM + 256GB),50999,87.0,1,1,0,snapdragon,8.0,3.2,4800.0,1,150.0,12.0,256.0,6.7,120,3,1.0,android,50.0,16.0,0,1080,2412,False,False,False,1,0,0,0,0,0,0,0,0,0,1,0,0,0.6691975683697478,1.1505054684937275,1.6409795541704866,-0.009397024459987136,3.2309513093054876,2.0102806501703343,1.1008739886393968,0.47113921949622567,0.957926675712042,-0.014776261225252826,10.83956130367109,False,567.0,Premium,Qualcomm,394.0,4.0,No,Yes,0.20286436813995834
tecno,Tecno Spark 9 (4GB RAM + 64GB),7999,65.0,0,0,0,helio,8.0,2.3,5000.0,0,0.0,4.0,64.0,6.6,90,2,1.0,android,13.0,8.0,1,720,1600,False,False,False,1,0,0,0,0,0,0,1,0,0,0,0,0,-0.7691774243488831,-1.803270601965386,-0.2927899860563375,0.18849949586540202,-1.0999629160362887,-0.9408691503067359,-0.7220399067674711,0.1729303823599505,-0.0805052369395907,-1.1338309465477452,8.987071812848821,False,89.0,Budget,MediaTek,266.0,3.0,No,No,-1.5846340314241087
samsung,Samsung Galaxy S21 FE 5G (8GB RAM + 256GB),43999,88.0,1,1,0,exynos,8.0,2.9,4500.0,1,25.0,8.0,256.0,6.4,120,3,1.0,android,12.0,32.0,0,1080,2340,False,False,False,1,0,0,0,0,1,0,0,0,0,0,0,0,0.435043499787645,1.28476801715096,0.9963897074282115,-0.30624180494807085,-0.37814387847932607,0.5347057499317991,1.1008739886393968,-0.4234872919125945,0.957926675712042,-1.1640756677726773,10.691922185369403,False,489.0,Premium,Samsung,403.0,4.0,No,Yes,0.3285478493593068
xiaomi,Xiaomi Redmi Note 11T 5G (8GB RAM + 128GB),18499,83.0,1,0,1,dimensity,8.0,2.4,5000.0,1,33.0,8.0,128.0,6.6,90,2,1.0,android,50.0,16.0,1,1080,2400,False,False,False,1,0,0,0,1,0,0,0,0,0,0,0,0,-0.4179463214757291,0.6134552738647978,-0.07792670380891248,0.18849949586540202,-0.14716178646109798,0.5347057499317991,-0.11440194163184854,0.1729303823599505,-0.0805052369395907,-0.014776261225252826,9.82547195555139,False,206.0,Mid-range,MediaTek,399.0,3.0,No,Yes,0.27268852437292973
sony,Sony Xperia Pro-I,134999,86.0,1,1,0,snapdragon,8.0,2.84,4500.0,1,30.0,12.0,512.0,6.5,120,3,1.0,android,12.0,8.0,1,1644,3840,True,False,False,1,0,0,0,0,0,0,0,0,0,1,0,0,3.47904639135498,1.016242919836495,0.8674717380797565,-0.30624180494807085,-0.23378007096793352,2.0102806501703343,3.5314258491818875,-0.125278454776322,0.957926675712042,-1.1640756677726773,11.813022649985724,True,1500.0,Flagship,Qualcomm,643.0,4.0,No,Yes,3.6801073485419327
vivo,Vivo V21 Pro,32999,85.0,1,0,0,snapdragon,8.0,2.4,4300.0,1,33.0,8.0,128.0,6.44,60,4,2.0,android,64.0,44.0,0,1080,2400,False,False,False,1,0,0,0,0,0,0,0,0,0,1,0,0,0.06708710630148364,0.8819803711792626,-0.07792670380891248,-0.50413832527346,-0.14716178646109798,0.5347057499317991,-0.11440194163184854,-0.30420375705808494,-1.1189371495912235,0.40864983592379833,10.404232536959167,False,367.0,Premium,Qualcomm,409.0,6.0,No,Yes,0.41233683683887246
poco,Poco X3,13499,80.0,0,0,1,snapdragon,8.0,2.3,6000.0,1,33.0,6.0,64.0,6.67,120,4,1.0,android,64.0,20.0,1,1080,2400,False,False,False,1,0,0,0,0,0,0,0,0,0,1,0,0,-0.5851992276058025,0.2106676278931005,-0.2927899860563375,1.1779820974923478,-0.14716178646109798,-0.2030817001874684,-0.7220399067674711,0.38167656835534286,0.957926675712042,0.40864983592379833,9.510370887608827,False,150.0,Budget,Qualcomm,395.0,5.0,No,No,0.2168291993865526
samsung,Samsung Galaxy S20 FE,35489,86.0,0,1,0,exynos,8.0,2.73,4500.0,1,25.0,8.0,128.0,6.5,120,3,1.0,android,12.0,32.0,1,1080,2400,False,False,False,1,0,0,0,0,1,0,0,0,0,0,0,0,0.15037905355426018,1.016242919836495,0.6311221276075896,-0.30624180494807085,-0.37814387847932607,0.5347057499317991,-0.11440194163184854,-0.125278454776322,0.957926675712042,-1.1640756677726773,10.476978068292311,False,394.0,Premium,Samsung,405.0,4.0,No,No,0.3564775118524954
google,Google Pixel 4,20120,78.0,0,1,0,snapdragon,8.0,2.8,2800.0,1,30.0,6.0,64.0,5.7,60,2,2.0,android,16.0,8.0,0,1080,2280,False,False,True,1,0,0,0,0,0,0,0,0,0,1,0,0,-0.3637229293083593,-0.05785746942136435,0.7815264251807865,-1.9883622277138786,-0.23378007096793352,-0.2030817001874684,-0.7220399067674711,-2.51094915186651,-1.1189371495912235,-1.0430967828729485,9.909469624213676,False,224.0,Mid-range,Qualcomm,443.0,4.0,No,No,0.8871410992230778
samsung,Samsung Galaxy S10 Plus,42999,81.0,0,1,0,exynos,8.0,2.7,4100.0,1,15.0,8.0,128.0,6.4,60,3,2.0,android,16.0,10.0,1,1440,3040,False,False,False,1,0,0,0,0,1,0,0,0,0,0,0,0,0.4015929185616303,0.3449301765503329,0.5666631429333625,-0.7020348455988491,-0.6668714935021112,0.5347057499317991,-0.11440194163184854,-0.4234872919125945,-1.1189371495912235,-1.0430967828729485,10.668932138591325,False,478.0,Premium,Samsung,526.0,5.0,No,No,2.0462220926904027
realme,Realme 11 Pro Plus,24999,78.0,1,0,0,dimensity,8.0,2.2,4200.0,1,66.0,6.0,128.0,6.4,90,3,1.0,android,50.0,16.0,0,1080,2400,False,False,False,1,0,0,0,1,0,0,0,0,0,0,0,0,-0.20051754350663373,-0.05785746942136435,-0.5076532683037616,-0.6030865854361546,0.8056393431140928,-0.2030817001874684,-0.11440194163184854,-0.4234872919125945,-0.0805052369395907,-0.014776261225252826,10.126591103050316,False,278.0,Mid-range,MediaTek,411.0,4.0,No,Yes,0.440266499332061
oppo,OPPO F21 Pro 4G,20999,82.0,0,0,0,snapdragon,8.0,2.4,4500.0,1,33.0,8.0,128.0,6.5,90,3,1.0,android,64.0,32.0,1,1080,2400,False,False,False,1,0,0,0,0,0,0,0,0,0,1,0,0,-0.3343198684106924,0.47919272520756534,-0.07792670380891248,-0.30624180494807085,-0.14716178646109798,0.5347057499317991,-0.11440194163184854,-0.125278454776322,-0.0805052369395907,0.40864983592379833,9.952230096524119,False,233.0,Mid-range,Qualcomm,405.0,4.0,No,No,0.3564775118524954
realme,Realme GT 2 5G,28994,84.0,1,1,0,snapdragon,8.0,2.84,5000.0,1,65.0,8.0,128.0,6.62,120,3,1.0,android,50.0,16.0,0,1080,2400,False,False,False,1,0,0,0,0,0,0,0,0,0,1,0,0,-0.06688247150870512,0.7477178225220302,0.8674717380797565,0.18849949586540202,0.7767665816118143,0.5347057499317991,-0.11440194163184854,0.2325721497872066,0.957926675712042,-0.014776261225252826,10.274844191010843,False,322.0,Mid-range,Qualcomm,398.0,4.0,No,Yes,0.2587236931263354
samsung,Samsung Galaxy S21,48900,88.0,1,1,0,exynos,8.0,2.9,4000.0,1,25.0,8.0,128.0,6.2,120,3,1.0,android,64.0,10.0,0,1080,2400,False,False,False,1,0,0,0,0,1,0,0,0,0,0,0,0,0.5989847983763429,1.28476801715096,0.9963897074282115,-0.8009831057615437,-0.37814387847932607,0.5347057499317991,-0.11440194163184854,-1.0199049661851423,0.957926675712042,0.40864983592379833,10.797532675462964,False,543.0,Premium,Samsung,424.0,4.0,No,Yes,0.6218093055377866
samsung,Samsung Galaxy A71,22494,86.0,0,0,0,snapdragon,8.0,2.2,4500.0,1,25.0,8.0,128.0,6.7,60,4,1.0,android,64.0,32.0,1,1080,2400,False,False,False,1,0,0,0,0,0,0,0,0,0,1,0,0,-0.28431124947780045,1.016242919836495,-0.5076532683037616,-0.30624180494807085,-0.37814387847932607,0.5347057499317991,-0.11440194163184854,0.47113921949622567,-1.1189371495912235,0.40864983592379833,10.021003885963967,False,250.0,Mid-range,Qualcomm,393.0,5.0,No,No,0.18889953689336406
vivo,Vivo Y02s,8990,61.0,0,0,0,helio,8.0,2.3,5000.0,1,10.0,3.0,32.0,6.51,60,1,1.0,android,8.0,5.0,1,720,1600,False,False,False,1,0,0,0,0,0,0,1,0,0,0,0,0,-0.7360278983539026,-2.3403207965943156,-0.2927899860563375,0.18849949586540202,-0.8112353010135037,-1.3097628753663697,-1.0258588893352825,-0.09545757106269527,-1.1189371495912235,-1.2850545526724062,9.103868127465667,False,100.0,Budget,MediaTek,270.0,2.0,No,No,-1.5287747064377317
leeco,Letv Y2 Pro,6999,69.0,0,0,0,unisoc,8.0,1.6,4000.0,0,0.0,4.0,32.0,6.5,60,3,1.0,android,13.0,8.0,0,720,1560,True,True,False,1,0,0,0,0,0,0,0,0,0,0,1,0,-0.8026280055748978,-1.2662204073364562,-1.7968329617883105,-0.8009831057615437,-1.0999629160362887,-0.9408691503067359,-1.0258588893352825,-0.125278454776322,-1.1189371495912235,-1.1338309465477452,8.85352256068954,False,78.0,Budget,Unisoc,264.0,4.0,No,No,-1.6125636939172974
tecno,Tecno Spark 8C (4GB RAM + 64GB),8890,63.0,0,0,0,unisoc,8.0,2.0,5000.0,0,0.0,4.0,64.0,6.6,90,2,1.0,android,13.0,8.0,1,720,1612,False,False,False,1,0,0,0,0,0,0,0,0,0,0,1,0,-0.739372956476504,-2.0717956992798507,-0.9373798327986115,0.18849949586540202,-1.0999629160362887,-0.9408691503067359,-0.7220399067674711,0.1729303823599505,-0.0805052369395907,-1.1338309465477452,9.09268232850795,False,99.0,Budget,Unisoc,267.0,3.0,No,No,-1.5706692001775144
iqoo,iQOO Z6 5G (8GB RAM + 128GB),18498,82.0,1,0,0,snapdragon,8.0,2.2,5000.0,1,18.0,8.0,128.0,6.58,120,3,1.0,android,50.0,16.0,1,1080,2408,False,False,False,1,0,0,0,0,0,0,0,0,0,1,0,0,-0.4179797720569551,0.47919272520756534,-0.5076532683037616,0.18849949586540202,-0.5802532089952757,0.5347057499317991,-0.11440194163184854,0.11328861493269707,0.957926675712042,-0.014776261225252826,9.825417897114205,False,206.0,Mid-range,Qualcomm,401.0,4.0,No,Yes,0.30061818686611824
vivo,Vivo T1 Pro,23999,81.0,1,0,0,snapdragon,8.0,2.4,4700.0,1,66.0,6.0,128.0,6.44,90,3,1.0,android,64.0,16.0,1,1080,2404,False,False,False,1,0,0,0,0,0,0,0,0,0,1,0,0,-0.23396812473264839,0.3449301765503329,-0.07792670380891248,-0.10834528462268171,0.8056393431140928,-0.2030817001874684,-0.11440194163184854,-0.30420375705808494,-0.0805052369395907,0.40864983592379833,10.085767441795337,False,267.0,Mid-range,Qualcomm,409.0,4.0,No,Yes,0.41233683683887246
realme,Realme 9 Pro Plus 5G (8GB RAM + 128GB),22994,81.0,1,0,0,dimensity,8.0,2.5,4500.0,1,60.0,8.0,128.0,6.4,90,3,1.0,android,50.0,16.0,0,1080,2400,False,False,False,1,0,0,0,1,0,0,0,0,0,0,0,0,-0.26758595886479314,0.3449301765503329,0.1369365784385125,-0.30624180494807085,0.6324027741004218,0.5347057499317991,-0.11440194163184854,-0.4234872919125945,-0.0805052369395907,-0.014776261225252826,10.042988591313685,False,255.0,Mid-range,MediaTek,411.0,4.0,No,Yes,0.440266499332061
samsung,Samsung Galaxy A04s,12990,71.0,0,0,0,exynos,8.0,2.0,5000.0,1,15.0,4.0,64.0,6.5,90,3,1.0,android,50.0,5.0,1,720,1600,False,False,False,1,0,0,0,0,1,0,0,0,0,0,0,0,-0.602225573449844,-0.9976953100219913,-0.9373798327986115,0.18849949586540202,-0.6668714935021112,-0.9408691503067359,-0.7220399067674711,-0.125278454776322,-0.0805052369395907,-0.014776261225252826,9.471935109664646,False,144.0,Budget,Samsung,270.0,4.0,No,No,-1.5287747064377317
realme,Realme 9i (6GB RAM + 128GB),14999,78.0,0,0,0,snapdragon,8.0,2.4,5000.0,1,33.0,6.0,128.0,6.6,90,3,1.0,android,50.0,16.0,1,1080,2412,False,False,False,1,0,0,0,0,0,0,0,0,0,1,0,0,-0.5350233557667804,-0.05785746942136435,-0.07792670380891248,0.18849949586540202,-0.14716178646109798,-0.2030817001874684,-0.11440194163184854,0.1729303823599505,-0.0805052369395907,-0.014776261225252826,9.61573881119536,False,167.0,Budget,Qualcomm,400.0,4.0,No,No,0.286653355619524
realme,Realme 8 5G (8GB RAM + 128GB),18499,80.0,1,0,0,dimensity,8.0,2.2,5000.0,1,18.0,8.0,128.0,6.5,90,3,1.0,android,48.0,16.0,1,1080,2400,False,False,False,1,0,0,0,1,0,0,0,0,0,0,0,0,-0.4179463214757291,0.2106676278931005,-0.5076532683037616,0.18849949586540202,-0.5802532089952757,0.5347057499317991,-0.11440194163184854,-0.125278454776322,-0.0805052369395907,-0.07526570367511727,9.82547195555139,False,206.0,Mid-range,MediaTek,405.0,4.0,No,Yes,0.3564775118524954
oppo,OPPO F19,14990,78.0,0,0,0,snapdragon,8.0,2.0,5000.0,1,33.0,6.0,128.0,6.4,60,3,1.0,android,48.0,16.0,1,1080,2400,False,False,False,1,0,0,0,0,0,0,0,0,0,1,0,0,-0.5353244109978146,-0.05785746942136435,-0.9373798327986115,0.18849949586540202,-0.14716178646109798,-0.2030817001874684,-0.11440194163184854,-0.4234872919125945,-1.1189371495912235,-0.07526570367511727,9.615138591096644,False,167.0,Budget,Qualcomm,411.0,4.0,No,No,0.440266499332061
oppo,OPPO Find N2 Flip,70990,88.0,1,1,0,dimensity,8.0,3.2,4300.0,1,44.0,8.0,256.0,6.8,120,2,1.0,android,50.0,32.0,0,1080,2520,False,False,False,1,0,0,0,1,0,0,0,0,0,0,0,0,1.337908137659007,1.28476801715096,1.6409795541704866,-0.50413832527346,0.17043859006396564,0.5347057499317991,1.1008739886393968,0.7693480566324982,0.957926675712042,-0.014776261225252826,11.170294301033431,False,789.0,Flagship,MediaTek,403.0,3.0,Yes,Yes,0.3285478493593068
samsung,Samsung Galaxy M32 Prime Edition,12120,75.0,0,0,0,helio,8.0,2.0,6000.0,1,15.0,4.0,64.0,6.4,90,4,1.0,android,64.0,20.0,1,1080,2400,False,False,False,1,0,0,0,0,0,0,1,0,0,0,0,0,-0.6313275791164766,-0.46064511539306163,-0.9373798327986115,1.1779820974923478,-0.6668714935021112,-0.9408691503067359,-0.7220399067674711,-0.4234872919125945,-0.0805052369395907,0.40864983592379833,9.402612259623305,False,135.0,Budget,MediaTek,411.0,5.0,No,No,0.440266499332061
oukitel,Oukitel WP19,29990,84.0,0,1,0,helio,8.0,2.0,21000.0,1,33.0,8.0,256.0,6.78,60,3,1.0,android,64.0,16.0,1,1080,2400,False,False,False,1,0,0,0,0,0,0,1,0,0,0,0,0,-0.033565692607594504,0.7477178225220302,-0.9373798327986115,16.020221121896533,-0.14716178646109798,0.5347057499317991,1.1008739886393968,0.7097062892052447,-1.1189371495912235,0.40864983592379833,10.308619271743055,True,333.0,Mid-range,MediaTek,388.0,4.0,No,No,0.11907538066039268
realme,Realme 9 Pro 5G (8GB RAM + 128GB),20999,82.0,1,0,0,snapdragon,8.0,2.2,5000.0,1,33.0,8.0,128.0,6.6,120,3,1.0,android,64.0,16.0,1,1080,2412,False,False,False,1,0,0,0,0,0,0,0,0,0,1,0,0,-0.3343198684106924,0.47919272520756534,-0.5076532683037616,0.18849949586540202,-0.14716178646109798,0.5347057499317991,-0.11440194163184854,0.1729303823599505,0.957926675712042,0.40864983592379833,9.952230096524119,False,233.0,Mid-range,Qualcomm,400.0,4.0,No,Yes,0.286653355619524
xiaomi,Xiaomi Redmi Note 10 Lite (6GB RAM + 128GB),11999,80.0,0,0,1,snapdragon,8.0,2.3,5020.0,1,18.0,6.0,128.0,6.67,60,4,1.0,android,48.0,16.0,1,1080,2400,False,False,False,1,0,0,0,0,0,0,0,0,0,1,0,0,-0.6353750994448244,0.2106676278931005,-0.2927899860563375,0.20828914789794092,-0.5802532089952757,-0.2030817001874684,-0.11440194163184854,0.38167656835534286,-1.1189371495912235,-0.07526570367511727,9.392578591964389,False,133.0,Budget,Qualcomm,395.0,5.0,No,No,0.2168291993865526
samsung,Samsung Galaxy A13 5G,17990,73.0,1,1,0,dimensity,8.0,2.2,5000.0,1,15.0,4.0,64.0,6.5,90,3,1.0,android,50.0,5.0,1,720,1600,False,False,False,1,0,0,0,1,0,0,0,0,0,0,0,0,-0.4349726673197705,-0.7291702127075265,-0.5076532683037616,0.18849949586540202,-0.6668714935021112,-0.9408691503067359,-0.7220399067674711,-0.125278454776322,-0.0805052369395907,-0.014776261225252826,9.79757132694458,False,200.0,Mid-range,MediaTek,270.0,4.0,No,Yes,-1.5287747064377317
xiaomi,Xiaomi Redmi Note 11 5G,14990,77.0,1,0,1,dimensity,8.0,2.4,5000.0,1,33.0,4.0,128.0,6.6,90,2,1.0,android,50.0,16.0,1,1080,2400,False,False,False,1,0,0,0,1,0,0,0,0,0,0,0,0,-0.5353244109978146,-0.19212001807859677,-0.07792670380891248,0.18849949586540202,-0.14716178646109798,-0.9408691503067359,-0.11440194163184854,0.1729303823599505,-0.0805052369395907,-0.014776261225252826,9.615138591096644,False,167.0,Budget,MediaTek,399.0,3.0,No,Yes,0.27268852437292973
itel,itel P36,6490,69.0,0,0,0,unisoc,4.0,1.3,5000.0,0,0.0,1.0,16.0,6.5,60,2,1.0,android,8.0,8.0,0,1600,720,True,False,False,1,0,0,0,0,0,0,0,0,0,0,1,0,-0.8196543514189393,-1.2662204073364562,-2.441422808530585,0.18849949586540202,-1.0999629160362887,-2.0475503254856373,-1.177768380619188,-0.125278454776322,-1.1189371495912235,-1.2850545526724062,8.778017809698136,False,72.0,Budget,Unisoc,270.0,3.0,No,No,-1.5287747064377317
realme,Realme GT Neo 5,34999,83.0,1,1,0,snapdragon,8.0,3.2,4600.0,1,240.0,8.0,128.0,6.7,120,3,1.0,android,50.0,16.0,0,1080,2412,False,False,False,1,0,0,0,0,0,0,0,0,0,1,0,0,0.13398826875351297,0.6134552738647978,1.6409795541704866,-0.2072935447853763,5.829499844510553,0.5347057499317991,-0.11440194163184854,0.47113921949622567,0.957926675712042,-0.014776261225252826,10.463074768634808,False,389.0,Premium,Qualcomm,394.0,4.0,No,Yes,0.20286436813995834
apple,Apple iPhone 15 Ultra,149900,79.0,1,1,0,bionic,8.0,3.22,4700.0,1,18.0,8.0,128.0,6.73,120,3,1.0,ios,48.0,12.0,0,1290,2796,False,True,True,0,1,0,1,0,0,0,0,0,0,0,0,0,3.9774935022038242,0.07640507923586808,1.6839522106199716,-0.10834528462268171,-0.5802532089952757,0.5347057499317991,-0.11440194163184854,0.5606018706371084,0.957926675712042,-0.07526570367511727,11.917723684090689,True,1666.0,Flagship,Apple,458.0,4.0,No,Yes,1.096613567921992
poco,Poco C50,6499,69.0,0,0,0,helio,4.0,2.0,5000.0,1,10.0,2.0,32.0,6.52,60,2,1.0,android,8.0,5.0,1,720,1600,True,False,False,1,0,0,0,0,0,0,1,0,0,0,0,0,-0.8193532961879051,-1.2662204073364562,-0.9373798327986115,0.18849949586540202,-0.8112353010135037,-1.6786566004260035,-1.0258588893352825,-0.06563668734906855,-1.1189371495912235,-1.2850545526724062,8.77940359789435,False,72.0,Budget,MediaTek,269.0,3.0,No,No,-1.542739537684326
samsung,Samsung Galaxy Note 30 Ultra 5G,104999,86.0,1,1,0,snapdragon,8.0,3.2,4500.0,1,67.0,12.0,256.0,6.71,120,3,1.0,android,200.0,10.0,1,1440,3214,True,False,False,1,0,0,0,0,0,0,0,0,0,1,0,0,2.4755289545745396,1.016242919836495,1.6409795541704866,-0.30624180494807085,0.8345121046163714,2.0102806501703343,1.1008739886393968,0.5009601032098524,0.957926675712042,4.521931922514581,11.561706105284784,False,1167.0,Flagship,Qualcomm,525.0,4.0,No,Yes,2.0322572614438084
realme,Realme 9i (4GB RAM + 128GB),13999,75.0,0,0,0,snapdragon,8.0,2.4,5000.0,1,33.0,4.0,128.0,6.6,90,3,1.0,android,50.0,16.0,1,1080,2412,False,False,False,1,0,0,0,0,0,0,0,0,0,1,0,0,-0.5684739369927951,-0.46064511539306163,-0.07792670380891248,0.18849949586540202,-0.14716178646109798,-0.9408691503067359,-0.11440194163184854,0.1729303823599505,-0.0805052369395907,-0.014776261225252826,9.546741177474825,False,156.0,Budget,Qualcomm,400.0,4.0,No,No,0.286653355619524
xiaomi,Xiaomi Redmi Note 11T 5G,16999,79.0,1,0,1,dimensity,8.0,2.4,5000.0,1,33.0,6.0,64.0,6.6,90,2,1.0,android,50.0,16.0,1,1080,2400,False,False,False,1,0,0,0,1,0,0,0,0,0,0,0,0,-0.4681221933147511,0.07640507923586808,-0.07792670380891248,0.18849949586540202,-0.14716178646109798,-0.2030817001874684,-0.7220399067674711,0.1729303823599505,-0.0805052369395907,-0.014776261225252826,9.74090979777877,False,189.0,Mid-range,MediaTek,399.0,3.0,No,Yes,0.27268852437292973
vivo,Vivo X80 Pro 5G,79999,86.0,1,1,0,snapdragon,8.0,3.0,4700.0,1,80.0,12.0,256.0,6.78,120,4,1.0,android,50.0,32.0,0,1440,3200,True,False,False,1,0,0,0,0,0,0,0,0,0,1,0,0,1.6392644239241732,1.016242919836495,1.2112529896756365,-0.10834528462268171,1.2098580041459919,2.0102806501703343,1.1008739886393968,0.7097062892052447,0.957926675712042,-0.014776261225252826,11.289769413577893,False,889.0,Flagship,Qualcomm,518.0,5.0,No,Yes,1.9345034427176484
oppo,OPPO Reno 6 Pro 5G,36760,87.0,1,1,0,dimensity,8.0,3.0,4500.0,1,65.0,12.0,256.0,6.55,90,4,1.0,android,64.0,32.0,0,1080,2400,False,False,False,1,0,0,0,1,0,0,0,0,0,0,0,0,0.19289474229252482,1.1505054684937275,1.2112529896756365,-0.30624180494807085,0.7767665816118143,2.0102806501703343,1.1008739886393968,0.023825963791814262,-0.0805052369395907,0.40864983592379833,10.512165576469624,False,408.0,Premium,MediaTek,402.0,5.0,No,Yes,0.31458301811271255
xiaomi,Xiaomi Mi 11i 5G,23499,81.0,1,0,1,dimensity,8.0,2.5,5160.0,1,67.0,6.0,128.0,6.67,120,3,1.0,android,108.0,16.0,1,2400,1080,False,False,False,1,0,0,0,1,0,0,0,0,0,0,0,0,-0.25069341534565576,0.3449301765503329,0.1369365784385125,0.3468167121257133,0.8345121046163714,-0.2030817001874684,-0.11440194163184854,0.38167656835534286,0.957926675712042,1.739417569820816,10.064713146035349,False,261.0,Mid-range,MediaTek,395.0,4.0,No,Yes,0.2168291993865526
asus,Asus ROG Phone 7,75990,87.0,1,1,0,snapdragon,8.0,3.2,6000.0,1,120.0,18.0,256.0,6.8,165,3,1.0,android,64.0,32.0,0,1080,2448,False,False,False,1,0,0,0,0,0,0,0,0,0,1,0,0,1.5051610437890803,1.1505054684937275,1.6409795541704866,1.1779820974923478,2.364768464237132,4.223643000528137,1.1008739886393968,0.7693480566324982,2.5155745446894913,0.40864983592379833,11.238357031663831,False,844.0,Flagship,Qualcomm,393.0,4.0,No,Yes,0.18889953689336406
oppo,Oppo A77 5G,21990,76.0,1,0,0,snapdragon,8.0,2.4,5000.0,1,33.0,6.0,128.0,6.56,90,2,1.0,android,48.0,8.0,1,720,1600,False,False,False,1,0,0,0,0,0,0,0,0,0,1,0,0,-0.3011703424157119,-0.3263825667358292,-0.07792670380891248,0.18849949586540202,-0.14716178646109798,-0.2030817001874684,-0.11440194163184854,0.053646847505440985,-0.0805052369395907,-0.07526570367511727,9.998343083548807,False,244.0,Mid-range,Qualcomm,267.0,3.0,No,Yes,-1.5706692001775144
realme,Realme 9 5G SE,18999,80.0,1,0,0,snapdragon,8.0,2.4,5000.0,1,30.0,6.0,128.0,6.6,144,3,1.0,android,48.0,16.0,1,1080,2412,False,False,False,1,0,0,0,0,0,0,0,0,0,1,0,0,-0.40122103086272176,0.2106676278931005,-0.07792670380891248,0.18849949586540202,-0.23378007096793352,-0.2030817001874684,-0.11440194163184854,0.1729303823599505,1.7886722058333482,-0.07526570367511727,9.85214162518454,False,211.0,Mid-range,Qualcomm,400.0,4.0,No,Yes,0.286653355619524
samsung,Samsung Galaxy A03,7249,66.0,0,0,0,unisoc,8.0,1.6,5000.0,1,15.0,3.0,32.0,6.5,60,2,1.0,android,48.0,5.0,1,720,1560,False,False,False,1,0,0,0,0,0,0,0,0,0,0,1,0,-0.7942653602683941,-1.6690080533081535,-1.7968329617883105,0.18849949586540202,-0.6668714935021112,-1.3097628753663697,-1.0258588893352825,-0.125278454776322,-1.1189371495912235,-0.07526570367511727,8.888618807300878,False,81.0,Budget,Unisoc,264.0,3.0,No,No,-1.6125636939172974
oneplus,OnePlus Nord N200,16990,75.0,1,1,0,snapdragon,8.0,2.0,5000.0,1,18.0,4.0,64.0,6.49,90,3,1.0,android,13.0,16.0,1,1080,2400,False,False,False,1,0,0,0,0,0,0,0,0,0,1,0,0,-0.4684232485457852,-0.46064511539306163,-0.9373798327986115,0.18849949586540202,-0.5802532089952757,-0.9408691503067359,-0.7220399067674711,-0.15509933848994872,-0.0805052369395907,-1.1338309465477452,9.740380214665977,False,189.0,Mid-range,Qualcomm,406.0,4.0,No,Yes,0.37044234309908963
xiaomi,Xiaomi Mi 11X,23890,80.0,1,0,1,snapdragon,8.0,3.2,4520.0,1,33.0,6.0,128.0,6.67,120,3,1.0,android,48.0,20.0,0,1080,2400,False,False,False,1,0,0,0,0,0,0,0,0,0,1,0,0,-0.23761423808628399,0.2106676278931005,1.6409795541704866,-0.28645215291553194,-0.14716178646109798,-0.2030817001874684,-0.11440194163184854,0.38167656835534286,0.957926675712042,-0.07526570367511727,10.081215240319855,False,265.0,Mid-range,Qualcomm,395.0,4.0,No,Yes,0.2168291993865526
oppo,OPPO Reno 6,26380,83.0,1,1,0,dimensity,8.0,2.0,4300.0,1,65.0,8.0,128.0,6.43,90,3,1.0,android,64.0,32.0,0,1080,2400,False,False,False,1,0,0,0,1,0,0,0,0,0,0,0,0,-0.15432229083350746,0.6134552738647978,-0.9373798327986115,-0.50413832527346,0.7767665816118143,0.5347057499317991,-0.11440194163184854,-0.33402464077171434,-0.0805052369395907,0.40864983592379833,10.180361426271306,False,293.0,Mid-range,MediaTek,409.0,4.0,No,Yes,0.41233683683887246
realme,Realme X50 Pro 5G (12GB RAM + 256GB),27999,87.0,1,1,0,snapdragon,8.0,2.84,4200.0,1,65.0,12.0,256.0,6.44,90,4,2.0,android,64.0,32.0,0,1080,2400,False,False,False,1,0,0,0,0,0,0,0,0,0,1,0,0,-0.10016579982858971,1.1505054684937275,0.8674717380797565,-0.6030865854361546,0.7767665816118143,2.0102806501703343,1.1008739886393968,-0.30420375705808494,-0.0805052369395907,0.40864983592379833,10.239924074233857,False,311.0,Mid-range,Qualcomm,409.0,6.0,No,Yes,0.41233683683887246
xiaomi,Xiaomi Redmi 10A (6GB RAM + 128GB),10850,70.0,0,0,0,helio,8.0,2.0,5000.0,0,0.0,6.0,128.0,6.53,60,1,1.0,android,13.0,5.0,1,720,1600,False,False,False,1,0,0,0,0,0,0,1,0,0,0,0,0,-0.6738098172735153,-1.1319578586792238,-0.9373798327986115,0.18849949586540202,-1.0999629160362887,-0.2030817001874684,-0.11440194163184854,-0.03581580363543918,-1.1189371495912235,-1.1338309465477452,9.291920358968605,False,121.0,Budget,MediaTek,269.0,2.0,No,No,-1.542739537684326
xiaomi,Redmi Note 12 Pro Speed Edition,19999,81.0,1,1,1,snapdragon,8.0,2.4,5000.0,1,67.0,6.0,128.0,6.67,120,3,1.0,android,108.0,16.0,0,1080,2400,False,False,False,1,0,0,0,0,0,0,0,0,0,1,0,0,-0.3677704496367071,0.3449301765503329,-0.07792670380891248,0.18849949586540202,0.8345121046163714,-0.2030817001874684,-0.11440194163184854,0.38167656835534286,0.957926675712042,1.739417569820816,9.903437551286085,False,222.0,Mid-range,Qualcomm,395.0,4.0,No,Yes,0.2168291993865526
apple,Apple iPhone 14 Pro (256GB),129990,76.0,1,1,0,bionic,6.0,3.22,3200.0,1,18.0,6.0,256.0,6.1,120,3,1.0,ios,48.0,12.0,0,1179,2556,False,True,True,0,1,0,1,0,0,0,0,0,0,0,0,0,3.3114924299938724,-0.3263825667358292,1.6839522106199716,-1.5925691870631002,-0.5802532089952757,-0.2030817001874684,1.1008739886393968,-1.3181138033214173,0.957926675712042,-0.07526570367511727,11.775212803402065,True,1444.0,Flagship,Apple,461.0,4.0,No,Yes,1.1385080616617747
motorola,Motorola Moto G72,19990,81.0,1,1,0,snapdragon,8.0,2.2,5000.0,1,33.0,6.0,128.0,6.5,120,3,1.0,android,108.0,16.0,0,1080,2400,False,False,False,1,0,0,0,0,0,0,0,0,0,1,0,0,-0.3680715048677412,0.3449301765503329,-0.5076532683037616,0.18849949586540202,-0.14716178646109798,-0.2030817001874684,-0.11440194163184854,-0.125278454776322,0.957926675712042,1.739417569820816,9.902987427494446,False,222.0,Mid-range,Qualcomm,405.0,4.0,No,Yes,0.3564775118524954
motorola,Motorola Moto X30 Pro,41990,86.0,1,1,0,snapdragon,8.0,3.2,4450.0,1,125.0,8.0,128.0,6.67,144,3,1.0,android,200.0,60.0,0,1080,2400,True,False,False,1,0,0,0,0,0,0,0,0,0,1,0,0,0.36784128210458156,1.016242919836495,1.6409795541704866,-0.3557159350294181,2.5091322717485247,0.5347057499317991,-0.11440194163184854,0.38167656835534286,1.7886722058333482,4.521931922514581,10.645186773678239,False,467.0,Premium,Qualcomm,395.0,4.0,No,Yes,0.2168291993865526
xiaomi,Xiaomi 12S Ultra,69990,86.0,1,1,1,snapdragon,8.0,3.2,4860.0,1,67.0,8.0,256.0,6.73,120,3,1.0,android,50.0,32.0,0,1440,3200,True,False,False,1,0,0,0,0,0,0,0,0,0,1,0,0,1.3044575564329923,1.016242919836495,1.6409795541704866,0.049971931637629606,0.8345121046163714,0.5347057499317991,1.1008739886393968,0.5606018706371084,0.957926675712042,-0.014776261225252826,11.156107653683586,False,778.0,Flagship,Qualcomm,521.0,4.0,No,Yes,1.9763979364574311
honor,Honor 70 5G,39990,88.0,1,1,0,snapdragon,8.0,2.5,4800.0,1,66.0,12.0,512.0,6.67,120,3,1.0,android,54.0,32.0,0,1080,2400,False,False,False,1,0,0,0,0,0,0,0,0,0,1,0,0,0.3009401196525522,1.28476801715096,0.1369365784385125,-0.009397024459987136,0.8056393431140928,2.0102806501703343,3.5314258491818875,0.38167656835534286,0.957926675712042,0.10620262367447607,10.596384701840863,False,444.0,Premium,Qualcomm,395.0,4.0,No,Yes,0.2168291993865526
oneplus,OnePlus 10 Pro 5G (12GB RAM + 512GB),74999,86.0,1,1,0,snapdragon,8.0,3.0,5000.0,1,80.0,12.0,512.0,6.7,120,3,1.0,android,50.0,32.0,0,1440,3216,True,False,False,1,0,0,0,0,0,0,0,0,0,1,0,0,1.4720115177940998,1.016242919836495,1.2112529896756365,0.18849949586540202,1.2098580041459919,2.0102806501703343,3.5314258491818875,0.47113921949622567,0.957926675712042,-0.014776261225252826,11.225230059096225,False,833.0,Flagship,Qualcomm,526.0,4.0,No,Yes,2.0462220926904027
vivo,Vivo V23 Pro 5G (12GB RAM + 256GB),36994,87.0,1,0,0,dimensity,8.0,3.0,4300.0,1,44.0,12.0,256.0,6.56,90,3,2.0,android,108.0,50.0,0,1080,2376,False,False,False,1,0,0,0,1,0,0,0,0,0,0,0,0,0.20072217829941225,1.1505054684937275,1.2112529896756365,-0.50413832527346,0.17043859006396564,2.0102806501703343,1.1008739886393968,0.053646847505440985,-0.0805052369395907,1.739417569820816,10.518511016314495,False,411.0,Premium,MediaTek,398.0,5.0,No,Yes,0.2587236931263354
oppo,OPPO A55 4G (6GB RAM + 128GB),14700,76.0,0,0,0,helio,8.0,2.3,5000.0,1,18.0,6.0,128.0,6.51,60,3,1.0,android,50.0,16.0,1,720,1600,False,False,False,1,0,0,0,0,0,0,1,0,0,0,0,0,-0.5450250795533588,-0.3263825667358292,-0.2927899860563375,0.18849949586540202,-0.5802532089952757,-0.2030817001874684,-0.11440194163184854,-0.09545757106269527,-1.1189371495912235,-0.014776261225252826,9.595602772766828,False,163.0,Budget,MediaTek,270.0,4.0,No,No,-1.5287747064377317
xiaomi,Xiaomi Mi 11T Pro 5G,34990,86.0,1,1,1,snapdragon,8.0,2.84,5000.0,1,120.0,8.0,128.0,6.67,120,3,1.0,android,108.0,16.0,0,1080,2400,False,False,False,1,0,0,0,0,0,0,0,0,0,1,0,0,0.13368721352247884,1.016242919836495,0.8674717380797565,0.18849949586540202,2.364768464237132,0.5347057499317991,-0.11440194163184854,0.38167656835534286,0.957926675712042,1.739417569820816,10.462817585361734,False,389.0,Premium,Qualcomm,395.0,4.0,No,Yes,0.2168291993865526
nokia,Nokia X50 5G,34999,76.0,1,0,0,snapdragon,8.0,2.4,6000.0,1,33.0,6.0,64.0,6.81,60,4,1.0,android,108.0,32.0,1,1080,2400,False,True,False,1,0,0,0,0,0,0,0,0,0,1,0,0,0.13398826875351297,-0.3263825667358292,-0.07792670380891248,1.1779820974923478,-0.14716178646109798,-0.2030817001874684,-0.7220399067674711,0.7991689403461248,-1.1189371495912235,1.739417569820816,10.463074768634808,False,389.0,Premium,Qualcomm,386.0,5.0,No,Yes,0.09114571816720414
xiaomi,Xiaomi Redmi Note 10,13990,75.0,0,0,1,snapdragon,8.0,2.2,5000.0,1,33.0,4.0,64.0,6.43,60,4,1.0,android,48.0,13.0,1,1080,2400,False,False,False,1,0,0,0,0,0,0,0,0,0,1,0,0,-0.5687749922238292,-0.46064511539306163,-0.5076532683037616,0.18849949586540202,-0.14716178646109798,-0.9408691503067359,-0.7220399067674711,-0.33402464077171434,-1.1189371495912235,-0.07526570367511727,9.546098067659527,False,155.0,Budget,Qualcomm,409.0,5.0,No,No,0.41233683683887246
samsung,Samsung Galaxy M32 Prime Edition (6GB RAM + 128GB),14859,79.0,0,0,0,helio,8.0,2.0,6000.0,1,15.0,6.0,128.0,6.4,90,4,1.0,android,64.0,20.0,1,1080,2400,False,False,False,1,0,0,0,0,0,0,1,0,0,0,0,0,-0.5397064371384225,0.07640507923586808,-0.9373798327986115,1.1779820974923478,-0.6668714935021112,-0.2030817001874684,-0.11440194163184854,-0.4234872919125945,-0.0805052369395907,0.40864983592379833,9.606361021256347,False,165.0,Budget,MediaTek,411.0,5.0,No,No,0.440266499332061
tecno,Tecno Camon 19 Pro Mondrian Edition,17999,84.0,0,1,0,helio,8.0,2.05,5000.0,1,33.0,8.0,128.0,6.8,120,3,1.0,android,64.0,32.0,1,1080,2460,False,False,False,1,0,0,0,0,0,0,1,0,0,0,0,0,-0.4346716120887364,0.7477178225220302,-0.8299481916748995,0.18849949586540202,-0.14716178646109798,0.5347057499317991,-0.11440194163184854,0.7693480566324982,0.957926675712042,0.40864983592379833,9.798071479779479,False,200.0,Mid-range,MediaTek,395.0,4.0,No,No,0.2168291993865526
poco,Poco F5,34990,85.0,1,1,0,snapdragon,8.0,3.2,4700.0,1,67.0,8.0,128.0,6.7,120,3,1.0,android,64.0,32.0,0,1080,2400,False,False,False,1,0,0,0,0,0,0,0,0,0,1,0,0,0.13368721352247884,0.8819803711792626,1.6409795541704866,-0.10834528462268171,0.8345121046163714,0.5347057499317991,-0.11440194163184854,0.47113921949622567,0.957926675712042,0.40864983592379833,10.462817585361734,False,389.0,Premium,Qualcomm,393.0,4.0,No,Yes,0.18889953689336406
blu,BLU F91 5G,14990,85.0,1,1,0,dimensity,8.0,2.4,5000.0,1,33.0,8.0,128.0,6.8,60,4,1.0,android,48.0,16.0,1,1080,2460,False,False,True,1,0,0,0,1,0,0,0,0,0,0,0,0,-0.5353244109978146,0.8819803711792626,-0.07792670380891248,0.18849949586540202,-0.14716178646109798,0.5347057499317991,-0.11440194163184854,0.7693480566324982,-1.1189371495912235,-0.07526570367511727,9.615138591096644,False,167.0,Budget,MediaTek,395.0,5.0,No,Yes,0.2168291993865526
oppo,OPPO A16e,8999,65.0,0,0,0,helio,8.0,2.0,4230.0,0,0.0,3.0,32.0,6.52,60,1,1.0,android,13.0,5.0,1,720,1600,False,False,False,1,0,0,0,0,0,0,1,0,0,0,0,0,-0.7357268431228684,-1.803270601965386,-0.9373798327986115,-0.5734021073873462,-1.0999629160362887,-1.3097628753663697,-1.0258588893352825,-0.06563668734906855,-1.1189371495912235,-1.1338309465477452,9.104868739033948,False,100.0,Budget,MediaTek,269.0,2.0,No,No,-1.542739537684326
motorola,Motorola Moto E32,8999,71.0,0,0,0,helio,8.0,2.3,5000.0,1,10.0,4.0,64.0,6.5,90,2,1.0,android,50.0,8.0,1,720,1600,False,False,False,1,0,0,0,0,0,0,1,0,0,0,0,0,-0.7357268431228684,-0.9976953100219913,-0.2927899860563375,0.18849949586540202,-0.8112353010135037,-0.9408691503067359,-0.7220399067674711,-0.125278454776322,-0.0805052369395907,-0.014776261225252826,9.104868739033948,False,100.0,Budget,MediaTek,270.0,3.0,No,No,-1.5287747064377317
xiaomi,Xiaomi Redmi Note 11S (8GB RAM + 128GB),15824,84.0,0,0,1,helio,8.0,2.05,5000.0,1,33.0,8.0,128.0,6.43,90,4,1.0,android,108.0,16.0,1,1080,2400,False,False,False,1,0,0,0,0,0,0,1,0,0,0,0,0,-0.5074266262553183,0.7477178225220302,-0.8299481916748995,0.18849949586540202,-0.14716178646109798,0.5347057499317991,-0.11440194163184854,-0.33402464077171434,-0.0805052369395907,1.739417569820816,9.669283053862493,False,176.0,Mid-range,MediaTek,409.0,5.0,No,No,0.41233683683887246
apple,Apple iPhone SE 3 2022,43900,86.0,1,1,0,bionic,6.0,3.22,3279.0,0,0.0,4.0,64.0,4.7,60,1,1.0,ios,12.0,7.0,0,750,1334,True,False,False,0,1,0,1,0,0,0,0,0,0,0,0,0,0.43173189224626957,1.016242919836495,1.6839522106199716,-1.5144000615345716,-1.0999629160362887,-0.9408691503067359,-0.7220399067674711,-5.493037523229246,-1.1189371495912235,-1.1640756677726773,10.689669599063263,True,488.0,Premium,Apple,326.0,2.0,No,Yes,-0.7467441566284523
samsung,Samsung Galaxy A52 (8GB RAM + 128GB),22494,86.0,0,0,0,snapdragon,8.0,2.3,4500.0,1,25.0,8.0,128.0,6.5,90,4,1.0,android,64.0,32.0,1,1080,2400,False,False,False,1,0,0,0,0,0,0,0,0,0,1,0,0,-0.28431124947780045,1.016242919836495,-0.2927899860563375,-0.30624180494807085,-0.37814387847932607,0.5347057499317991,-0.11440194163184854,-0.125278454776322,-0.0805052369395907,0.40864983592379833,10.021003885963967,False,250.0,Mid-range,Qualcomm,405.0,5.0,No,No,0.3564775118524954
poco,Poco X3 Pro,19650,82.0,0,0,1,snapdragon,8.0,2.96,5160.0,1,33.0,6.0,128.0,6.67,120,4,1.0,android,48.0,20.0,1,1080,2400,False,False,False,1,0,0,0,0,0,0,0,0,0,1,0,0,-0.37944470248458617,0.47919272520756534,1.1253076767766665,0.3468167121257133,-0.14716178646109798,-0.2030817001874684,-0.11440194163184854,0.38167656835534286,0.957926675712042,-0.07526570367511727,9.885832617297407,False,218.0,Mid-range,Qualcomm,395.0,5.0,No,No,0.2168291993865526
xiaomi,Xiaomi Redmi 9A,6999,61.0,0,0,0,helio,8.0,2.0,5000.0,0,0.0,2.0,32.0,6.53,60,1,1.0,android,13.0,5.0,1,720,1600,False,False,False,1,0,0,0,0,0,0,1,0,0,0,0,0,-0.8026280055748978,-2.3403207965943156,-0.9373798327986115,0.18849949586540202,-1.0999629160362887,-1.6786566004260035,-1.0258588893352825,-0.03581580363543918,-1.1189371495912235,-1.1338309465477452,8.85352256068954,False,78.0,Budget,MediaTek,269.0,2.0,No,No,-1.542739537684326
samsung,Samsung Galaxy A32,16499,80.0,0,0,0,helio,8.0,2.0,5000.0,1,15.0,6.0,128.0,6.4,90,4,1.0,android,64.0,20.0,1,1080,2400,False,False,False,1,0,0,0,0,0,0,1,0,0,0,0,0,-0.4848474839277584,0.2106676278931005,-0.9373798327986115,0.18849949586540202,-0.6668714935021112,-0.2030817001874684,-0.11440194163184854,-0.4234872919125945,-0.0805052369395907,0.40864983592379833,9.711055051991444,False,183.0,Mid-range,MediaTek,411.0,5.0,No,No,0.440266499332061
motorola,Motorola Moto G13,15999,75.0,0,1,0,helio,8.0,2.0,5000.0,1,10.0,4.0,128.0,6.5,90,3,1.0,android,50.0,8.0,1,720,1600,False,False,False,1,0,0,0,0,0,0,1,0,0,0,0,0,-0.5015727745407658,-0.46064511539306163,-0.9373798327986115,0.18849949586540202,-0.8112353010135037,-0.9408691503067359,-0.11440194163184854,-0.125278454776322,-0.0805052369395907,-0.014776261225252826,9.680281499268713,False,178.0,Mid-range,MediaTek,270.0,4.0,No,No,-1.5287747064377317
asus,Asus ROG Phone 6 Batman Edition,72999,88.0,1,1,0,dimensity,8.0,3.2,6000.0,1,65.0,16.0,256.0,6.78,165,3,1.0,android,50.0,12.0,0,1080,2448,False,False,False,1,0,0,0,1,0,0,0,0,0,0,0,0,1.4051103553420705,1.28476801715096,1.6409795541704866,1.1779820974923478,0.7767665816118143,3.485855550408869,1.1008739886393968,0.7097062892052447,2.5155745446894913,-0.014776261225252826,11.198201021406565,False,811.0,Flagship,MediaTek,395.0,4.0,No,Yes,0.2168291993865526
xiaomi,Xiaomi Redmi Note 12 Pro Plus (6GB RAM + 128GB),26999,84.0,1,0,1,dimensity,8.0,2.6,4980.0,1,120.0,6.0,128.0,6.67,120,3,1.0,android,200.0,16.0,0,1080,2400,False,False,False,1,0,0,0,1,0,0,0,0,0,0,0,0,-0.13361638105460438,0.7477178225220302,0.3517998606859375,0.16870984383286308,2.364768464237132,-0.2030817001874684,-0.11440194163184854,0.38167656835534286,0.957926675712042,4.521931922514581,10.203555107263542,False,300.0,Mid-range,MediaTek,395.0,4.0,No,Yes,0.2168291993865526
infinix,Infinix Smart 6 HD,6999,69.0,0,0,0,helio,4.0,2.0,5000.0,0,0.0,2.0,32.0,6.6,60,2,1.0,android,8.0,5.0,1,720,1600,True,False,False,1,0,0,0,0,0,0,1,0,0,0,0,0,-0.8026280055748978,-1.2662204073364562,-0.9373798327986115,0.18849949586540202,-1.0999629160362887,-1.6786566004260035,-1.0258588893352825,0.1729303823599505,-1.1189371495912235,-1.2850545526724062,8.85352256068954,False,78.0,Budget,MediaTek,266.0,3.0,No,No,-1.5846340314241087
apple,Apple iPhone 15 Pro,130990,75.0,1,1,0,bionic,8.0,3.22,3279.0,0,0.0,8.0,128.0,6.06,120,3,1.0,ios,50.0,12.0,0,1170,2532,False,True,False,0,1,0,1,0,0,0,0,0,0,0,0,0,3.344943011219887,-0.46064511539306163,1.6839522106199716,-1.5144000615345716,-1.0999629160362887,0.5347057499317991,-0.11440194163184854,-1.4373973381759269,0.957926675712042,-0.014776261225252826,11.782876263391694,True,1455.0,Flagship,Apple,460.0,4.0,No,Yes,1.1245432304151803
realme,Realme C35 (4GB RAM + 128GB),12787,71.0,0,0,0,unisoc,8.0,1.8,5000.0,1,18.0,4.0,128.0,6.6,90,3,1.0,android,50.0,8.0,1,1080,2408,False,False,False,1,0,0,0,0,0,0,0,0,0,0,1,0,-0.6090160414387249,-0.9976953100219913,-1.367106397293461,0.18849949586540202,-0.5802532089952757,-0.9408691503067359,-0.11440194163184854,0.1729303823599505,-0.0805052369395907,-0.014776261225252826,9.456184308811169,False,142.0,Budget,Unisoc,400.0,4.0,No,No,0.286653355619524
infinix,Infinix Hot 12,9999,72.0,0,0,0,helio,8.0,2.3,6000.0,1,18.0,4.0,64.0,6.82,90,3,1.0,android,50.0,8.0,1,720,1640,False,False,False,1,0,0,0,0,0,0,1,0,0,0,0,0,-0.7022762618968538,-0.8634327613647589,-0.2927899860563375,1.1779820974923478,-0.5802532089952757,-0.9408691503067359,-0.7220399067674711,0.8289898240597543,-0.0805052369395907,-0.014776261225252826,9.21024036697585,False,111.0,Budget,MediaTek,263.0,4.0,No,No,-1.6265285251638917
vivo,Vivo X80 5G,54999,86.0,1,0,0,dimensity,8.0,3.05,4500.0,1,80.0,8.0,128.0,6.78,120,3,1.0,android,50.0,32.0,0,1080,2400,False,False,False,1,0,0,0,1,0,0,0,0,0,0,0,0,0.8029998932738064,1.016242919836495,1.3186846307993485,-0.30624180494807085,1.2098580041459919,0.5347057499317991,-0.11440194163184854,0.7097062892052447,0.957926675712042,-0.014776261225252826,10.915070282231135,False,611.0,Premium,MediaTek,388.0,4.0,No,Yes,0.11907538066039268
vivo,Vivo Y53s,15490,79.0,0,0,0,helio,8.0,2.0,5000.0,1,19.0,8.0,128.0,6.58,60,3,1.0,android,64.0,16.0,1,1080,2408,False,False,False,1,0,0,0,0,0,0,1,0,0,0,0,0,-0.5185991203848073,0.07640507923586808,-0.9373798327986115,0.18849949586540202,-0.5513804474929971,0.5347057499317991,-0.11440194163184854,0.11328861493269707,-1.1189371495912235,0.40864983592379833,9.647949933410914,False,172.0,Mid-range,MediaTek,401.0,4.0,No,No,0.30061818686611824
tecno,Tecno Phantom X,25999,84.0,0,0,0,helio,8.0,2.05,4700.0,1,33.0,8.0,256.0,6.7,90,3,2.0,android,50.0,48.0,0,1080,2340,False,False,False,1,0,0,0,0,0,0,1,0,0,0,0,0,-0.16706696228061904,0.7477178225220302,-0.8299481916748995,-0.10834528462268171,-0.14716178646109798,0.5347057499317991,1.1008739886393968,0.47113921949622567,-0.0805052369395907,-0.014776261225252826,10.165813354725493,False,289.0,Mid-range,MediaTek,385.0,5.0,No,No,0.07718088692060986
samsung,Samsung Galaxy M04 (4GB RAM + 128GB),9499,68.0,0,0,0,helio,8.0,2.3,5000.0,1,15.0,4.0,128.0,6.5,60,2,1.0,android,13.0,5.0,1,720,1600,False,False,False,1,0,0,0,0,0,0,1,0,0,0,0,0,-0.7190015525098611,-1.4004829559936887,-0.2927899860563375,0.18849949586540202,-0.6668714935021112,-0.9408691503067359,-0.11440194163184854,-0.125278454776322,-1.1189371495912235,-1.1338309465477452,9.158941808890182,False,106.0,Budget,MediaTek,270.0,3.0,No,No,-1.5287747064377317
xiaomi,Redmi 12C,7999,70.0,0,0,0,helio,8.0,2.0,5000.0,0,0.0,4.0,64.0,6.71,60,2,1.0,android,50.0,5.0,1,720,1650,False,False,False,1,0,0,0,0,0,0,1,0,0,0,0,0,-0.7691774243488831,-1.1319578586792238,-0.9373798327986115,0.18849949586540202,-1.0999629160362887,-0.9408691503067359,-0.7220399067674711,0.5009601032098524,-1.1189371495912235,-0.014776261225252826,8.987071812848821,False,89.0,Budget,MediaTek,268.0,3.0,No,No,-1.5567043689309203
asus,Asus ZenFone 9,63990,86.0,1,1,0,snapdragon,8.0,3.2,4300.0,1,30.0,8.0,128.0,5.9,120,2,1.0,android,50.0,12.0,0,1080,2400,False,False,False,1,0,0,0,0,0,0,0,0,0,1,0,0,1.1037540690769043,1.016242919836495,1.6409795541704866,-0.50413832527346,-0.23378007096793352,0.5347057499317991,-0.11440194163184854,-1.9145314775939624,0.957926675712042,-0.014776261225252826,11.066482100133506,False,711.0,Flagship,Qualcomm,446.0,3.0,No,Yes,0.9290355929628606
sony,Sony Xperia L5 5G,15990,73.0,0,1,0,helio,8.0,2.3,4000.0,1,30.0,4.0,64.0,6.2,60,3,1.0,android,13.0,8.0,1,720,1680,False,False,True,1,0,0,0,0,0,0,1,0,0,0,0,0,-0.5018738297717998,-0.7291702127075265,-0.2927899860563375,-0.8009831057615437,-0.23378007096793352,-0.9408691503067359,-0.7220399067674711,-1.0199049661851423,-1.1189371495912235,-1.1338309465477452,9.679718805828,False,178.0,Mid-range,MediaTek,295.0,4.0,No,No,-1.1796539252728748
iqoo,iQOO 9 SE 5G (12GB RAM + 256GB),34949,85.0,1,1,0,snapdragon,8.0,2.84,4500.0,1,66.0,12.0,256.0,6.62,120,3,1.0,android,48.0,16.0,0,1080,2400,False,False,False,1,0,0,0,0,0,0,0,0,0,1,0,0,0.13231573969221225,0.8819803711792626,0.8674717380797565,-0.30624180494807085,0.8056393431140928,2.0102806501703343,1.1008739886393968,0.2325721497872066,0.957926675712042,-0.07526570367511727,10.461645134949325,False,388.0,Premium,Qualcomm,398.0,4.0,No,Yes,0.2587236931263354
tecno,Tecno Spark 8 Pro,8799,72.0,0,0,0,helio,8.0,2.0,5000.0,1,33.0,4.0,64.0,6.8,60,3,1.0,android,48.0,8.0,1,1080,2460,False,False,False,1,0,0,0,0,0,0,1,0,0,0,0,0,-0.7424169593680714,-0.8634327613647589,-0.9373798327986115,0.18849949586540202,-0.14716178646109798,-0.9408691503067359,-0.7220399067674711,0.7693480566324982,-1.1189371495912235,-0.07526570367511727,9.08239335764556,False,98.0,Budget,MediaTek,395.0,4.0,No,No,0.2168291993865526
xiaomi,Xiaomi Redmi 10 Prime,12390,74.0,0,0,1,helio,8.0,2.0,6000.0,1,18.0,4.0,64.0,6.5,90,4,1.0,android,50.0,8.0,1,1080,2400,False,False,False,1,0,0,0,0,0,0,1,0,0,0,0,0,-0.6222959221854527,-0.594907664050294,-0.9373798327986115,1.1779820974923478,-0.5802532089952757,-0.9408691503067359,-0.7220399067674711,-0.125278454776322,-0.0805052369395907,-0.014776261225252826,9.424644974623188,False,138.0,Budget,MediaTek,405.0,5.0,No,No,0.3564775118524954
samsung,Samsung Galaxy F22,11499,73.0,0,0,0,helio,8.0,2.0,6000.0,0,0.0,4.0,64.0,6.4,90,4,1.0,android,48.0,13.0,1,720,1600,False,False,False,1,0,0,0,0,0,0,1,0,0,0,0,0,-0.6521003900578318,-0.7291702127075265,-0.9373798327986115,1.1779820974923478,-1.0999629160362887,-0.9408691503067359,-0.7220399067674711,-0.4234872919125945,-0.0805052369395907,-0.07526570367511727,9.350015354048665,False,128.0,Budget,MediaTek,274.0,5.0,No,No,-1.4729153814513547
xiaomi,Xiaomi Mi Mix Alpha,199990,86.0,1,0,0,snapdragon,8.0,2.96,4050.0,1,40.0,12.0,512.0,7.92,60,3,1.0,android,108.0,16.0,0,2088,2250,True,False,False,1,0,0,0,0,0,0,0,0,0,1,0,0,5.653033115814899,1.016242919836495,1.1253076767766665,-0.7515089756801965,0.05494754405485159,2.0102806501703343,3.5314258491818875,4.109287032558762,-1.1189371495912235,1.739417569820816,12.206022644280132,True,2222.0,Flagship,Qualcomm,388.0,4.0,No,Yes,0.11907538066039268
oppo,OPPO Reno 10 Pro,42990,86.0,1,1,0,dimensity,8.0,3.05,5000.0,1,120.0,16.0,256.0,6.73,120,2,1.0,android,50.0,32.0,0,1080,2412,False,False,False,1,0,0,0,1,0,0,0,0,0,0,0,0,0.4012918633305962,1.016242919836495,1.3186846307993485,0.18849949586540202,2.364768464237132,3.485855550408869,1.1008739886393968,0.5606018706371084,0.957926675712042,-0.014776261225252826,10.668722809490328,False,478.0,Premium,MediaTek,393.0,3.0,No,Yes,0.18889953689336406
nubia,Nubia Z50,34999,82.0,1,1,0,snapdragon,8.0,3.2,5000.0,1,80.0,8.0,128.0,6.67,144,3,1.0,android,64.0,16.0,0,1080,2400,False,False,False,1,0,0,0,0,0,0,0,0,0,1,0,0,0.13398826875351297,0.47919272520756534,1.6409795541704866,0.18849949586540202,1.2098580041459919,0.5347057499317991,-0.11440194163184854,0.38167656835534286,1.7886722058333482,0.40864983592379833,10.463074768634808,False,389.0,Premium,Qualcomm,395.0,4.0,No,Yes,0.2168291993865526
samsung,Samsung Galaxy F13 (4GB RAM + 128GB),11999,75.0,0,1,0,exynos,8.0,2.0,6000.0,1,15.0,4.0,128.0,6.6,60,3,1.0,android,50.0,8.0,1,2408,1080,False,False,False,1,0,0,0,0,1,0,0,0,0,0,0,0,-0.6353750994448244,-0.46064511539306163,-0.9373798327986115,1.1779820974923478,-0.6668714935021112,-0.9408691503067359,-0.11440194163184854,0.1729303823599505,-1.1189371495912235,-0.014776261225252826,9.392578591964389,False,133.0,Budget,Samsung,400.0,4.0,No,No,0.286653355619524
nokia,Nokia G11 Plus,10499,70.0,0,0,0,unisoc,8.0,1.6,5000.0,1,10.0,4.0,64.0,6.52,90,2,1.0,android,50.0,8.0,1,720,1600,False,False,False,1,0,0,0,0,0,0,0,0,0,0,1,0,-0.6855509712838465,-1.1319578586792238,-1.7968329617883105,0.18849949586540202,-0.8112353010135037,-0.9408691503067359,-0.7220399067674711,-0.06563668734906855,-0.0805052369395907,-0.014776261225252826,9.259035293514941,False,117.0,Budget,Unisoc,269.0,3.0,No,No,-1.542739537684326
infinix,Infinix Hot 12 Play,8910,66.0,0,0,0,unisoc,8.0,1.82,6000.0,1,18.0,4.0,64.0,6.82,90,2,1.0,android,13.0,8.0,1,1640,720,False,False,False,1,0,0,0,0,0,0,0,0,0,0,1,0,-0.7387039448519838,-1.6690080533081535,-1.324133740843976,1.1779820974923478,-0.5802532089952757,-0.9408691503067359,-0.7220399067674711,0.8289898240597543,-0.0805052369395907,-1.1338309465477452,9.094929520464856,False,99.0,Budget,Unisoc,263.0,3.0,No,No,-1.6265285251638917
vivo,Vivo T2 5G,24990,85.0,1,0,0,snapdragon,8.0,3.2,4700.0,1,80.0,8.0,128.0,6.62,120,3,1.0,android,64.0,16.0,1,1080,2400,False,False,False,1,0,0,0,0,0,0,0,0,0,1,0,0,-0.20081859873766786,0.8819803711792626,1.6409795541704866,-0.10834528462268171,1.2098580041459919,0.5347057499317991,-0.11440194163184854,0.2325721497872066,0.957926675712042,0.40864983592379833,10.126231023828998,False,278.0,Mid-range,Qualcomm,398.0,4.0,No,Yes,0.2587236931263354
oppo,OPPO Reno7 Z 5G,17999,84.0,1,1,0,snapdragon,8.0,2.2,4500.0,1,33.0,8.0,128.0,6.43,60,3,1.0,android,64.0,16.0,1,1080,2400,False,False,False,1,0,0,0,0,0,0,0,0,0,1,0,0,-0.4346716120887364,0.7477178225220302,-0.5076532683037616,-0.30624180494807085,-0.14716178646109798,0.5347057499317991,-0.11440194163184854,-0.33402464077171434,-1.1189371495912235,0.40864983592379833,9.798071479779479,False,200.0,Mid-range,Qualcomm,409.0,4.0,No,Yes,0.41233683683887246
xiaomi,Xiaomi Mi 11 Lite NE 5G (8GB RAM + 128GB),22999,86.0,1,1,1,snapdragon,8.0,2.4,4250.0,1,33.0,8.0,128.0,6.55,90,3,1.0,android,64.0,20.0,1,1080,2400,False,False,False,1,0,0,0,0,0,0,0,0,0,1,0,0,-0.26741870595866307,1.016242919836495,-0.07792670380891248,-0.5536124553548073,-0.14716178646109798,0.5347057499317991,-0.11440194163184854,0.023825963791814262,-0.0805052369395907,0.40864983592379833,10.043206015705211,False,256.0,Mid-range,Qualcomm,402.0,4.0,No,Yes,0.31458301811271255
realme,Realme Narzo 50i,6490,69.0,0,0,0,unisoc,8.0,1.6,5000.0,0,0.0,2.0,32.0,6.5,60,1,1.0,android,8.0,5.0,1,720,1600,True,False,False,1,0,0,0,0,0,0,0,0,0,0,1,0,-0.8196543514189393,-1.2662204073364562,-1.7968329617883105,0.18849949586540202,-1.0999629160362887,-1.6786566004260035,-1.0258588893352825,-0.125278454776322,-1.1189371495912235,-1.2850545526724062,8.778017809698136,False,72.0,Budget,Unisoc,270.0,2.0,No,No,-1.5287747064377317
infinix,Infinix Zero X Pro,21990,85.0,1,0,0,helio,8.0,2.05,4500.0,1,45.0,8.0,128.0,6.67,120,3,1.0,android,108.0,16.0,1,1080,2400,False,False,False,1,0,0,0,0,0,0,1,0,0,0,0,0,-0.3011703424157119,0.8819803711792626,-0.8299481916748995,-0.30624180494807085,0.19931135156624413,0.5347057499317991,-0.11440194163184854,0.38167656835534286,0.957926675712042,1.739417569820816,9.998343083548807,False,244.0,Mid-range,MediaTek,395.0,4.0,No,Yes,0.2168291993865526
samsung,Samsung Galaxy M32,12364,76.0,0,0,0,helio,8.0,2.0,6000.0,1,15.0,4.0,64.0,6.4,90,4,1.0,android,64.0,20.0,1,1080,2400,False,False,False,1,0,0,0,0,0,0,1,0,0,0,0,0,-0.6231656372973291,-0.3263825667358292,-0.9373798327986115,1.1779820974923478,-0.6668714935021112,-0.9408691503067359,-0.7220399067674711,-0.4234872919125945,-0.0805052369395907,0.40864983592379833,9.422544303252007,False,137.0,Budget,MediaTek,411.0,5.0,No,No,0.440266499332061
samsung,Samsung Galaxy A82 5G,39990,86.0,1,1,0,snapdragon,8.0,2.96,4500.0,1,25.0,6.0,128.0,6.71,120,3,1.0,android,64.0,10.0,1,1440,3200,False,False,False,1,0,0,0,0,0,0,0,0,0,1,0,0,0.3009401196525522,1.016242919836495,1.1253076767766665,-0.30624180494807085,-0.37814387847932607,-0.2030817001874684,-0.11440194163184854,0.5009601032098524,0.957926675712042,0.40864983592379833,10.596384701840863,False,444.0,Premium,Qualcomm,523.0,4.0,No,Yes,2.0043275989506197
xiaomi,Xiaomi Poco F1,11999,77.0,0,0,0,snapdragon,8.0,2.8,4000.0,1,33.0,6.0,64.0,6.18,60,2,1.0,android,12.0,20.0,1,1080,2246,False,False,True,1,0,0,0,0,0,0,0,0,0,1,0,0,-0.6353750994448244,-0.19212001807859677,0.7815264251807865,-0.8009831057615437,-0.14716178646109798,-0.2030817001874684,-0.7220399067674711,-1.0795467336123983,-1.1189371495912235,-1.1640756677726773,9.392578591964389,False,133.0,Budget,Qualcomm,403.0,3.0,No,No,0.3285478493593068
vivo,Vivo Y25,7499,69.0,0,0,0,helio,4.0,1.3,1900.0,0,0.0,1.0,16.0,4.5,60,1,1.0,android,5.0,2.0,1,480,854,True,False,False,1,0,0,0,0,0,0,1,0,0,0,0,0,-0.7859027149618905,-1.2662204073364562,-2.441422808530585,-2.8788965691781296,-1.0999629160362887,-2.0475503254856373,-1.177768380619188,-6.089455197501794,-1.1189371495912235,-1.375788716347203,8.92252495730139,True,83.0,Budget,MediaTek,218.0,2.0,No,No,-2.254945931260634
lyf,Lyf Earth 1,3990,60.0,0,0,0,snapdragon,8.0,1.5,3500.0,0,0.0,3.0,32.0,5.5,60,2,1.0,android,13.0,5.0,1,1080,1920,False,False,False,1,0,0,0,0,0,0,0,0,0,1,0,0,-0.903280804483976,-2.474583345251548,-2.0116962440357353,-1.2957244065750166,-1.0999629160362887,-1.3097628753663697,-1.0258588893352825,-3.1073668261390575,-1.1189371495912235,-1.1338309465477452,8.29154650988391,True,44.0,Budget,Qualcomm,401.0,3.0,No,No,0.30061818686611824
motorola,Motorola Moto E13,10499,65.0,0,0,0,unisoc,8.0,2.0,5000.0,1,10.0,2.0,64.0,6.5,60,1,1.0,android,13.0,5.0,1,720,1600,False,False,False,1,0,0,0,0,0,0,0,0,0,0,1,0,-0.6855509712838465,-1.803270601965386,-0.9373798327986115,0.18849949586540202,-0.8112353010135037,-1.6786566004260035,-0.7220399067674711,-0.125278454776322,-1.1189371495912235,-1.1338309465477452,9.259035293514941,False,117.0,Budget,Unisoc,270.0,2.0,No,No,-1.5287747064377317
tecno,Tecno Pop 6 Pro,6299,69.0,0,0,0,helio,4.0,2.0,5000.0,0,0.0,2.0,32.0,6.56,60,2,1.0,android,8.0,5.0,1,720,1600,True,False,False,1,0,0,0,0,0,0,1,0,0,0,0,0,-0.8260434124331081,-1.2662204073364562,-0.9373798327986115,0.18849949586540202,-1.0999629160362887,-1.6786566004260035,-1.0258588893352825,0.053646847505440985,-1.1189371495912235,-1.2850545526724062,8.74814616962193,False,70.0,Budget,MediaTek,267.0,3.0,No,No,-1.5706692001775144
itel,Itel A24 Pro,5990,69.0,0,0,0,unisoc,4.0,1.4,3020.0,0,0.0,2.0,32.0,5.0,60,1,1.0,android,2.0,0.3,1,854,480,True,False,False,1,0,0,0,0,0,0,0,0,0,0,1,0,-0.8363796420319466,-1.2662204073364562,-2.2265595262831606,-1.7706760553559506,-1.0999629160362887,-1.6786566004260035,-1.0258588893352825,-4.598411011820425,-1.1189371495912235,-1.4665228800219996,8.697846691109495,True,67.0,Budget,Unisoc,196.0,2.0,No,No,-2.562172218685708
vivo,Vivo X Fold Plus,113990,86.0,1,1,0,snapdragon,8.0,3.2,4730.0,1,80.0,12.0,256.0,8.03,120,4,2.0,android,50.0,16.0,0,1916,2160,True,False,False,1,0,0,0,0,0,0,0,0,0,1,0,0,2.7762831303776374,1.016242919836495,1.6409795541704866,-0.07866080657387334,1.2098580041459919,2.0102806501703343,1.1008739886393968,4.437316753408662,0.957926675712042,-0.014776261225252826,11.643866004230825,True,1267.0,Flagship,Qualcomm,360.0,6.0,Yes,Yes,-0.27193989424424697
samsung,Samsung Galaxy F63,21999,84.0,1,1,0,dimensity,8.0,2.0,7000.0,1,33.0,6.0,128.0,6.7,60,4,1.0,android,64.0,32.0,1,1080,2400,False,False,False,1,0,0,0,1,0,0,0,0,0,0,0,0,-0.30086928718467776,0.7477178225220302,-0.9373798327986115,2.1674646991192934,-0.14716178646109798,-0.2030817001874684,-0.11440194163184854,0.47113921949622567,-1.1189371495912235,0.40864983592379833,9.998752276761909,False,244.0,Mid-range,MediaTek,393.0,5.0,No,Yes,0.18889953689336406
iqoo,iQOO Z6 4G (6GB RAM + 128GB),15999,80.0,0,0,0,snapdragon,8.0,2.4,5000.0,1,44.0,6.0,128.0,6.44,120,3,1.0,android,50.0,16.0,1,1080,2400,False,False,False,1,0,0,0,0,0,0,0,0,0,1,0,0,-0.5015727745407658,0.2106676278931005,-0.07792670380891248,0.18849949586540202,0.17043859006396564,-0.2030817001874684,-0.11440194163184854,-0.30420375705808494,0.957926675712042,-0.014776261225252826,9.680281499268713,False,178.0,Mid-range,Qualcomm,409.0,4.0,No,No,0.41233683683887246
sony,Sony Xperia 5 II,69990,86.0,1,1,0,snapdragon,8.0,2.84,4000.0,1,21.0,8.0,128.0,6.1,120,3,1.0,android,12.0,8.0,1,1080,2520,False,False,False,1,0,0,0,0,0,0,0,0,0,1,0,0,1.3044575564329923,1.016242919836495,0.8674717380797565,-0.8009831057615437,-0.4936349244884401,0.5347057499317991,-0.11440194163184854,-1.3181138033214173,0.957926675712042,-1.1640756677726773,11.156107653683586,False,778.0,Flagship,Qualcomm,449.0,4.0,No,Yes,0.9709300867026435
vivo,Vivo Y3 (4GB RAM + 128GB),12990,71.0,0,0,0,helio,8.0,2.3,5000.0,1,44.0,4.0,128.0,6.35,60,3,1.0,android,13.0,16.0,1,720,1544,False,False,True,1,0,0,0,0,0,0,1,0,0,0,0,0,-0.602225573449844,-0.9976953100219913,-0.2927899860563375,0.18849949586540202,0.17043859006396564,-0.9408691503067359,-0.11440194163184854,-0.5725917104807334,-1.1189371495912235,-1.1338309465477452,9.471935109664646,False,144.0,Budget,MediaTek,268.0,4.0,No,No,-1.5567043689309203
sony,Sony Xperia 1 IV (12GB RAM + 512GB),92980,86.0,1,1,0,snapdragon,8.0,3.0,5000.0,1,30.0,12.0,512.0,6.5,120,4,1.0,android,12.0,12.0,1,1644,3840,True,False,False,1,0,0,0,0,0,0,0,0,0,1,0,0,2.0734864188190696,1.016242919836495,1.2112529896756365,0.18849949586540202,-0.23378007096793352,2.0102806501703343,3.5314258491818875,-0.125278454776322,0.957926675712042,-1.1640756677726773,11.440139695244575,False,1033.0,Flagship,Qualcomm,643.0,5.0,No,Yes,3.6801073485419327
tecno,Tecno Pova 4 Pro,15999,74.0,0,0,0,helio,8.0,2.2,6000.0,1,45.0,8.0,256.0,6.66,90,2,1.0,android,50.0,8.0,1,720,1600,False,False,False,1,0,0,0,0,0,0,1,0,0,0,0,0,-0.5015727745407658,-0.594907664050294,-0.5076532683037616,1.1779820974923478,0.19931135156624413,0.5347057499317991,1.1008739886393968,0.3518556846417161,-0.0805052369395907,-0.014776261225252826,9.680281499268713,False,178.0,Mid-range,MediaTek,263.0,3.0,No,No,-1.6265285251638917
huawei,Huawei Nova 10 SE,23999,84.0,0,1,0,snapdragon,8.0,2.4,4500.0,1,66.0,8.0,256.0,6.67,90,3,1.0,android,108.0,16.0,1,1080,2160,False,False,False,1,0,0,0,0,0,0,0,0,0,1,0,0,-0.23396812473264839,0.7477178225220302,-0.07792670380891248,-0.30624180494807085,0.8056393431140928,0.5347057499317991,1.1008739886393968,0.38167656835534286,-0.0805052369395907,1.739417569820816,10.085767441795337,False,267.0,Mid-range,Qualcomm,362.0,4.0,No,No,-0.24401023175105846
vivo,Vivo T1x (4GB RAM + 128GB),12999,75.0,0,0,0,snapdragon,8.0,2.4,5000.0,1,18.0,4.0,128.0,6.58,90,2,1.0,android,50.0,8.0,1,1080,2408,False,False,False,1,0,0,0,0,0,0,0,0,0,1,0,0,-0.6019245182188098,-0.46064511539306163,-0.07792670380891248,0.18849949586540202,-0.5802532089952757,-0.9408691503067359,-0.11440194163184854,0.11328861493269707,-0.0805052369395907,-0.014776261225252826,9.47262771040802,False,144.0,Budget,Qualcomm,401.0,3.0,No,No,0.30061818686611824
nubia,Nubia Red Magic 7S Pro,60990,86.0,1,1,0,snapdragon,8.0,3.2,5000.0,1,135.0,12.0,256.0,6.8,120,3,1.0,android,64.0,8.0,0,1080,2400,False,False,False,1,0,0,0,0,0,0,0,0,0,1,0,0,1.0034023253988602,1.016242919836495,1.6409795541704866,0.18849949586540202,2.7978598867713096,2.0102806501703343,1.1008739886393968,0.7693480566324982,0.957926675712042,0.40864983592379833,11.018465195290503,False,678.0,Flagship,Qualcomm,387.0,4.0,No,Yes,0.10511054941379841
motorola,Motorola Moto E32s (4GB RAM + 64GB),8859,67.0,0,0,0,helio,8.0,1.8,5000.0,1,18.0,4.0,64.0,6.5,90,3,1.0,android,16.0,8.0,1,720,1600,False,False,False,1,0,0,0,0,0,0,1,0,0,0,0,0,-0.7404099244945105,-1.534745504650921,-1.367106397293461,0.18849949586540202,-0.5802532089952757,-0.9408691503067359,-0.7220399067674711,-0.125278454776322,-0.0805052369395907,-1.0430967828729485,9.089189170412032,False,98.0,Budget,MediaTek,270.0,4.0,No,No,-1.5287747064377317
iqoo,iQOO Neo 6 5G (12GB RAM + 256GB),33749,84.0,1,0,1,snapdragon,8.0,3.2,4700.0,1,80.0,12.0,256.0,6.62,120,3,1.0,android,64.0,16.0,0,1080,2400,False,False,False,1,0,0,0,0,0,0,0,0,0,1,0,0,0.09217504222099464,0.7477178225220302,1.6409795541704866,-0.10834528462268171,1.2098580041459919,2.0102806501703343,1.1008739886393968,0.2325721497872066,0.957926675712042,0.40864983592379833,10.42670606623208,False,375.0,Premium,Qualcomm,398.0,4.0,No,Yes,0.2587236931263354
samsung,Samsung Galaxy A15,15990,63.0,0,0,0,unknown,8.0,2.3,5000.0,1,25.0,6.0,64.0,6.5,60,3,1.0,android,48.0,8.0,1,720,1600,False,True,True,1,0,0,0,0,0,0,0,0,0,0,0,1,-0.5018738297717998,-2.0717956992798507,-0.2927899860563375,0.18849949586540202,-0.37814387847932607,-0.2030817001874684,-0.7220399067674711,-0.125278454776322,-1.1189371495912235,-0.07526570367511727,9.679718805828,False,178.0,Mid-range,Unknown,270.0,4.0,No,No,-1.5287747064377317
poco,POCO X4 GT 5G,24990,84.0,1,1,1,dimensity,8.0,2.85,5080.0,1,67.0,8.0,128.0,6.6,144,3,1.0,android,64.0,16.0,0,1080,2460,False,False,False,1,0,0,0,1,0,0,0,0,0,0,0,0,-0.20081859873766786,0.7477178225220302,0.8889580663044995,0.2676581039955577,0.8345121046163714,0.5347057499317991,-0.11440194163184854,0.1729303823599505,1.7886722058333482,0.40864983592379833,10.126231023828998,False,278.0,Mid-range,MediaTek,407.0,4.0,No,Yes,0.3844071743456839
realme,Realme Narzo 50 5G (4GB RAM + 128GB),14999,76.0,1,0,0,dimensity,8.0,2.4,5000.0,1,33.0,4.0,128.0,6.6,90,3,1.0,android,48.0,16.0,1,1080,2400,False,False,False,1,0,0,0,1,0,0,0,0,0,0,0,0,-0.5350233557667804,-0.3263825667358292,-0.07792670380891248,0.18849949586540202,-0.14716178646109798,-0.9408691503067359,-0.11440194163184854,0.1729303823599505,-0.0805052369395907,-0.07526570367511727,9.61573881119536,False,167.0,Budget,MediaTek,399.0,4.0,No,Yes,0.27268852437292973
vivo,Vivo Y77 5G,17990,76.0,1,0,0,dimensity,8.0,2.2,4500.0,1,80.0,6.0,128.0,6.64,120,2,1.0,android,50.0,8.0,1,1080,2388,False,False,False,1,0,0,0,1,0,0,0,0,0,0,0,0,-0.4349726673197705,-0.3263825667358292,-0.5076532683037616,-0.30624180494807085,1.2098580041459919,-0.2030817001874684,-0.11440194163184854,0.29221391721446005,0.957926675712042,-0.014776261225252826,9.79757132694458,False,200.0,Mid-range,MediaTek,395.0,3.0,No,Yes,0.2168291993865526
honor,Honor 60 SE 5G,24990,75.0,1,0,0,dimensity,8.0,2.0,4300.0,1,66.0,8.0,128.0,6.67,120,3,1.0,android,64.0,16.0,0,1080,2340,False,False,False,1,0,0,0,1,0,0,0,0,0,0,0,0,-0.20081859873766786,-0.46064511539306163,-0.9373798327986115,-0.50413832527346,0.8056393431140928,0.5347057499317991,-0.11440194163184854,0.38167656835534286,0.957926675712042,0.40864983592379833,10.126231023828998,False,278.0,Mid-range,MediaTek,386.0,4.0,No,Yes,0.09114571816720414
xiaomi,Xiaomi Redmi 11 Prime,11600,74.0,0,0,1,helio,8.0,2.2,5000.0,1,18.0,4.0,64.0,6.58,90,3,1.0,android,50.0,8.0,1,1080,2400,False,False,False,1,0,0,0,0,0,0,1,0,0,0,0,0,-0.6487218813540043,-0.594907664050294,-0.5076532683037616,0.18849949586540202,-0.5802532089952757,-0.9408691503067359,-0.7220399067674711,0.11328861493269707,-0.0805052369395907,-0.014776261225252826,9.358760377094455,False,129.0,Budget,MediaTek,400.0,4.0,No,No,0.286653355619524
realme,Realme C31,8299,62.0,0,0,0,unisoc,8.0,1.82,5000.0,0,0.0,3.0,32.0,6.52,60,3,1.0,android,13.0,5.0,1,720,1600,False,False,False,1,0,0,0,0,0,0,0,0,0,0,1,0,-0.7591422499810787,-2.206058247937083,-1.324133740843976,0.18849949586540202,-1.0999629160362887,-1.3097628753663697,-1.0258588893352825,-0.06563668734906855,-1.1189371495912235,-1.1338309465477452,9.023890304598448,False,92.0,Budget,Unisoc,269.0,4.0,No,No,-1.542739537684326
motorola,Motorola Moto G31 (6GB RAM+ 128GB),11999,78.0,0,0,0,helio,8.0,2.0,5000.0,1,20.0,6.0,128.0,6.47,60,3,1.0,android,50.0,13.0,1,1080,2400,False,False,False,1,0,0,0,0,0,0,1,0,0,0,0,0,-0.6353750994448244,-0.05785746942136435,-0.9373798327986115,0.18849949586540202,-0.5225076859907186,-0.2030817001874684,-0.11440194163184854,-0.2147411059172048,-1.1189371495912235,-0.014776261225252826,9.392578591964389,False,133.0,Budget,MediaTek,407.0,4.0,No,No,0.3844071743456839
samsung,Samsung Galaxy Z Flip 4 5G,89999,88.0,1,1,0,snapdragon,8.0,3.2,3700.0,1,25.0,8.0,128.0,6.7,120,2,1.0,android,12.0,10.0,0,1080,2640,False,False,False,1,0,0,0,0,0,0,0,0,0,1,0,0,1.97377023618432,1.28476801715096,1.6409795541704866,-1.0978278862496273,-0.37814387847932607,0.5347057499317991,-0.11440194163184854,0.47113921949622567,0.957926675712042,-1.1640756677726773,11.407553838139561,False,1000.0,Flagship,Qualcomm,426.0,3.0,Yes,Yes,0.6497389680309751
oneplus,OnePlus 6 (8GB RAM + 128GB),27999,77.0,0,1,0,snapdragon,8.0,2.8,3300.0,0,0.0,8.0,128.0,6.28,60,2,1.0,android,20.0,16.0,0,1080,2280,False,False,False,1,0,0,0,0,0,0,0,0,0,1,0,0,-0.10016579982858971,-0.19212001807859677,0.7815264251807865,-1.4936209269004057,-1.0999629160362887,0.5347057499317991,-0.11440194163184854,-0.7813378964761231,-1.1189371495912235,-0.9221178979732195,10.239924074233857,False,311.0,Mid-range,Qualcomm,402.0,3.0,No,No,0.31458301811271255
google,Google Pixel 2 XL,15990,69.0,0,1,0,snapdragon,8.0,2.35,3520.0,1,30.0,4.0,128.0,6.0,60,1,1.0,android,12.2,8.0,0,1440,2880,False,False,True,1,0,0,0,0,0,0,0,0,0,1,0,0,-0.5018738297717998,-1.2662204073364562,-0.1853583449326245,-1.2759347545424777,-0.23378007096793352,-0.9408691503067359,-0.11440194163184854,-1.6163226404576898,-1.1189371495912235,-1.158026723527691,9.679718805828,False,178.0,Mid-range,Qualcomm,537.0,2.0,No,No,2.1998352364029397
xiaomi,Xiaomi Redmi A1 Plus,7289,60.0,0,0,0,helio,4.0,2.0,5000.0,1,10.0,2.0,32.0,6.52,60,2,1.0,android,8.0,5.0,1,720,1600,False,False,False,1,0,0,0,0,0,0,1,0,0,0,0,0,-0.7929273370193536,-2.474583345251548,-0.9373798327986115,0.18849949586540202,-0.8112353010135037,-1.6786566004260035,-1.0258588893352825,-0.06563668734906855,-1.1189371495912235,-1.2850545526724062,8.894121641382213,False,81.0,Budget,MediaTek,269.0,3.0,No,No,-1.542739537684326
honor,Honor 70 5G (8GB RAM + 256GB),30990,86.0,1,1,0,snapdragon,8.0,2.5,4800.0,1,66.0,8.0,256.0,6.67,120,3,1.0,android,54.0,32.0,0,1080,2400,False,False,False,1,0,0,0,0,0,0,0,0,0,1,0,0,-0.00011511138157983544,1.016242919836495,0.1369365784385125,-0.009397024459987136,0.8056393431140928,0.5347057499317991,1.1008739886393968,0.38167656835534286,0.957926675712042,0.10620262367447607,10.341419850781794,False,344.0,Premium,Qualcomm,395.0,4.0,No,Yes,0.2168291993865526
realme,Realme Narzo 50 (6GB RAM + 128GB),15499,77.0,0,0,0,helio,8.0,2.0,5000.0,1,33.0,6.0,128.0,6.6,120,3,1.0,android,50.0,16.0,1,1080,2412,False,False,False,1,0,0,0,0,0,0,1,0,0,0,0,0,-0.5182980651537731,-0.19212001807859677,-0.9373798327986115,0.18849949586540202,-0.14716178646109798,-0.2030817001874684,-0.11440194163184854,0.1729303823599505,0.957926675712042,-0.014776261225252826,9.648530784697051,False,172.0,Mid-range,MediaTek,400.0,4.0,No,No,0.286653355619524
vivo,Vivo Y15s,8499,66.0,0,0,0,helio,8.0,2.3,5000.0,0,0.0,3.0,32.0,6.51,60,2,1.0,android,13.0,8.0,1,720,1600,False,False,False,1,0,0,0,0,0,0,1,0,0,0,0,0,-0.7524521337358758,-1.6690080533081535,-0.2927899860563375,0.18849949586540202,-1.0999629160362887,-1.3097628753663697,-1.0258588893352825,-0.09545757106269527,-1.1189371495912235,-1.1338309465477452,9.047703788498627,False,94.0,Budget,MediaTek,270.0,3.0,No,No,-1.5287747064377317
samsung,Samsung Galaxy M32 (6GB RAM + 128GB),14490,80.0,0,0,0,helio,8.0,2.0,6000.0,1,15.0,6.0,128.0,6.4,90,4,1.0,android,64.0,20.0,1,1080,2400,False,False,False,1,0,0,0,0,0,0,1,0,0,0,0,0,-0.5520497016108219,0.2106676278931005,-0.9373798327986115,1.1779820974923478,-0.6668714935021112,-0.2030817001874684,-0.11440194163184854,-0.4234872919125945,-0.0805052369395907,0.40864983592379833,9.581214035314728,False,161.0,Budget,MediaTek,411.0,5.0,No,No,0.440266499332061
samsung,Samsung Galaxy F42 5G,15490,80.0,1,0,0,dimensity,8.0,2.2,5000.0,1,15.0,6.0,128.0,6.6,90,3,1.0,android,64.0,8.0,1,1080,2408,False,False,False,1,0,0,0,1,0,0,0,0,0,0,0,0,-0.5185991203848073,0.2106676278931005,-0.5076532683037616,0.18849949586540202,-0.6668714935021112,-0.2030817001874684,-0.11440194163184854,0.1729303823599505,-0.0805052369395907,0.40864983592379833,9.647949933410914,False,172.0,Mid-range,MediaTek,400.0,4.0,No,Yes,0.286653355619524
realme,Realme Q5 5G,14990,78.0,1,0,0,snapdragon,8.0,2.2,5000.0,1,60.0,6.0,128.0,6.6,120,3,1.0,android,50.0,16.0,1,1080,2412,False,False,False,1,0,0,0,0,0,0,0,0,0,1,0,0,-0.5353244109978146,-0.05785746942136435,-0.5076532683037616,0.18849949586540202,0.6324027741004218,-0.2030817001874684,-0.11440194163184854,0.1729303823599505,0.957926675712042,-0.014776261225252826,9.615138591096644,False,167.0,Budget,Qualcomm,400.0,4.0,No,Yes,0.286653355619524
poco,POCO M3 Pro 5G,15999,75.0,1,0,1,dimensity,8.0,2.2,5000.0,1,18.0,4.0,64.0,6.5,90,3,1.0,android,48.0,8.0,1,1080,2400,False,False,False,1,0,0,0,1,0,0,0,0,0,0,0,0,-0.5015727745407658,-0.46064511539306163,-0.5076532683037616,0.18849949586540202,-0.5802532089952757,-0.9408691503067359,-0.7220399067674711,-0.125278454776322,-0.0805052369395907,-0.07526570367511727,9.680281499268713,False,178.0,Mid-range,MediaTek,405.0,4.0,No,Yes,0.3564775118524954
google,Google Pixel 5,36000,82.0,1,1,0,snapdragon,8.0,2.4,4080.0,1,18.0,8.0,128.0,6.0,90,2,1.0,android,16.0,8.0,0,1080,2340,False,False,False,1,0,0,0,0,0,0,0,0,0,1,0,0,0.16747230056075366,0.47919272520756534,-0.07792670380891248,-0.721824497631388,-0.5802532089952757,0.5347057499317991,-0.11440194163184854,-1.6163226404576898,-0.0805052369395907,-1.0430967828729485,10.491274217438248,False,400.0,Premium,Qualcomm,430.0,3.0,No,Yes,0.7055982930173522
oneplus,OnePlus 12 Pro,69999,86.0,1,1,0,snapdragon,8.0,3.2,4800.0,1,150.0,12.0,256.0,6.73,144,3,1.0,android,108.0,32.0,0,1440,3412,True,False,False,1,0,0,0,0,0,0,0,0,0,1,0,0,1.3047586116640264,1.016242919836495,1.6409795541704866,-0.009397024459987136,3.2309513093054876,2.0102806501703343,1.1008739886393968,0.5606018706371084,1.7886722058333482,1.739417569820816,11.156236235215168,False,778.0,Flagship,Qualcomm,550.0,4.0,No,Yes,2.3813780426086653
xiaomi,Xiaomi Redmi Note 12 Discovery Edition,26990,86.0,1,1,1,dimensity,8.0,2.6,4300.0,1,210.0,8.0,256.0,6.67,120,3,1.0,android,200.0,16.0,0,1080,2400,False,False,False,1,0,0,0,1,0,0,0,0,0,0,0,0,-0.1339174362856385,1.016242919836495,0.3517998606859375,-0.50413832527346,4.963316999442198,0.5347057499317991,1.1008739886393968,0.38167656835534286,0.957926675712042,4.521931922514581,10.20322170601205,False,300.0,Mid-range,MediaTek,395.0,4.0,No,Yes,0.2168291993865526
samsung,Samsung Galaxy M13 (4GB RAM + 64GB),10630,71.0,0,0,0,exynos,8.0,2.0,6000.0,1,15.0,4.0,64.0,6.6,60,3,1.0,android,50.0,8.0,1,1080,2400,False,False,False,1,0,0,0,0,1,0,0,0,0,0,0,0,-0.6811689451432386,-0.9976953100219913,-0.9373798327986115,1.1779820974923478,-0.6668714935021112,-0.9408691503067359,-0.7220399067674711,0.1729303823599505,-1.1189371495912235,-0.014776261225252826,9.271435471335993,False,118.0,Budget,Samsung,399.0,4.0,No,No,0.27268852437292973
oppo,Oppo Reno 8 Pro (8GB RAM + 256GB),42990,85.0,1,1,0,dimensity,8.0,2.85,4500.0,1,80.0,8.0,256.0,6.7,120,3,1.0,android,50.0,32.0,0,1080,2412,False,False,False,1,0,0,0,1,0,0,0,0,0,0,0,0,0.4012918633305962,0.8819803711792626,0.8889580663044995,-0.30624180494807085,1.2098580041459919,0.5347057499317991,1.1008739886393968,0.47113921949622567,0.957926675712042,-0.014776261225252826,10.668722809490328,False,478.0,Premium,MediaTek,394.0,4.0,No,Yes,0.20286436813995834
vivo,Vivo Y78 5G,24990,77.0,1,0,0,dimensity,8.0,3.0,4500.0,1,44.0,8.0,128.0,6.58,90,3,1.0,android,50.0,16.0,0,1080,2400,False,False,True,1,0,0,0,1,0,0,0,0,0,0,0,0,-0.20081859873766786,-0.19212001807859677,1.2112529896756365,-0.30624180494807085,0.17043859006396564,0.5347057499317991,-0.11440194163184854,0.11328861493269707,-0.0805052369395907,-0.014776261225252826,10.126231023828998,False,278.0,Mid-range,MediaTek,400.0,4.0,No,Yes,0.286653355619524
iqoo,iQOO Z6 4G,14489,77.0,0,0,0,snapdragon,8.0,2.4,5000.0,1,44.0,4.0,128.0,6.44,120,3,1.0,android,50.0,16.0,1,1080,2400,False,False,False,1,0,0,0,0,0,0,0,0,0,1,0,0,-0.552083152192048,-0.19212001807859677,-0.07792670380891248,0.18849949586540202,0.17043859006396564,-0.9408691503067359,-0.11440194163184854,-0.30420375705808494,0.957926675712042,-0.014776261225252826,9.581145019820722,False,161.0,Budget,Qualcomm,409.0,4.0,No,No,0.41233683683887246
oppo,OPPO A76,16490,73.0,0,0,0,snapdragon,8.0,2.4,5000.0,1,33.0,6.0,128.0,6.56,90,2,1.0,android,13.0,8.0,1,720,1612,False,False,False,1,0,0,0,0,0,0,0,0,0,1,0,0,-0.4851485391587926,-0.7291702127075265,-0.07792670380891248,0.18849949586540202,-0.14716178646109798,-0.2030817001874684,-0.11440194163184854,0.053646847505440985,-0.0805052369395907,-1.1338309465477452,9.710509415553645,False,183.0,Mid-range,Qualcomm,269.0,3.0,No,No,-1.542739537684326
realme,Realme 9 Pro Plus 5G (8GB RAM + 256GB),24494,82.0,1,0,0,dimensity,8.0,2.5,4500.0,1,60.0,8.0,256.0,6.4,90,3,1.0,android,50.0,16.0,0,1080,2400,False,False,False,1,0,0,0,1,0,0,0,0,0,0,0,0,-0.21741008702577114,0.47919272520756534,0.1369365784385125,-0.30624180494807085,0.6324027741004218,0.5347057499317991,1.1008739886393968,-0.4234872919125945,-0.0805052369395907,-0.014776261225252826,10.106183468581232,False,272.0,Mid-range,MediaTek,411.0,4.0,No,Yes,0.440266499332061
vivo,Vivo Y01,7999,61.0,0,0,0,helio,8.0,2.3,5000.0,0,0.0,2.0,32.0,6.51,60,1,1.0,android,8.0,5.0,1,720,1600,False,False,False,1,0,0,0,0,0,0,1,0,0,0,0,0,-0.7691774243488831,-2.3403207965943156,-0.2927899860563375,0.18849949586540202,-1.0999629160362887,-1.6786566004260035,-1.0258588893352825,-0.09545757106269527,-1.1189371495912235,-1.2850545526724062,8.987071812848821,False,89.0,Budget,MediaTek,270.0,2.0,No,No,-1.5287747064377317
motorola,Motorola Moto Edge S30 5G,23990,85.0,1,0,0,snapdragon,8.0,2.9,5000.0,1,33.0,6.0,128.0,6.8,144,3,1.0,android,108.0,16.0,0,1080,2460,False,False,False,1,0,0,0,0,0,0,0,0,0,1,0,0,-0.23426917996368252,0.8819803711792626,0.9963897074282115,0.18849949586540202,-0.14716178646109798,-0.2030817001874684,-0.11440194163184854,0.7693480566324982,1.7886722058333482,1.739417569820816,10.08539235583374,False,267.0,Mid-range,Qualcomm,395.0,4.0,No,Yes,0.2168291993865526
realme,Realme GT 2 Pro 5G,49959,89.0,1,1,0,snapdragon,8.0,3.0,5000.0,1,65.0,8.0,128.0,6.7,120,3,1.0,android,50.0,32.0,0,1440,3216,False,False,False,1,0,0,0,0,0,0,0,0,0,1,0,0,0.6344089638946925,1.4190305658081923,1.2112529896756365,0.18849949586540202,0.7767665816118143,0.5347057499317991,-0.11440194163184854,0.47113921949622567,0.957926675712042,-0.014776261225252826,10.81895794802638,False,555.0,Premium,Qualcomm,526.0,4.0,No,Yes,2.0462220926904027
apple,Apple iPhone 13 Pro (256GB),129900,83.0,1,1,0,bionic,6.0,3.22,3095.0,1,18.0,6.0,256.0,6.1,120,3,1.0,ios,12.0,12.0,0,1170,2532,False,False,True,0,1,0,1,0,0,0,0,0,0,0,0,0,3.3084818776835307,0.6134552738647978,1.6839522106199716,-1.6964648602339296,-0.5802532089952757,-0.2030817001874684,1.1008739886393968,-1.3181138033214173,0.957926675712042,-1.1640756677726773,11.77452020265869,True,1443.0,Flagship,Apple,457.0,4.0,No,Yes,1.0826487366753976
vivo,Vivo Y73 2021,19990,80.0,0,0,0,helio,8.0,2.05,4000.0,1,33.0,8.0,128.0,6.44,60,3,1.0,android,64.0,16.0,1,1080,2400,False,False,False,1,0,0,0,0,0,0,1,0,0,0,0,0,-0.3680715048677412,0.2106676278931005,-0.8299481916748995,-0.8009831057615437,-0.14716178646109798,0.5347057499317991,-0.11440194163184854,-0.30420375705808494,-1.1189371495912235,0.40864983592379833,9.902987427494446,False,222.0,Mid-range,MediaTek,409.0,4.0,No,No,0.41233683683887246
samsung,Samsung Galaxy F14,14990,67.0,0,1,0,unknown,8.0,2.3,5000.0,1,25.0,4.0,64.0,6.62,60,3,1.0,android,50.0,16.0,1,2408,1080,False,True,False,1,0,0,0,0,0,0,0,0,0,0,0,1,-0.5353244109978146,-1.534745504650921,-0.2927899860563375,0.18849949586540202,-0.37814387847932607,-0.9408691503067359,-0.7220399067674711,0.2325721497872066,-1.1189371495912235,-0.014776261225252826,9.615138591096644,False,167.0,Budget,Unknown,399.0,4.0,No,No,0.27268852437292973
vivo,Vivo V20,23269,85.0,0,0,0,snapdragon,8.0,2.3,4000.0,1,33.0,8.0,128.0,6.44,60,3,1.0,android,64.0,44.0,1,1080,2400,False,False,False,1,0,0,0,0,0,0,0,0,0,1,0,0,-0.2583870490276391,0.8819803711792626,-0.2927899860563375,-0.8009831057615437,-0.14716178646109798,0.5347057499317991,-0.11440194163184854,-0.30420375705808494,-1.1189371495912235,0.40864983592379833,10.054877281586947,False,259.0,Mid-range,Qualcomm,409.0,4.0,No,No,0.41233683683887246
xiaomi,Xiaomi Redmi Note 9 Pro,13999,75.0,0,0,1,snapdragon,8.0,2.3,5020.0,1,18.0,4.0,64.0,6.67,60,4,1.0,android,48.0,16.0,1,1080,2400,False,False,False,1,0,0,0,0,0,0,0,0,0,1,0,0,-0.5684739369927951,-0.46064511539306163,-0.2927899860563375,0.20828914789794092,-0.5802532089952757,-0.9408691503067359,-0.7220399067674711,0.38167656835534286,-1.1189371495912235,-0.07526570367511727,9.546741177474825,False,156.0,Budget,Qualcomm,395.0,5.0,No,No,0.2168291993865526
oneplus,OnePlus 10R Prime Edition,35389,85.0,1,1,0,dimensity,8.0,2.85,5000.0,1,80.0,8.0,128.0,6.7,120,3,1.0,android,50.0,16.0,0,1080,2412,False,False,False,1,0,0,0,1,0,0,0,0,0,0,0,0,0.1470339954316587,0.8819803711792626,0.8889580663044995,0.18849949586540202,1.2098580041459919,0.5347057499317991,-0.11440194163184854,0.47113921949622567,0.957926675712042,-0.014776261225252826,10.474156316370632,False,393.0,Premium,MediaTek,394.0,4.0,No,Yes,0.20286436813995834
google,Google Pixel 6 Pro (12GB RAM + 256GB),79700,86.0,1,1,0,google,8.0,2.8,5003.0,1,30.0,12.0,256.0,6.71,120,3,1.0,android,50.0,11.1,0,1440,3120,True,False,False,1,0,0,0,0,0,1,0,0,0,0,0,0,1.6292627001375948,1.016242919836495,0.7815264251807865,0.19146794367028286,-0.23378007096793352,2.0102806501703343,1.1008739886393968,0.5009601032098524,0.957926675712042,-0.014776261225252826,11.286024864778307,False,886.0,Flagship,Google,512.0,4.0,No,Yes,1.8507144552380828
nokia,Nokia C31,9499,62.0,0,0,0,unisoc,8.0,1.6,5050.0,1,10.0,3.0,32.0,6.74,60,3,1.0,android,13.0,5.0,1,720,1600,False,False,False,1,0,0,0,0,0,0,0,0,0,0,1,0,-0.7190015525098611,-2.206058247937083,-1.7968329617883105,0.23797362594674928,-0.8112353010135037,-1.3097628753663697,-1.0258588893352825,0.5904227543507352,-1.1189371495912235,-1.1338309465477452,9.158941808890182,False,106.0,Budget,Unisoc,260.0,4.0,No,No,-1.6684230189036744
infinix,Infinix Hot 12 Pro (8GB RAM+ 128GB),12340,76.0,0,0,0,unisoc,8.0,2.0,5000.0,1,18.0,8.0,128.0,6.6,90,2,1.0,android,50.0,8.0,1,720,1612,False,False,False,1,0,0,0,0,0,0,0,0,0,0,1,0,-0.6239684512467535,-0.3263825667358292,-0.9373798327986115,0.18849949586540202,-0.5802532089952757,0.5347057499317991,-0.11440194163184854,0.1729303823599505,-0.0805052369395907,-0.014776261225252826,9.42060129745938,False,137.0,Budget,Unisoc,267.0,3.0,No,No,-1.5706692001775144
poco,Poco M5,10799,74.0,0,0,1,helio,8.0,2.2,5000.0,1,18.0,4.0,64.0,6.58,90,3,1.0,android,50.0,8.0,1,1080,2400,False,False,False,1,0,0,0,0,0,0,1,0,0,0,0,0,-0.675515796916042,-0.594907664050294,-0.5076532683037616,0.18849949586540202,-0.5802532089952757,-0.9408691503067359,-0.7220399067674711,0.11328861493269707,-0.0805052369395907,-0.014776261225252826,9.28720881623276,False,120.0,Budget,MediaTek,400.0,4.0,No,No,0.286653355619524
xiaomi,Xiaomi Redmi 10C (4GB RAM + 128GB),14990,73.0,0,0,0,snapdragon,8.0,2.4,6000.0,1,18.0,4.0,128.0,6.7,60,2,1.0,android,50.0,5.0,1,720,1600,False,False,False,1,0,0,0,0,0,0,0,0,0,1,0,0,-0.5353244109978146,-0.7291702127075265,-0.07792670380891248,1.1779820974923478,-0.5802532089952757,-0.9408691503067359,-0.11440194163184854,0.47113921949622567,-1.1189371495912235,-0.014776261225252826,9.615138591096644,False,167.0,Budget,Qualcomm,262.0,3.0,No,No,-1.640493356410486
zte,ZTE Axon 40 Ultra 5G,61990,89.0,1,1,0,snapdragon,8.0,3.0,5000.0,1,65.0,8.0,128.0,6.8,120,3,1.0,android,64.0,16.0,0,1116,2480,False,False,False,1,0,0,0,0,0,0,0,0,0,1,0,0,1.0368529066248748,1.4190305658081923,1.2112529896756365,0.18849949586540202,0.7767665816118143,0.5347057499317991,-0.11440194163184854,0.7693480566324982,0.957926675712042,0.40864983592379833,11.034728360695965,False,689.0,Flagship,Qualcomm,400.0,4.0,No,Yes,0.286653355619524
xiaomi,Xiaomi 12 Pro 5G (12GB RAM + 256GB),51880,86.0,1,1,1,snapdragon,8.0,3.0,4600.0,1,120.0,12.0,256.0,6.73,120,3,1.0,android,50.0,32.0,0,1440,3200,True,False,False,1,0,0,0,0,0,0,0,0,0,1,0,0,0.6986675304298666,1.016242919836495,1.2112529896756365,-0.2072935447853763,2.364768464237132,2.0102806501703343,1.1008739886393968,0.5606018706371084,0.957926675712042,-0.014776261225252826,10.85668863843038,False,576.0,Premium,Qualcomm,521.0,4.0,No,Yes,1.9763979364574311
oppo,OPPO K10 (8GB RAM + 128GB),16990,80.0,0,0,0,snapdragon,8.0,2.4,5000.0,1,33.0,8.0,128.0,6.59,90,3,1.0,android,50.0,16.0,1,1080,2412,False,False,False,1,0,0,0,0,0,0,0,0,0,1,0,0,-0.4684232485457852,0.2106676278931005,-0.07792670380891248,0.18849949586540202,-0.14716178646109798,0.5347057499317991,-0.11440194163184854,0.1431094986463238,-0.0805052369395907,-0.014776261225252826,9.740380214665977,False,189.0,Mid-range,Qualcomm,401.0,4.0,No,No,0.30061818686611824
huawei,Huawei Nova 9 SE,19990,84.0,0,1,0,snapdragon,8.0,2.4,4000.0,1,66.0,8.0,128.0,6.78,90,4,1.0,android,108.0,16.0,1,1080,2388,False,False,False,1,0,0,0,0,0,0,0,0,0,1,0,0,-0.3680715048677412,0.7477178225220302,-0.07792670380891248,-0.8009831057615437,0.8056393431140928,0.5347057499317991,-0.11440194163184854,0.7097062892052447,-0.0805052369395907,1.739417569820816,9.902987427494446,False,222.0,Mid-range,Qualcomm,387.0,5.0,No,No,0.10511054941379841
samsung,Samsung Galaxy S22 5G (8GB RAM + 256GB),57999,87.0,1,1,0,snapdragon,8.0,3.0,3700.0,1,25.0,8.0,256.0,6.1,120,3,1.0,android,50.0,10.0,0,1080,2340,False,False,False,1,0,0,0,0,0,0,0,0,0,1,0,0,0.9033516369518504,1.1505054684937275,1.2112529896756365,-1.0978278862496273,-0.37814387847932607,0.5347057499317991,1.1008739886393968,-1.3181138033214173,0.957926675712042,-0.014776261225252826,10.968181048000611,False,644.0,Premium,Qualcomm,422.0,4.0,No,Yes,0.5938796430445981
lenovo,Lenovo Legion Y90,46990,87.0,1,1,0,snapdragon,8.0,3.0,5600.0,1,68.0,12.0,256.0,6.92,144,2,1.0,android,64.0,16.0,0,1080,2460,False,False,False,1,0,0,0,0,0,0,0,0,0,1,0,0,0.5350941882346549,1.1505054684937275,1.2112529896756365,0.7821890568415695,0.8633848661186498,2.0102806501703343,1.1008739886393968,1.1271986611960267,1.7886722058333482,0.40864983592379833,10.757690092096862,False,522.0,Premium,Qualcomm,388.0,3.0,No,Yes,0.11907538066039268
vivo,Vivo Y55 5G,20990,77.0,1,1,0,dimensity,8.0,2.2,5000.0,1,18.0,4.0,128.0,6.58,60,3,1.0,android,50.0,8.0,1,1080,2408,False,False,False,1,0,0,0,1,0,0,0,0,0,0,0,0,-0.3346209236417265,-0.19212001807859677,-0.5076532683037616,0.18849949586540202,-0.5802532089952757,-0.9408691503067359,-0.11440194163184854,0.11328861493269707,-1.1189371495912235,-0.014776261225252826,9.951801412814678,False,233.0,Mid-range,MediaTek,401.0,4.0,No,Yes,0.30061818686611824
nokia,Nokia X100 5G,17990,82.0,1,1,0,snapdragon,8.0,2.0,4470.0,1,18.0,6.0,128.0,6.67,60,4,1.0,android,48.0,16.0,1,1080,2400,False,False,False,1,0,0,0,0,0,0,0,0,0,1,0,0,-0.4349726673197705,0.47919272520756534,-0.9373798327986115,-0.3359262829968792,-0.5802532089952757,-0.2030817001874684,-0.11440194163184854,0.38167656835534286,-1.1189371495912235,-0.07526570367511727,9.79757132694458,False,200.0,Mid-range,Qualcomm,395.0,5.0,No,Yes,0.2168291993865526
realme,Realme 8s 5G (8GB RAM + 128GB),17499,82.0,1,0,0,dimensity,8.0,2.4,5000.0,1,33.0,8.0,128.0,6.5,90,3,1.0,android,64.0,16.0,1,1080,2400,False,False,False,1,0,0,0,1,0,0,0,0,0,0,0,0,-0.45139690270174376,0.47919272520756534,-0.07792670380891248,0.18849949586540202,-0.14716178646109798,0.5347057499317991,-0.11440194163184854,-0.125278454776322,-0.0805052369395907,0.40864983592379833,9.769899015421748,False,194.0,Mid-range,MediaTek,405.0,4.0,No,Yes,0.3564775118524954
realme,Realme 8s 5G,17999,80.0,1,0,0,dimensity,8.0,2.4,5000.0,1,33.0,6.0,128.0,6.5,90,3,1.0,android,64.0,16.0,1,1080,2400,False,False,False,1,0,0,0,1,0,0,0,0,0,0,0,0,-0.4346716120887364,0.2106676278931005,-0.07792670380891248,0.18849949586540202,-0.14716178646109798,-0.2030817001874684,-0.11440194163184854,-0.125278454776322,-0.0805052369395907,0.40864983592379833,9.798071479779479,False,200.0,Mid-range,MediaTek,405.0,4.0,No,Yes,0.3564775118524954
nokia,Nokia X60 Pro 5G,49990,86.0,1,0,0,snapdragon,8.0,3.2,6000.0,1,44.0,8.0,128.0,6.51,144,4,1.0,android,200.0,32.0,1,1080,2408,True,False,False,1,0,0,0,0,0,0,0,0,0,1,0,0,0.6354459319126989,1.016242919836495,1.6409795541704866,1.1779820974923478,0.17043859006396564,0.5347057499317991,-0.11440194163184854,-0.09545757106269527,1.7886722058333482,4.521931922514581,10.819578264407616,False,555.0,Premium,Qualcomm,405.0,5.0,No,Yes,0.3564775118524954
poco,Poco X5,14999,74.0,1,0,1,snapdragon,8.0,2.2,5000.0,1,33.0,4.0,128.0,6.67,120,3,1.0,android,48.0,8.0,0,1080,2400,False,False,False,1,0,0,0,0,0,0,0,0,0,1,0,0,-0.5350233557667804,-0.594907664050294,-0.5076532683037616,0.18849949586540202,-0.14716178646109798,-0.9408691503067359,-0.11440194163184854,0.38167656835534286,0.957926675712042,-0.07526570367511727,9.61573881119536,False,167.0,Budget,Qualcomm,395.0,4.0,No,Yes,0.2168291993865526
xiaomi,Xiaomi Redmi Note 10 Pro Max (6GB RAM + 128GB),19980,82.0,0,0,1,snapdragon,8.0,2.3,5020.0,1,33.0,6.0,128.0,6.67,120,4,1.0,android,108.0,16.0,1,1080,2400,False,False,False,1,0,0,0,0,0,0,0,0,0,1,0,0,-0.36840601068000134,0.47919272520756534,-0.2927899860563375,0.20828914789794092,-0.14716178646109798,-0.2030817001874684,-0.11440194163184854,0.38167656835534286,0.957926675712042,1.739417569820816,9.902487052202545,False,222.0,Mid-range,Qualcomm,395.0,5.0,No,No,0.2168291993865526
iqoo,iQOO 7 (12GB RAM + 256GB),35990,85.0,1,1,0,snapdragon,8.0,3.2,4400.0,1,66.0,12.0,256.0,6.62,120,3,1.0,android,48.0,16.0,0,1080,2400,False,False,False,1,0,0,0,0,0,0,0,0,0,1,0,0,0.16713779474849352,0.8819803711792626,1.6409795541704866,-0.40519006511076544,0.8056393431140928,2.0102806501703343,1.1008739886393968,0.2325721497872066,0.957926675712042,-0.07526570367511727,10.490996401073076,False,400.0,Premium,Qualcomm,398.0,4.0,No,Yes,0.2587236931263354
realme,Realme 8,15999,78.0,0,0,0,helio,8.0,2.0,5000.0,1,30.0,4.0,128.0,6.4,60,4,1.0,android,64.0,16.0,1,1080,2400,False,False,False,1,0,0,0,0,0,0,1,0,0,0,0,0,-0.5015727745407658,-0.05785746942136435,-0.9373798327986115,0.18849949586540202,-0.23378007096793352,-0.9408691503067359,-0.11440194163184854,-0.4234872919125945,-1.1189371495912235,0.40864983592379833,9.680281499268713,False,178.0,Mid-range,MediaTek,411.0,5.0,No,No,0.440266499332061
samsung,Samsung Galaxy S20,41999,88.0,0,1,0,exynos,8.0,2.73,4000.0,1,25.0,8.0,128.0,6.2,120,3,1.0,android,64.0,10.0,1,1440,3200,False,False,False,1,0,0,0,0,1,0,0,0,0,0,0,0,0.3681423373356157,1.28476801715096,0.6311221276075896,-0.8009831057615437,-0.37814387847932607,0.5347057499317991,-0.11440194163184854,-1.0199049661851423,0.957926675712042,0.40864983592379833,10.645401087458245,False,467.0,Premium,Samsung,566.0,4.0,No,No,2.6048153425541734
xiaomi,Xiaomi Redmi K60E,25999,83.0,1,1,1,dimensity,8.0,3.1,5500.0,1,67.0,8.0,128.0,6.67,120,3,1.0,android,48.0,20.0,0,1440,3200,False,False,False,1,0,0,0,1,0,0,0,0,0,0,0,0,-0.16706696228061904,0.6134552738647978,1.4261162719230616,0.6832407966788748,0.8345121046163714,0.5347057499317991,-0.11440194163184854,0.38167656835534286,0.957926675712042,-0.07526570367511727,10.165813354725493,False,289.0,Mid-range,MediaTek,526.0,4.0,No,Yes,2.0462220926904027
motorola,Motorola Moto E32s,7990,65.0,0,0,0,helio,8.0,1.8,5000.0,1,18.0,3.0,32.0,6.5,90,3,1.0,android,16.0,8.0,1,720,1600,False,False,False,1,0,0,0,0,0,0,1,0,0,0,0,0,-0.7694784795799172,-1.803270601965386,-1.367106397293461,0.18849949586540202,-0.5802532089952757,-1.3097628753663697,-1.0258588893352825,-0.125278454776322,-0.0805052369395907,-1.0430967828729485,8.98594603876032,False,89.0,Budget,MediaTek,270.0,4.0,No,No,-1.5287747064377317
oneplus,OnePlus Nord 3T 5G,29990,84.0,1,1,0,dimensity,8.0,3.0,4500.0,1,80.0,8.0,128.0,6.43,90,3,1.0,android,50.0,32.0,0,1080,2400,False,False,False,1,0,0,0,1,0,0,0,0,0,0,0,0,-0.033565692607594504,0.7477178225220302,1.2112529896756365,-0.30624180494807085,1.2098580041459919,0.5347057499317991,-0.11440194163184854,-0.33402464077171434,-0.0805052369395907,-0.014776261225252826,10.308619271743055,False,333.0,Mid-range,MediaTek,409.0,4.0,No,Yes,0.41233683683887246
oppo,OPPO F23 Pro Plus 5G,27990,83.0,1,0,0,snapdragon,8.0,2.36,4500.0,1,65.0,8.0,128.0,6.43,90,4,1.0,android,50.0,16.0,1,1080,2460,False,False,False,1,0,0,0,0,0,0,0,0,0,1,0,0,-0.10046685505962384,0.6134552738647978,-0.16387201670788248,-0.30624180494807085,0.7767665816118143,0.5347057499317991,-0.11440194163184854,-0.33402464077171434,-0.0805052369395907,-0.014776261225252826,10.2396025825095,False,311.0,Mid-range,Qualcomm,418.0,5.0,No,Yes,0.5380203180582209
poco,Poco F5 Pro,29999,84.0,1,1,1,snapdragon,8.0,3.2,5500.0,1,67.0,8.0,128.0,6.67,120,3,1.0,android,64.0,16.0,0,1440,3200,False,False,False,1,0,0,0,0,0,0,0,0,0,1,0,0,-0.03326463737656037,0.7477178225220302,1.6409795541704866,0.6832407966788748,0.8345121046163714,0.5347057499317991,-0.11440194163184854,0.38167656835534286,0.957926675712042,0.40864983592379833,10.308919326755392,False,333.0,Mid-range,Qualcomm,526.0,4.0,No,Yes,2.0462220926904027
oppo,OPPO A16e (4GB RAM + 64GB),8999,68.0,0,0,0,helio,8.0,2.0,4230.0,0,0.0,4.0,64.0,6.52,60,1,1.0,android,13.0,5.0,1,720,1600,False,False,False,1,0,0,0,0,0,0,1,0,0,0,0,0,-0.7357268431228684,-1.4004829559936887,-0.9373798327986115,-0.5734021073873462,-1.0999629160362887,-0.9408691503067359,-0.7220399067674711,-0.06563668734906855,-1.1189371495912235,-1.1338309465477452,9.104868739033948,False,100.0,Budget,MediaTek,269.0,2.0,No,No,-1.542739537684326
poco,POCO M4 Pro 4G (8GB RAM + 128GB),13999,81.0,0,0,1,helio,8.0,2.05,5000.0,1,33.0,8.0,128.0,6.43,90,3,1.0,android,64.0,16.0,1,1080,2400,False,False,False,1,0,0,0,0,0,0,1,0,0,0,0,0,-0.5684739369927951,0.3449301765503329,-0.8299481916748995,0.18849949586540202,-0.14716178646109798,0.5347057499317991,-0.11440194163184854,-0.33402464077171434,-0.0805052369395907,0.40864983592379833,9.546741177474825,False,156.0,Budget,MediaTek,409.0,4.0,No,No,0.41233683683887246
realme,Realme Narzo 50A,11499,71.0,0,0,0,helio,8.0,2.0,6000.0,1,18.0,4.0,64.0,6.5,60,3,1.0,android,50.0,8.0,1,720,1600,False,False,False,1,0,0,0,0,0,0,1,0,0,0,0,0,-0.6521003900578318,-0.9976953100219913,-0.9373798327986115,1.1779820974923478,-0.5802532089952757,-0.9408691503067359,-0.7220399067674711,-0.125278454776322,-1.1189371495912235,-0.014776261225252826,9.350015354048665,False,128.0,Budget,MediaTek,270.0,4.0,No,No,-1.5287747064377317
asus,Asus ROG Phone 5s 5G,39999,87.0,1,1,0,snapdragon,8.0,2.9,6000.0,1,65.0,8.0,128.0,6.78,144,3,1.0,android,64.0,24.0,0,1080,2448,False,False,False,1,0,0,0,0,0,0,0,0,0,1,0,0,0.3012411748835863,1.1505054684937275,0.9963897074282115,1.1779820974923478,0.7767665816118143,0.5347057499317991,-0.11440194163184854,0.7097062892052447,1.7886722058333482,0.40864983592379833,10.596609732783568,False,444.0,Premium,Qualcomm,395.0,4.0,No,Yes,0.2168291993865526
realme,Realme GT Master Edition 5G,27999,84.0,1,1,0,snapdragon,8.0,2.4,4300.0,1,65.0,8.0,128.0,6.43,120,3,1.0,android,64.0,32.0,0,1080,2400,False,False,False,1,0,0,0,0,0,0,0,0,0,1,0,0,-0.10016579982858971,0.7477178225220302,-0.07792670380891248,-0.50413832527346,0.7767665816118143,0.5347057499317991,-0.11440194163184854,-0.33402464077171434,0.957926675712042,0.40864983592379833,10.239924074233857,False,311.0,Mid-range,Qualcomm,409.0,4.0,No,Yes,0.41233683683887246
samsung,Samsung Galaxy A32 5G,24499,79.0,1,1,0,dimensity,8.0,2.0,5000.0,1,15.0,6.0,128.0,6.5,90,4,1.0,android,48.0,13.0,1,720,1600,False,False,False,1,0,0,0,1,0,0,0,0,0,0,0,0,-0.21724283411964107,0.07640507923586808,-0.9373798327986115,0.18849949586540202,-0.6668714935021112,-0.2030817001874684,-0.11440194163184854,-0.125278454776322,-0.0805052369395907,-0.07526570367511727,10.106387579373278,False,272.0,Mid-range,MediaTek,270.0,5.0,No,Yes,-1.5287747064377317
nubia,Nubia Red Magic 8 Pro Plus,60999,86.0,1,1,0,snapdragon,8.0,3.2,5000.0,1,165.0,12.0,256.0,6.8,120,3,1.0,android,50.0,16.0,0,1116,2480,False,False,False,1,0,0,0,0,0,0,0,0,0,1,0,0,1.0037033806298945,1.016242919836495,1.6409795541704866,0.18849949586540202,3.664042731839665,2.0102806501703343,1.1008739886393968,0.7693480566324982,0.957926675712042,-0.014776261225252826,11.018612749578452,False,678.0,Flagship,Qualcomm,400.0,4.0,No,Yes,0.286653355619524
samsung,Samsung Galaxy Z Fold 3,110999,89.0,1,1,0,snapdragon,8.0,2.84,4400.0,1,25.0,12.0,256.0,7.6,120,3,2.0,android,12.0,10.0,0,1768,2208,False,False,False,1,0,0,0,0,0,0,0,0,0,1,0,0,2.676232441930628,1.4190305658081923,0.8674717380797565,-0.40519006511076544,-0.37814387847932607,2.0102806501703343,1.1008739886393968,3.155018753722686,0.957926675712042,-1.1640756677726773,11.61727647124488,True,1233.0,Flagship,Qualcomm,372.0,5.0,Yes,Yes,-0.1043619192851157
lg,LG Wing 5G,54999,89.0,1,1,0,snapdragon,8.0,2.4,4000.0,1,25.0,8.0,128.0,6.8,60,3,1.0,android,64.0,32.0,0,1080,2460,False,False,True,1,0,0,0,0,0,0,0,0,0,1,0,0,0.8029998932738064,1.4190305658081923,-0.07792670380891248,-0.8009831057615437,-0.37814387847932607,0.5347057499317991,-0.11440194163184854,0.7693480566324982,-1.1189371495912235,0.40864983592379833,10.915070282231135,False,611.0,Premium,Qualcomm,395.0,4.0,No,Yes,0.2168291993865526
xiaomi,Xiaomi Redmi Note 9 Pro Max,16490,80.0,0,0,1,snapdragon,8.0,2.3,5020.0,1,33.0,6.0,64.0,6.67,60,4,1.0,android,64.0,32.0,1,1080,2400,False,False,False,1,0,0,0,0,0,0,0,0,0,1,0,0,-0.4851485391587926,0.2106676278931005,-0.2927899860563375,0.20828914789794092,-0.14716178646109798,-0.2030817001874684,-0.7220399067674711,0.38167656835534286,-1.1189371495912235,0.40864983592379833,9.710509415553645,False,183.0,Mid-range,Qualcomm,395.0,5.0,No,No,0.2168291993865526
samsung,Samsung Galaxy A52,24990,83.0,0,0,0,snapdragon,8.0,2.3,4500.0,1,25.0,6.0,128.0,6.5,90,4,1.0,android,64.0,32.0,1,1080,2400,False,False,False,1,0,0,0,0,0,0,0,0,0,1,0,0,-0.20081859873766786,0.6134552738647978,-0.2927899860563375,-0.30624180494807085,-0.37814387847932607,-0.2030817001874684,-0.11440194163184854,-0.125278454776322,-0.0805052369395907,0.40864983592379833,10.126231023828998,False,278.0,Mid-range,Qualcomm,405.0,5.0,No,No,0.3564775118524954
vivo,Vivo Y71,25000,83.0,0,0,0,snapdragon,4.0,1.4,3360.0,0,0.0,3.0,16.0,6.0,60,1,1.0,android,13.0,5.0,1,720,1440,True,False,False,1,0,0,0,0,0,0,0,0,0,1,0,0,-0.2004840929254077,0.6134552738647978,-2.2265595262831606,-1.434251970802789,-1.0999629160362887,-1.3097628753663697,-1.177768380619188,-1.6163226404576898,-1.1189371495912235,-1.1338309465477452,10.126631103850338,False,278.0,Mid-range,Qualcomm,268.0,2.0,No,No,-1.5567043689309203
samsung,Samsung Galaxy A04e (3GB RAM + 64GB),9950,66.0,0,0,0,helio,8.0,2.3,5000.0,0,0.0,3.0,64.0,6.5,60,2,1.0,android,13.0,5.0,1,720,1600,False,False,False,1,0,0,0,0,0,0,1,0,0,0,0,0,-0.7039153403769285,-1.6690080533081535,-0.2927899860563375,0.18849949586540202,-1.0999629160362887,-1.3097628753663697,-0.7220399067674711,-0.125278454776322,-1.1189371495912235,-1.1338309465477452,9.205327830152639,False,111.0,Budget,MediaTek,270.0,3.0,No,No,-1.5287747064377317
oppo,Oppo A56s,12999,75.0,1,0,0,dimensity,8.0,2.4,5000.0,0,0.0,8.0,128.0,6.56,60,2,1.0,android,13.0,8.0,1,720,1612,False,False,False,1,0,0,0,1,0,0,0,0,0,0,0,0,-0.6019245182188098,-0.46064511539306163,-0.07792670380891248,0.18849949586540202,-1.0999629160362887,0.5347057499317991,-0.11440194163184854,0.053646847505440985,-1.1189371495912235,-1.1338309465477452,9.47262771040802,False,144.0,Budget,MediaTek,269.0,3.0,No,Yes,-1.542739537684326
oppo,Oppo Reno 8T 4G,19999,83.0,0,1,0,helio,8.0,2.2,5000.0,1,66.0,8.0,256.0,6.67,120,3,1.0,android,50.0,16.0,1,1080,2400,False,False,False,1,0,0,0,0,0,0,1,0,0,0,0,0,-0.3677704496367071,0.6134552738647978,-0.5076532683037616,0.18849949586540202,0.8056393431140928,0.5347057499317991,1.1008739886393968,0.38167656835534286,0.957926675712042,-0.014776261225252826,9.903437551286085,False,222.0,Mid-range,MediaTek,395.0,4.0,No,No,0.2168291993865526
oppo,OPPO Reno 10,32999,84.0,1,1,0,snapdragon,8.0,2.5,5000.0,1,120.0,8.0,256.0,6.73,120,3,1.0,android,50.0,32.0,0,1080,2412,False,False,False,1,0,0,0,0,0,0,0,0,0,1,0,0,0.06708710630148364,0.7477178225220302,0.1369365784385125,0.18849949586540202,2.364768464237132,0.5347057499317991,1.1008739886393968,0.5606018706371084,0.957926675712042,-0.014776261225252826,10.404232536959167,False,367.0,Premium,Qualcomm,393.0,4.0,No,Yes,0.18889953689336406
nokia,Nokia G60,28498,81.0,1,1,0,snapdragon,8.0,2.2,4500.0,1,20.0,6.0,128.0,6.58,120,3,1.0,android,50.0,8.0,1,1080,2400,False,False,False,1,0,0,0,0,0,0,0,0,0,1,0,0,-0.0834739597968084,0.3449301765503329,-0.5076532683037616,-0.30624180494807085,-0.5225076859907186,-0.2030817001874684,-0.11440194163184854,0.11328861493269707,0.957926675712042,-0.014776261225252826,10.257589188355734,False,317.0,Mid-range,Qualcomm,400.0,4.0,No,Yes,0.286653355619524
oppo,OPPO A77 (4GB RAM + 128 GB),15998,71.0,0,0,0,helio,8.0,2.3,5000.0,1,33.0,4.0,128.0,6.56,60,2,1.0,android,50.0,8.0,1,720,1600,False,False,False,1,0,0,0,0,0,0,1,0,0,0,0,0,-0.5016062251219918,-0.9976953100219913,-0.2927899860563375,0.18849949586540202,-0.14716178646109798,-0.9408691503067359,-0.11440194163184854,0.053646847505440985,-1.1189371495912235,-0.014776261225252826,9.680218993408767,False,178.0,Mid-range,MediaTek,267.0,3.0,No,No,-1.5706692001775144
motorola,Motorola Edge 40 Pro 5G,59990,89.0,1,1,0,snapdragon,8.0,3.2,4800.0,1,125.0,8.0,128.0,6.7,165,3,1.0,android,50.0,60.0,0,1080,2460,False,False,False,1,0,0,0,0,0,0,0,0,0,1,0,0,0.9699517441728456,1.4190305658081923,1.6409795541704866,-0.009397024459987136,2.5091322717485247,0.5347057499317991,-0.11440194163184854,0.47113921949622567,2.5155745446894913,-0.014776261225252826,11.00193316064714,False,667.0,Premium,Qualcomm,401.0,4.0,No,Yes,0.30061818686611824
oppo,Oppo K10x 5G,16990,78.0,1,0,0,snapdragon,8.0,2.2,5000.0,1,67.0,6.0,128.0,6.59,120,3,1.0,android,64.0,16.0,0,1080,2412,False,False,False,1,0,0,0,0,0,0,0,0,0,1,0,0,-0.4684232485457852,-0.05785746942136435,-0.5076532683037616,0.18849949586540202,0.8345121046163714,-0.2030817001874684,-0.11440194163184854,0.1431094986463238,0.957926675712042,0.40864983592379833,9.740380214665977,False,189.0,Mid-range,Qualcomm,401.0,4.0,No,Yes,0.30061818686611824
iqoo,iQOO Z6 Pro 5G (12GB RAM + 256GB),27999,82.0,1,0,0,snapdragon,8.0,2.4,4700.0,1,66.0,12.0,256.0,6.44,90,3,1.0,android,64.0,16.0,0,1080,2404,False,False,False,1,0,0,0,0,0,0,0,0,0,1,0,0,-0.10016579982858971,0.47919272520756534,-0.07792670380891248,-0.10834528462268171,0.8056393431140928,2.0102806501703343,1.1008739886393968,-0.30420375705808494,-0.0805052369395907,0.40864983592379833,10.239924074233857,False,311.0,Mid-range,Qualcomm,409.0,4.0,No,Yes,0.41233683683887246
nokia,Nokia G21 (6GB RAM + 128GB),13499,75.0,0,0,0,unisoc,8.0,1.6,5050.0,1,18.0,6.0,128.0,6.5,90,3,1.0,android,50.0,8.0,1,720,1600,False,False,False,1,0,0,0,0,0,0,0,0,0,0,1,0,-0.5851992276058025,-0.46064511539306163,-1.7968329617883105,0.23797362594674928,-0.5802532089952757,-0.2030817001874684,-0.11440194163184854,-0.125278454776322,-0.0805052369395907,-0.014776261225252826,9.510370887608827,False,150.0,Budget,Unisoc,270.0,4.0,No,No,-1.5287747064377317
samsung,Samsung Galaxy A13 (6GB RAM + 128GB),16499,78.0,0,0,0,unknown,8.0,2.0,5000.0,1,25.0,6.0,128.0,6.6,60,4,1.0,android,50.0,8.0,1,1080,2408,False,False,False,1,0,0,0,0,0,0,0,0,0,0,0,1,-0.4848474839277584,-0.05785746942136435,-0.9373798327986115,0.18849949586540202,-0.37814387847932607,-0.2030817001874684,-0.11440194163184854,0.1729303823599505,-1.1189371495912235,-0.014776261225252826,9.711055051991444,False,183.0,Mid-range,Unknown,400.0,5.0,No,No,0.286653355619524
oppo,OPPO A16K (4GB RAM + 64GB),10999,66.0,0,0,0,helio,8.0,2.3,4230.0,0,0.0,4.0,64.0,6.52,60,1,1.0,android,13.0,5.0,1,720,1600,False,False,False,1,0,0,0,0,0,0,1,0,0,0,0,0,-0.6688256806708391,-1.6690080533081535,-0.2927899860563375,-0.5734021073873462,-1.0999629160362887,-0.9408691503067359,-0.7220399067674711,-0.06563668734906855,-1.1189371495912235,-1.1338309465477452,9.305559638557117,False,122.0,Budget,MediaTek,269.0,2.0,No,No,-1.542739537684326
xiaomi,Xiaomi Redmi 10C,13990,71.0,0,0,0,snapdragon,8.0,2.4,6000.0,1,18.0,4.0,64.0,6.7,60,2,1.0,android,50.0,5.0,1,720,1600,False,False,False,1,0,0,0,0,0,0,0,0,0,1,0,0,-0.5687749922238292,-0.9976953100219913,-0.07792670380891248,1.1779820974923478,-0.5802532089952757,-0.9408691503067359,-0.7220399067674711,0.47113921949622567,-1.1189371495912235,-0.014776261225252826,9.546098067659527,False,155.0,Budget,Qualcomm,262.0,3.0,No,No,-1.640493356410486
tecno,Tecno Spark 9 Pro,9999,74.0,0,0,0,helio,8.0,2.0,5000.0,1,18.0,4.0,64.0,6.6,90,3,1.0,android,48.0,32.0,1,1080,2460,False,False,False,1,0,0,0,0,0,0,1,0,0,0,0,0,-0.7022762618968538,-0.594907664050294,-0.9373798327986115,0.18849949586540202,-0.5802532089952757,-0.9408691503067359,-0.7220399067674711,0.1729303823599505,-0.0805052369395907,-0.07526570367511727,9.21024036697585,False,111.0,Budget,MediaTek,407.0,4.0,No,No,0.3844071743456839
realme,Realme GT Neo 3 5G,31994,83.0,1,1,0,dimensity,8.0,2.85,5000.0,1,80.0,8.0,128.0,6.7,120,3,1.0,android,50.0,16.0,0,1080,2412,False,False,False,1,0,0,0,1,0,0,0,0,0,0,0,0,0.03346927216933889,0.6134552738647978,0.8889580663044995,0.18849949586540202,1.2098580041459919,0.5347057499317991,-0.11440194163184854,0.47113921949622567,0.957926675712042,-0.014776261225252826,10.373303664201542,False,355.0,Premium,MediaTek,394.0,4.0,No,Yes,0.20286436813995834
xiaomi,Xiaomi 11i HyperCharge 5G,24820,83.0,1,0,1,dimensity,8.0,2.5,4500.0,1,120.0,6.0,128.0,6.67,120,3,1.0,android,108.0,16.0,1,2400,1080,False,False,False,1,0,0,0,1,0,0,0,0,0,0,0,0,-0.20650519754609034,0.6134552738647978,0.1369365784385125,-0.30624180494807085,2.364768464237132,-0.2030817001874684,-0.11440194163184854,0.38167656835534286,0.957926675712042,1.739417569820816,10.119405058758598,False,276.0,Mid-range,MediaTek,395.0,4.0,No,Yes,0.2168291993865526
iqoo,iQOO Neo 6 SE 5G,22990,83.0,1,0,0,snapdragon,8.0,3.2,4700.0,1,80.0,8.0,128.0,6.62,120,3,1.0,android,64.0,16.0,0,1080,2400,False,False,False,1,0,0,0,0,0,0,0,0,0,1,0,0,-0.2677197611896972,0.6134552738647978,1.6409795541704866,-0.10834528462268171,1.2098580041459919,0.5347057499317991,-0.11440194163184854,0.2325721497872066,0.957926675712042,0.40864983592379833,10.042814617757227,False,255.0,Mid-range,Qualcomm,398.0,4.0,No,Yes,0.2587236931263354
iqoo,iQOO 9 Pro 5G,59990,88.0,1,1,0,snapdragon,8.0,3.0,4700.0,1,120.0,8.0,256.0,6.78,120,3,1.0,android,50.0,16.0,0,1440,3200,False,False,False,1,0,0,0,0,0,0,0,0,0,1,0,0,0.9699517441728456,1.28476801715096,1.2112529896756365,-0.10834528462268171,2.364768464237132,0.5347057499317991,1.1008739886393968,0.7097062892052447,0.957926675712042,-0.014776261225252826,11.00193316064714,False,667.0,Premium,Qualcomm,518.0,4.0,No,Yes,1.9345034427176484
realme,Realme Narzo 50i (4GB RAM + 64GB),8999,62.0,0,0,0,unisoc,8.0,1.6,5000.0,0,0.0,4.0,64.0,6.5,60,1,1.0,android,8.0,5.0,1,720,1600,False,False,False,1,0,0,0,0,0,0,0,0,0,0,1,0,-0.7357268431228684,-2.206058247937083,-1.7968329617883105,0.18849949586540202,-1.0999629160362887,-0.9408691503067359,-0.7220399067674711,-0.125278454776322,-1.1189371495912235,-1.2850545526724062,9.104868739033948,False,100.0,Budget,Unisoc,270.0,2.0,No,No,-1.5287747064377317
xiaomi,Xiaomi Redmi 9 Activ (6GB RAM + 128GB),10499,72.0,0,0,0,helio,8.0,2.3,5000.0,0,0.0,6.0,128.0,6.53,60,2,1.0,android,13.0,5.0,1,720,1600,False,False,False,1,0,0,0,0,0,0,1,0,0,0,0,0,-0.6855509712838465,-0.8634327613647589,-0.2927899860563375,0.18849949586540202,-1.0999629160362887,-0.2030817001874684,-0.11440194163184854,-0.03581580363543918,-1.1189371495912235,-1.1338309465477452,9.259035293514941,False,117.0,Budget,MediaTek,269.0,3.0,No,No,-1.542739537684326
jio,Jio JioPhone Next (3GB RAM + 32GB),7499,69.0,0,0,0,snapdragon,4.0,1.3,3000.0,0,0.0,3.0,32.0,5.5,60,1,1.0,android,13.0,8.0,1,720,1440,True,False,False,1,0,0,0,0,0,0,0,0,0,1,0,0,-0.7859027149618905,-1.2662204073364562,-2.441422808530585,-1.7904657073884895,-1.0999629160362887,-1.3097628753663697,-1.0258588893352825,-3.1073668261390575,-1.1189371495912235,-1.1338309465477452,8.92252495730139,True,83.0,Budget,Qualcomm,293.0,2.0,No,No,-1.2075835877660634
xiaomi,Xiaomi Redmi Note 8 2021,9990,75.0,0,0,1,helio,8.0,2.0,4000.0,1,18.0,4.0,64.0,6.3,60,4,1.0,android,48.0,13.0,1,1080,2340,False,False,False,1,0,0,0,0,0,0,1,0,0,0,0,0,-0.702577317127888,-0.46064511539306163,-0.9373798327986115,-0.8009831057615437,-0.5802532089952757,-0.9408691503067359,-0.7220399067674711,-0.7216961290488696,-1.1189371495912235,-0.07526570367511727,9.2093398716426,False,111.0,Budget,MediaTek,409.0,5.0,No,No,0.41233683683887246
xiaomi,Xiaomi Redmi Note 10 5G,12490,76.0,1,0,1,dimensity,8.0,2.2,5000.0,1,18.0,4.0,128.0,6.5,90,3,1.0,android,48.0,8.0,1,1080,2400,False,False,False,1,0,0,0,1,0,0,0,0,0,0,0,0,-0.6189508640628513,-0.3263825667358292,-0.5076532683037616,0.18849949586540202,-0.5802532089952757,-0.9408691503067359,-0.11440194163184854,-0.125278454776322,-0.0805052369395907,-0.07526570367511727,9.432683603119623,False,139.0,Budget,MediaTek,405.0,4.0,No,Yes,0.3564775118524954
vivo,Vivo Y20G,13990,69.0,0,0,0,helio,8.0,2.0,5000.0,1,18.0,4.0,64.0,6.51,60,3,1.0,android,13.0,8.0,1,720,1600,False,False,False,1,0,0,0,0,0,0,1,0,0,0,0,0,-0.5687749922238292,-1.2662204073364562,-0.9373798327986115,0.18849949586540202,-0.5802532089952757,-0.9408691503067359,-0.7220399067674711,-0.09545757106269527,-1.1189371495912235,-1.1338309465477452,9.546098067659527,False,155.0,Budget,MediaTek,270.0,4.0,No,No,-1.5287747064377317
samsung,Samsung Galaxy A22 5G,17990,79.0,1,0,0,dimensity,8.0,2.2,5000.0,1,15.0,6.0,128.0,6.6,90,3,1.0,android,48.0,8.0,1,1080,2408,False,False,False,1,0,0,0,1,0,0,0,0,0,0,0,0,-0.4349726673197705,0.07640507923586808,-0.5076532683037616,0.18849949586540202,-0.6668714935021112,-0.2030817001874684,-0.11440194163184854,0.1729303823599505,-0.0805052369395907,-0.07526570367511727,9.79757132694458,False,200.0,Mid-range,MediaTek,400.0,4.0,No,Yes,0.286653355619524
vivo,Vivo V21,24999,83.0,0,0,0,dimensity,8.0,2.4,4000.0,1,33.0,8.0,128.0,6.44,90,3,1.0,android,64.0,44.0,1,1080,2400,False,False,False,1,0,0,0,1,0,0,0,0,0,0,0,0,-0.20051754350663373,0.6134552738647978,-0.07792670380891248,-0.8009831057615437,-0.14716178646109798,0.5347057499317991,-0.11440194163184854,-0.30420375705808494,-0.0805052369395907,0.40864983592379833,10.126591103050316,False,278.0,Mid-range,MediaTek,409.0,4.0,No,No,0.41233683683887246
realme,Realme 7 Pro (8GB RAM + 128GB),21999,85.0,0,0,0,snapdragon,8.0,2.3,4500.0,1,65.0,8.0,128.0,6.4,60,4,1.0,android,64.0,32.0,1,1080,2400,False,False,False,1,0,0,0,0,0,0,0,0,0,1,0,0,-0.30086928718467776,0.8819803711792626,-0.2927899860563375,-0.30624180494807085,0.7767665816118143,0.5347057499317991,-0.11440194163184854,-0.4234872919125945,-1.1189371495912235,0.40864983592379833,9.998752276761909,False,244.0,Mid-range,Qualcomm,411.0,5.0,No,No,0.440266499332061
oneplus,OnePlus Nord Lite,19999,77.0,0,0,0,snapdragon,8.0,2.0,4300.0,1,30.0,8.0,128.0,6.55,90,3,1.0,android,48.0,16.0,0,1080,2400,False,False,False,1,0,0,0,0,0,0,0,0,0,1,0,0,-0.3677704496367071,-0.19212001807859677,-0.9373798327986115,-0.50413832527346,-0.23378007096793352,0.5347057499317991,-0.11440194163184854,0.023825963791814262,-0.0805052369395907,-0.07526570367511727,9.903437551286085,False,222.0,Mid-range,Qualcomm,402.0,4.0,No,No,0.31458301811271255
samsung,Samsung Galaxy S20 Ultra 5G,99999,86.0,1,1,0,exynos,8.0,2.73,5000.0,1,45.0,12.0,128.0,6.9,60,4,1.0,android,108.0,40.0,1,1440,3200,True,False,False,1,0,0,0,0,1,0,0,0,0,0,0,0,2.3082760484444664,1.016242919836495,0.6311221276075896,0.18849949586540202,0.19931135156624413,2.0102806501703343,-0.11440194163184854,1.0675568937687734,-1.1189371495912235,1.739417569820816,11.512915464920228,False,1111.0,Flagship,Samsung,509.0,5.0,No,Yes,1.8088199614982998
apple,Apple iPhone 11 Pro Max,109900,77.0,0,1,0,bionic,6.0,2.65,3500.0,1,18.0,4.0,64.0,6.5,60,3,1.0,ios,12.0,12.0,0,1242,2688,False,False,False,0,1,0,1,0,0,0,0,0,0,0,0,0,2.6394702531632377,-0.19212001807859677,0.4592315018096495,-1.2957244065750166,-0.5802532089952757,-0.9408691503067359,-0.7220399067674711,-0.125278454776322,-1.1189371495912235,-1.1640756677726773,11.607326140391713,False,1221.0,Flagship,Apple,456.0,4.0,No,No,1.0686839054288033
sony,Sony Xperia Ace IV,19990,80.0,0,1,0,snapdragon,8.0,2.0,5000.0,1,33.0,8.0,128.0,6.5,120,2,1.0,android,50.0,16.0,1,1080,2400,False,False,False,1,0,0,0,0,0,0,0,0,0,1,0,0,-0.3680715048677412,0.2106676278931005,-0.9373798327986115,0.18849949586540202,-0.14716178646109798,0.5347057499317991,-0.11440194163184854,-0.125278454776322,0.957926675712042,-0.014776261225252826,9.902987427494446,False,222.0,Mid-range,Qualcomm,405.0,3.0,No,No,0.3564775118524954
samsung,Samsung Galaxy A04e (4GB RAM + 128GB),11499,69.0,0,0,0,helio,8.0,2.3,5000.0,0,0.0,4.0,128.0,6.5,60,2,1.0,android,13.0,5.0,1,720,1600,False,False,False,1,0,0,0,0,0,0,1,0,0,0,0,0,-0.6521003900578318,-1.2662204073364562,-0.2927899860563375,0.18849949586540202,-1.0999629160362887,-0.9408691503067359,-0.11440194163184854,-0.125278454776322,-1.1189371495912235,-1.1338309465477452,9.350015354048665,False,128.0,Budget,MediaTek,270.0,3.0,No,No,-1.5287747064377317
xiaomi,Xiaomi Redmi Note 12 4G,13999,75.0,0,0,1,helio,8.0,2.2,5000.0,1,33.0,4.0,64.0,6.67,120,3,1.0,android,48.0,13.0,1,1080,2400,False,False,False,1,0,0,0,0,0,0,1,0,0,0,0,0,-0.5684739369927951,-0.46064511539306163,-0.5076532683037616,0.18849949586540202,-0.14716178646109798,-0.9408691503067359,-0.7220399067674711,0.38167656835534286,0.957926675712042,-0.07526570367511727,9.546741177474825,False,156.0,Budget,MediaTek,395.0,4.0,No,No,0.2168291993865526
oukitel,Oukitel WP21,22990,82.0,0,0,0,helio,8.0,2.2,9800.0,1,66.0,12.0,256.0,6.78,120,3,1.0,android,64.0,16.0,0,1080,2400,False,False,False,1,0,0,0,0,0,0,1,0,0,0,0,0,-0.2677197611896972,0.47919272520756534,-0.5076532683037616,4.938015983674742,0.8056393431140928,2.0102806501703343,1.1008739886393968,0.7097062892052447,0.957926675712042,0.40864983592379833,10.042814617757227,True,255.0,Mid-range,MediaTek,388.0,4.0,No,No,0.11907538066039268
vivo,Vivo V28,28990,84.0,1,0,0,snapdragon,8.0,2.2,5000.0,1,80.0,8.0,256.0,6.7,120,3,1.0,android,108.0,32.0,1,1080,2400,False,False,False,1,0,0,0,0,0,0,0,0,0,1,0,0,-0.06701627383360917,0.7477178225220302,-0.5076532683037616,0.18849949586540202,1.2098580041459919,0.5347057499317991,1.1008739886393968,0.47113921949622567,0.957926675712042,1.739417569820816,10.274706221915702,False,322.0,Mid-range,Qualcomm,393.0,4.0,No,Yes,0.18889953689336406
poco,Poco F4 5G (8GB RAM + 128GB),27999,85.0,1,1,0,snapdragon,8.0,3.2,4500.0,1,67.0,8.0,128.0,6.67,120,3,1.0,android,64.0,20.0,0,1080,2400,False,False,False,1,0,0,0,0,0,0,0,0,0,1,0,0,-0.10016579982858971,0.8819803711792626,1.6409795541704866,-0.30624180494807085,0.8345121046163714,0.5347057499317991,-0.11440194163184854,0.38167656835534286,0.957926675712042,0.40864983592379833,10.239924074233857,False,311.0,Mid-range,Qualcomm,395.0,4.0,No,Yes,0.2168291993865526
xiaomi,Xiaomi Redmi Note 11T Pro 5G,19990,82.0,1,1,1,dimensity,8.0,2.85,5080.0,1,67.0,6.0,128.0,6.6,144,3,1.0,android,64.0,16.0,1,1080,2460,False,False,False,1,0,0,0,1,0,0,0,0,0,0,0,0,-0.3680715048677412,0.47919272520756534,0.8889580663044995,0.2676581039955577,0.8345121046163714,-0.2030817001874684,-0.11440194163184854,0.1729303823599505,1.7886722058333482,0.40864983592379833,9.902987427494446,False,222.0,Mid-range,MediaTek,407.0,4.0,No,Yes,0.3844071743456839
realme,Realme Narzo 50 Pro 5G (8GB RAM + 128GB),22999,83.0,1,0,0,dimensity,8.0,2.5,5000.0,1,33.0,8.0,128.0,6.4,90,3,1.0,android,48.0,16.0,1,1080,2400,False,False,False,1,0,0,0,1,0,0,0,0,0,0,0,0,-0.26741870595866307,0.6134552738647978,0.1369365784385125,0.18849949586540202,-0.14716178646109798,0.5347057499317991,-0.11440194163184854,-0.4234872919125945,-0.0805052369395907,-0.07526570367511727,10.043206015705211,False,256.0,Mid-range,MediaTek,411.0,4.0,No,Yes,0.440266499332061
vivo,Vivo T1 44W (8GB RAM + 128GB),17999,82.0,0,0,0,snapdragon,8.0,2.4,5000.0,1,44.0,8.0,128.0,6.44,60,3,1.0,android,50.0,16.0,1,1080,2408,False,False,False,1,0,0,0,0,0,0,0,0,0,1,0,0,-0.4346716120887364,0.47919272520756534,-0.07792670380891248,0.18849949586540202,0.17043859006396564,0.5347057499317991,-0.11440194163184854,-0.30420375705808494,-1.1189371495912235,-0.014776261225252826,9.798071479779479,False,200.0,Mid-range,Qualcomm,410.0,4.0,No,No,0.4263016680854667
xiaomi,Xiaomi Redmi Note 11S (6GB RAM + 128GB),15499,81.0,0,0,1,helio,8.0,2.05,5000.0,1,33.0,6.0,128.0,6.43,90,4,1.0,android,108.0,16.0,1,1080,2400,False,False,False,1,0,0,0,0,0,0,1,0,0,0,0,0,-0.5182980651537731,0.3449301765503329,-0.8299481916748995,0.18849949586540202,-0.14716178646109798,-0.2030817001874684,-0.11440194163184854,-0.33402464077171434,-0.0805052369395907,1.739417569820816,9.648530784697051,False,172.0,Mid-range,MediaTek,409.0,5.0,No,No,0.41233683683887246
lava,Lava Agni 5G,17990,84.0,1,0,0,dimensity,8.0,2.4,5000.0,1,30.0,8.0,128.0,6.78,90,4,1.0,android,64.0,16.0,1,1080,2460,False,False,False,1,0,0,0,1,0,0,0,0,0,0,0,0,-0.4349726673197705,0.7477178225220302,-0.07792670380891248,0.18849949586540202,-0.23378007096793352,0.5347057499317991,-0.11440194163184854,0.7097062892052447,-0.0805052369395907,0.40864983592379833,9.79757132694458,False,200.0,Mid-range,MediaTek,396.0,5.0,No,Yes,0.23079403063314688
realme,Realme 8i (6GB RAM + 128GB),13999,77.0,0,0,0,helio,8.0,2.05,5000.0,1,18.0,6.0,128.0,6.6,120,3,1.0,android,50.0,16.0,1,1080,2412,False,False,False,1,0,0,0,0,0,0,1,0,0,0,0,0,-0.5684739369927951,-0.19212001807859677,-0.8299481916748995,0.18849949586540202,-0.5802532089952757,-0.2030817001874684,-0.11440194163184854,0.1729303823599505,0.957926675712042,-0.014776261225252826,9.546741177474825,False,156.0,Budget,MediaTek,400.0,4.0,No,No,0.286653355619524
oppo,OPPO A55 4G,13499,73.0,0,0,0,helio,8.0,2.3,5000.0,1,18.0,4.0,64.0,6.51,60,3,1.0,android,50.0,16.0,1,720,1600,False,False,False,1,0,0,0,0,0,0,1,0,0,0,0,0,-0.5851992276058025,-0.7291702127075265,-0.2927899860563375,0.18849949586540202,-0.5802532089952757,-0.9408691503067359,-0.7220399067674711,-0.09545757106269527,-1.1189371495912235,-0.014776261225252826,9.510370887608827,False,150.0,Budget,MediaTek,270.0,4.0,No,No,-1.5287747064377317
poco,POCO M3 Pro 5G (6GB RAM + 128GB),14799,79.0,1,0,1,dimensity,8.0,2.2,5000.0,1,18.0,6.0,128.0,6.5,90,3,1.0,android,48.0,8.0,1,1080,2400,False,False,False,1,0,0,0,1,0,0,0,0,0,0,0,0,-0.5417134720119834,0.07640507923586808,-0.5076532683037616,0.18849949586540202,-0.5802532089952757,-0.2030817001874684,-0.11440194163184854,-0.125278454776322,-0.0805052369395907,-0.07526570367511727,9.602314889901848,False,164.0,Budget,MediaTek,405.0,4.0,No,Yes,0.3564775118524954
realme,Realme C21Y,6999,62.0,0,0,0,unisoc,8.0,1.8,5000.0,0,0.0,3.0,32.0,6.5,60,3,1.0,android,13.0,5.0,1,720,1600,False,False,False,1,0,0,0,0,0,0,0,0,0,0,1,0,-0.8026280055748978,-2.206058247937083,-1.367106397293461,0.18849949586540202,-1.0999629160362887,-1.3097628753663697,-1.0258588893352825,-0.125278454776322,-1.1189371495912235,-1.1338309465477452,8.85352256068954,False,78.0,Budget,Unisoc,270.0,4.0,No,No,-1.5287747064377317
oppo,OPPO A16,11999,69.0,0,0,0,helio,8.0,2.3,5000.0,0,0.0,4.0,64.0,6.52,60,3,1.0,android,13.0,8.0,1,720,1600,False,False,False,1,0,0,0,0,0,0,1,0,0,0,0,0,-0.6353750994448244,-1.2662204073364562,-0.2927899860563375,0.18849949586540202,-1.0999629160362887,-0.9408691503067359,-0.7220399067674711,-0.06563668734906855,-1.1189371495912235,-1.1338309465477452,9.392578591964389,False,133.0,Budget,MediaTek,269.0,4.0,No,No,-1.542739537684326
vivo,Vivo V21 5G,23994,85.0,1,0,0,dimensity,8.0,2.4,4000.0,1,33.0,8.0,128.0,6.44,90,3,1.0,android,64.0,44.0,1,1080,2400,False,False,False,1,0,0,0,1,0,0,0,0,0,0,0,0,-0.23413537763877848,0.8819803711792626,-0.07792670380891248,-0.8009831057615437,-0.14716178646109798,0.5347057499317991,-0.11440194163184854,-0.30420375705808494,-0.0805052369395907,0.40864983592379833,10.085559078074873,False,267.0,Mid-range,MediaTek,409.0,4.0,No,Yes,0.41233683683887246
apple,Apple iPhone 12 Pro (512GB),139900,80.0,1,1,0,bionic,6.0,3.1,3279.0,0,0.0,6.0,512.0,6.1,60,3,1.0,ios,12.0,12.0,0,1170,2532,False,False,False,0,1,0,1,0,0,0,0,0,0,0,0,0,3.6429876899436775,0.2106676278931005,1.4261162719230616,-1.5144000615345716,-1.0999629160362887,-0.2030817001874684,3.5314258491818875,-1.3181138033214173,-1.1189371495912235,-1.1640756677726773,11.848683160653573,True,1554.0,Flagship,Apple,457.0,4.0,No,Yes,1.0826487366753976
sony,Sony Xperia 1 II,69999,89.0,1,1,0,snapdragon,8.0,2.84,4000.0,1,21.0,8.0,256.0,6.5,60,4,1.0,android,12.0,8.0,1,1644,3840,False,False,False,1,0,0,0,0,0,0,0,0,0,1,0,0,1.3047586116640264,1.4190305658081923,0.8674717380797565,-0.8009831057615437,-0.4936349244884401,0.5347057499317991,1.1008739886393968,-0.125278454776322,-1.1189371495912235,-1.1640756677726773,11.156236235215168,False,778.0,Flagship,Qualcomm,643.0,5.0,No,Yes,3.6801073485419327
motorola,Motorola Edge Plus,57999,89.0,1,1,0,snapdragon,8.0,2.84,5000.0,1,18.0,12.0,256.0,6.7,90,3,1.0,android,108.0,25.0,0,1080,2340,False,False,False,1,0,0,0,0,0,0,0,0,0,1,0,0,0.9033516369518504,1.4190305658081923,0.8674717380797565,0.18849949586540202,-0.5802532089952757,2.0102806501703343,1.1008739886393968,0.47113921949622567,-0.0805052369395907,1.739417569820816,10.968181048000611,False,644.0,Premium,Qualcomm,385.0,4.0,No,Yes,0.07718088692060986
samsung,Samsung Galaxy Note 20,86000,87.0,0,1,0,exynos,8.0,2.73,4300.0,1,25.0,8.0,256.0,6.7,60,3,1.0,android,64.0,10.0,0,1080,2400,False,False,False,1,0,0,0,0,1,0,0,0,0,0,0,0,1.8400013618614872,1.1505054684937275,0.6311221276075896,-0.50413832527346,-0.37814387847932607,0.5347057499317991,1.1008739886393968,0.47113921949622567,-1.1189371495912235,0.40864983592379833,11.362102575235644,False,956.0,Flagship,Samsung,393.0,4.0,No,No,0.18889953689336406
samsung,Samsung Galaxy A12,11999,71.0,0,0,0,helio,8.0,2.3,5000.0,1,15.0,4.0,64.0,6.5,60,4,1.0,android,48.0,8.0,1,720,1560,False,False,False,1,0,0,0,0,0,0,1,0,0,0,0,0,-0.6353750994448244,-0.9976953100219913,-0.2927899860563375,0.18849949586540202,-0.6668714935021112,-0.9408691503067359,-0.7220399067674711,-0.125278454776322,-1.1189371495912235,-0.07526570367511727,9.392578591964389,False,133.0,Budget,MediaTek,264.0,5.0,No,No,-1.6125636939172974
xiaomi,Xiaomi Redmi Note 12 Pro 4G,14999,77.0,0,1,1,snapdragon,8.0,2.3,5000.0,1,67.0,6.0,128.0,6.67,120,3,1.0,android,50.0,16.0,0,1080,2400,False,False,False,1,0,0,0,0,0,0,0,0,0,1,0,0,-0.5350233557667804,-0.19212001807859677,-0.2927899860563375,0.18849949586540202,0.8345121046163714,-0.2030817001874684,-0.11440194163184854,0.38167656835534286,0.957926675712042,-0.014776261225252826,9.61573881119536,False,167.0,Budget,Qualcomm,395.0,4.0,No,No,0.2168291993865526
realme,Realme GT Neo 3T (8GB RAM + 128GB),26499,81.0,1,0,0,snapdragon,8.0,3.2,5000.0,1,80.0,8.0,128.0,6.62,120,3,1.0,android,64.0,16.0,0,1080,2400,False,False,False,1,0,0,0,0,0,0,0,0,0,1,0,0,-0.15034167166761173,0.3449301765503329,1.6409795541704866,0.18849949586540202,1.2098580041459919,0.5347057499317991,-0.11440194163184854,0.2325721497872066,0.957926675712042,0.40864983592379833,10.184862275413241,False,294.0,Mid-range,Qualcomm,398.0,4.0,No,Yes,0.2587236931263354
realme,Realme C30s (4GB RAM + 64GB),8990,62.0,0,0,0,unisoc,8.0,1.6,5000.0,1,10.0,4.0,64.0,6.5,60,1,1.0,android,8.0,5.0,1,720,1600,False,False,False,1,0,0,0,0,0,0,0,0,0,0,1,0,-0.7360278983539026,-2.206058247937083,-1.7968329617883105,0.18849949586540202,-0.8112353010135037,-0.9408691503067359,-0.7220399067674711,-0.125278454776322,-1.1189371495912235,-1.2850545526724062,9.103868127465667,False,100.0,Budget,Unisoc,270.0,2.0,No,No,-1.5287747064377317
apple,Apple iPhone 14 (512GB),95999,82.0,1,1,0,bionic,6.0,3.22,3279.0,1,18.0,6.0,512.0,6.1,60,2,1.0,ios,12.0,12.0,0,1170,2532,False,False,True,0,1,0,1,0,0,0,0,0,0,0,0,0,2.174473723540408,0.47919272520756534,1.6839522106199716,-1.5144000615345716,-0.5802532089952757,-0.2030817001874684,3.5314258491818875,-1.3181138033214173,-1.1189371495912235,-1.1640756677726773,11.472093053729052,False,1067.0,Flagship,Apple,457.0,3.0,No,Yes,1.0826487366753976
iqoo,iQOO 9T 5G,47990,85.0,1,1,1,snapdragon,8.0,3.2,4700.0,1,120.0,8.0,128.0,6.78,120,3,1.0,android,50.0,16.0,0,1080,2400,False,False,False,1,0,0,0,0,0,0,0,0,0,1,0,0,0.5685447694606696,0.8819803711792626,1.6409795541704866,-0.10834528462268171,2.364768464237132,0.5347057499317991,-0.11440194163184854,0.7097062892052447,0.957926675712042,-0.014776261225252826,10.77874793485229,False,533.0,Premium,Qualcomm,388.0,4.0,No,Yes,0.11907538066039268
tecno,Tecno Camon 19 Pro,17990,81.0,0,0,0,helio,8.0,2.05,5000.0,1,33.0,8.0,128.0,6.8,120,3,1.0,android,64.0,32.0,0,1080,2460,False,False,False,1,0,0,0,0,0,0,1,0,0,0,0,0,-0.4349726673197705,0.3449301765503329,-0.8299481916748995,0.18849949586540202,-0.14716178646109798,0.5347057499317991,-0.11440194163184854,0.7693480566324982,0.957926675712042,0.40864983592379833,9.79757132694458,False,200.0,Mid-range,MediaTek,395.0,4.0,No,No,0.2168291993865526
oneplus,OnePlus Nord 2 Lite 5G,22999,83.0,1,1,0,snapdragon,8.0,2.2,5000.0,1,33.0,8.0,128.0,6.59,120,3,1.0,android,64.0,16.0,1,1080,2412,False,False,False,1,0,0,0,0,0,0,0,0,0,1,0,0,-0.26741870595866307,0.6134552738647978,-0.5076532683037616,0.18849949586540202,-0.14716178646109798,0.5347057499317991,-0.11440194163184854,0.1431094986463238,0.957926675712042,0.40864983592379833,10.043206015705211,False,256.0,Mid-range,Qualcomm,401.0,4.0,No,Yes,0.30061818686611824
samsung,Samsung Galaxy S22 Ultra 5G (8GB RAM + 128GB),99990,86.0,1,1,0,snapdragon,8.0,3.0,5000.0,1,45.0,8.0,128.0,6.8,120,4,1.0,android,108.0,40.0,0,1440,3080,True,False,False,1,0,0,0,0,0,0,0,0,0,1,0,0,2.307974993213432,1.016242919836495,1.2112529896756365,0.18849949586540202,0.19931135156624413,0.5347057499317991,-0.11440194163184854,0.7693480566324982,0.957926675712042,1.739417569820816,11.512825459969894,False,1111.0,Flagship,Qualcomm,500.0,5.0,No,Yes,1.6831364802789515
poco,POCO F4 GT 5G,39999,86.0,1,1,1,snapdragon,8.0,3.0,4700.0,1,120.0,8.0,128.0,6.67,120,3,1.0,android,64.0,20.0,0,1080,2400,False,False,False,1,0,0,0,0,0,0,0,0,0,1,0,0,0.3012411748835863,1.016242919836495,1.2112529896756365,-0.10834528462268171,2.364768464237132,0.5347057499317991,-0.11440194163184854,0.38167656835534286,0.957926675712042,0.40864983592379833,10.596609732783568,False,444.0,Premium,Qualcomm,395.0,4.0,No,Yes,0.2168291993865526
xiaomi,Xiaomi 11T Pro 5G (12GB RAM + 256GB),38999,88.0,1,1,1,snapdragon,8.0,2.84,5000.0,1,120.0,12.0,256.0,6.67,120,3,1.0,android,108.0,16.0,0,1080,2400,False,False,False,1,0,0,0,0,0,0,0,0,0,1,0,0,0.2677905936575717,1.28476801715096,0.8674717380797565,0.18849949586540202,2.364768464237132,2.0102806501703343,1.1008739886393968,0.38167656835534286,0.957926675712042,1.739417569820816,10.571291283757406,False,433.0,Premium,Qualcomm,395.0,4.0,No,Yes,0.2168291993865526
vivo,Vivo Y10,12490,63.0,0,0,0,helio,8.0,2.3,5000.0,0,0.0,4.0,128.0,6.51,60,2,1.0,android,13.0,8.0,0,720,1600,False,False,False,1,0,0,0,0,0,0,1,0,0,0,0,0,-0.6189508640628513,-2.0717956992798507,-0.2927899860563375,0.18849949586540202,-1.0999629160362887,-0.9408691503067359,-0.11440194163184854,-0.09545757106269527,-1.1189371495912235,-1.1338309465477452,9.432683603119623,False,139.0,Budget,MediaTek,270.0,3.0,No,No,-1.5287747064377317
samsung,Samsung Galaxy A83 5G,39990,86.0,1,1,0,snapdragon,8.0,3.2,4500.0,1,25.0,6.0,128.0,6.71,120,3,1.0,android,64.0,10.0,1,1440,3200,False,False,False,1,0,0,0,0,0,0,0,0,0,1,0,0,0.3009401196525522,1.016242919836495,1.6409795541704866,-0.30624180494807085,-0.37814387847932607,-0.2030817001874684,-0.11440194163184854,0.5009601032098524,0.957926675712042,0.40864983592379833,10.596384701840863,False,444.0,Premium,Qualcomm,523.0,4.0,No,Yes,2.0043275989506197
vivo,Vivo Y33s,16685,80.0,0,0,0,helio,8.0,2.0,5000.0,1,18.0,8.0,128.0,6.58,60,3,1.0,android,50.0,16.0,1,1080,2408,False,False,False,1,0,0,0,0,0,0,1,0,0,0,0,0,-0.4786256758197197,0.2106676278931005,-0.9373798327986115,0.18849949586540202,-0.5802532089952757,0.5347057499317991,-0.11440194163184854,0.11328861493269707,-1.1189371495912235,-0.014776261225252826,9.722265391185474,False,185.0,Mid-range,MediaTek,401.0,4.0,No,No,0.30061818686611824
huawei,Huawei Mate 40 Pro 4G,69990,86.0,0,1,1,kirin,8.0,3.13,4400.0,1,66.0,8.0,128.0,6.76,90,3,2.0,other,50.0,13.0,1,1344,2772,True,False,False,0,0,1,0,0,0,0,0,1,0,0,0,0,1.3044575564329923,1.016242919836495,1.4905752565972885,-0.40519006511076544,0.8056393431140928,0.5347057499317991,-0.11440194163184854,0.6500645217779887,-0.0805052369395907,-0.014776261225252826,11.156107653683586,False,778.0,Flagship,Huawei,456.0,5.0,No,No,1.0686839054288033
micromax,Micromax IN 2B,6999,66.0,0,0,0,unisoc,8.0,1.8,5000.0,0,0.0,4.0,64.0,6.52,60,2,1.0,android,13.0,5.0,1,720,1600,False,False,False,1,0,0,0,0,0,0,0,0,0,0,1,0,-0.8026280055748978,-1.6690080533081535,-1.367106397293461,0.18849949586540202,-1.0999629160362887,-0.9408691503067359,-0.7220399067674711,-0.06563668734906855,-1.1189371495912235,-1.1338309465477452,8.85352256068954,False,78.0,Budget,Unisoc,269.0,3.0,No,No,-1.542739537684326
asus,Asus ROG Phone 6,71999,86.0,1,1,0,snapdragon,8.0,3.2,6000.0,1,65.0,12.0,256.0,6.78,165,3,1.0,android,50.0,12.0,0,1080,2448,False,False,False,1,0,0,0,0,0,0,0,0,0,1,0,0,1.3716597741160559,1.016242919836495,1.6409795541704866,1.1779820974923478,0.7767665816118143,2.0102806501703343,1.1008739886393968,0.7097062892052447,2.5155745446894913,-0.014776261225252826,11.184407509012852,False,800.0,Flagship,Qualcomm,395.0,4.0,No,Yes,0.2168291993865526
realme,Realme X7 Max,26999,84.0,1,1,0,dimensity,8.0,3.0,4500.0,1,50.0,8.0,128.0,6.43,120,3,1.0,android,64.0,16.0,0,1080,2400,False,False,False,1,0,0,0,1,0,0,0,0,0,0,0,0,-0.13361638105460438,0.7477178225220302,1.2112529896756365,-0.30624180494807085,0.3436751590776367,0.5347057499317991,-0.11440194163184854,-0.33402464077171434,0.957926675712042,0.40864983592379833,10.203555107263542,False,300.0,Mid-range,MediaTek,409.0,4.0,No,Yes,0.41233683683887246
realme,Realme 8 5G,16499,75.0,1,0,0,dimensity,8.0,2.2,5000.0,1,18.0,4.0,128.0,6.5,90,3,1.0,android,48.0,16.0,1,1080,2400,False,False,False,1,0,0,0,1,0,0,0,0,0,0,0,0,-0.4848474839277584,-0.46064511539306163,-0.5076532683037616,0.18849949586540202,-0.5802532089952757,-0.9408691503067359,-0.11440194163184854,-0.125278454776322,-0.0805052369395907,-0.07526570367511727,9.711055051991444,False,183.0,Mid-range,MediaTek,405.0,4.0,No,Yes,0.3564775118524954
oppo,OPPO A55 5G,17990,74.0,1,0,0,dimensity,8.0,2.2,5000.0,0,0.0,6.0,128.0,6.5,60,3,1.0,android,13.0,8.0,1,720,1600,False,False,False,1,0,0,0,1,0,0,0,0,0,0,0,0,-0.4349726673197705,-0.594907664050294,-0.5076532683037616,0.18849949586540202,-1.0999629160362887,-0.2030817001874684,-0.11440194163184854,-0.125278454776322,-1.1189371495912235,-1.1338309465477452,9.79757132694458,False,200.0,Mid-range,MediaTek,270.0,4.0,No,Yes,-1.5287747064377317
xiaomi,Xiaomi Redmi 9,8999,68.0,0,0,0,helio,8.0,2.3,5000.0,0,0.0,4.0,64.0,6.53,60,2,1.0,android,13.0,5.0,1,720,1600,False,False,False,1,0,0,0,0,0,0,1,0,0,0,0,0,-0.7357268431228684,-1.4004829559936887,-0.2927899860563375,0.18849949586540202,-1.0999629160362887,-0.9408691503067359,-0.7220399067674711,-0.03581580363543918,-1.1189371495912235,-1.1338309465477452,9.104868739033948,False,100.0,Budget,MediaTek,269.0,3.0,No,No,-1.542739537684326
apple,Apple iPhone SE 2020,39900,63.0,0,1,0,bionic,6.0,2.65,1821.0,1,18.0,3.0,64.0,4.7,60,1,1.0,ios,12.0,7.0,0,750,1334,False,False,False,0,1,0,1,0,0,0,0,0,0,0,0,0,0.2979295673422109,-2.0717956992798507,0.4592315018096495,-2.9570656947066585,-0.5802532089952757,-1.3097628753663697,-0.7220399067674711,-5.493037523229246,-1.1189371495912235,-1.1640756677726773,10.594131602877955,True,443.0,Premium,Apple,326.0,2.0,No,No,-0.7467441566284523
leeco,Letv Y1 Pro Plus,5999,60.0,0,0,0,unisoc,4.0,1.8,4000.0,1,10.0,6.0,64.0,6.5,60,2,1.0,android,8.0,5.0,0,720,1560,False,False,False,1,0,0,0,0,0,0,0,0,0,0,1,0,-0.8360785868009124,-2.474583345251548,-1.367106397293461,-0.8009831057615437,-0.8112353010135037,-0.2030817001874684,-0.7220399067674711,-0.125278454776322,-1.1189371495912235,-1.2850545526724062,8.699348067653093,False,67.0,Budget,Unisoc,264.0,3.0,No,No,-1.6125636939172974
oneplus,OnePlus Nord 5,34999,76.0,1,1,0,dimensity,8.0,2.4,5000.0,1,120.0,8.0,128.0,6.57,120,3,1.0,android,64.0,32.0,0,1080,2400,False,True,False,1,0,0,0,1,0,0,0,0,0,0,0,0,0.13398826875351297,-0.3263825667358292,-0.07792670380891248,0.18849949586540202,2.364768464237132,0.5347057499317991,-0.11440194163184854,0.08346773121907035,0.957926675712042,0.40864983592379833,10.463074768634808,False,389.0,Premium,MediaTek,401.0,4.0,No,Yes,0.30061818686611824
vivo,Vivo Y73T,16990,77.0,1,0,0,dimensity,8.0,2.0,6000.0,1,44.0,8.0,128.0,6.58,60,2,1.0,android,50.0,8.0,0,1080,2408,False,False,False,1,0,0,0,1,0,0,0,0,0,0,0,0,-0.4684232485457852,-0.19212001807859677,-0.9373798327986115,1.1779820974923478,0.17043859006396564,0.5347057499317991,-0.11440194163184854,0.11328861493269707,-1.1189371495912235,-0.014776261225252826,9.740380214665977,False,189.0,Mid-range,MediaTek,401.0,3.0,No,Yes,0.30061818686611824
oppo,OPPO Reno 9 Z,22990,84.0,1,1,0,snapdragon,8.0,2.2,4800.0,1,33.0,8.0,128.0,6.58,120,3,1.0,android,50.0,32.0,1,1080,2400,False,False,False,1,0,0,0,0,0,0,0,0,0,1,0,0,-0.2677197611896972,0.7477178225220302,-0.5076532683037616,-0.009397024459987136,-0.14716178646109798,0.5347057499317991,-0.11440194163184854,0.11328861493269707,0.957926675712042,-0.014776261225252826,10.042814617757227,False,255.0,Mid-range,Qualcomm,400.0,4.0,No,Yes,0.286653355619524
vivo,Vivo V25e,19990,84.0,0,0,0,helio,8.0,2.2,4500.0,1,44.0,8.0,256.0,6.44,90,3,1.0,android,64.0,32.0,1,1080,2400,False,False,False,1,0,0,0,0,0,0,1,0,0,0,0,0,-0.3680715048677412,0.7477178225220302,-0.5076532683037616,-0.30624180494807085,0.17043859006396564,0.5347057499317991,1.1008739886393968,-0.30420375705808494,-0.0805052369395907,0.40864983592379833,9.902987427494446,False,222.0,Mid-range,MediaTek,409.0,4.0,No,No,0.41233683683887246
infinix,Infinix Hot 12 Pro,10850,74.0,0,0,0,unisoc,8.0,2.0,5000.0,1,18.0,6.0,64.0,6.6,90,2,1.0,android,50.0,8.0,1,720,1612,False,False,False,1,0,0,0,0,0,0,0,0,0,0,1,0,-0.6738098172735153,-0.594907664050294,-0.9373798327986115,0.18849949586540202,-0.5802532089952757,-0.2030817001874684,-0.7220399067674711,0.1729303823599505,-0.0805052369395907,-0.014776261225252826,9.291920358968605,False,121.0,Budget,Unisoc,267.0,3.0,No,No,-1.5706692001775144
realme,Realme Narzo 50 5G (4GB RAM + 64GB),13499,75.0,1,0,0,dimensity,8.0,2.4,5000.0,1,33.0,4.0,64.0,6.6,90,3,1.0,android,48.0,16.0,1,1080,2400,False,False,False,1,0,0,0,1,0,0,0,0,0,0,0,0,-0.5851992276058025,-0.46064511539306163,-0.07792670380891248,0.18849949586540202,-0.14716178646109798,-0.9408691503067359,-0.7220399067674711,0.1729303823599505,-0.0805052369395907,-0.07526570367511727,9.510370887608827,False,150.0,Budget,MediaTek,399.0,4.0,No,Yes,0.27268852437292973
itel,itel Vision 3,6699,61.0,0,0,0,unisoc,8.0,1.6,5000.0,1,18.0,3.0,64.0,6.6,60,2,1.0,android,8.0,5.0,1,1612,720,False,False,False,1,0,0,0,0,0,0,0,0,0,0,1,0,-0.8126631799427022,-2.3403207965943156,-1.7968329617883105,0.18849949586540202,-0.5802532089952757,-1.3097628753663697,-0.7220399067674711,0.1729303823599505,-1.1189371495912235,-1.2850545526724062,8.809713540508268,False,74.0,Budget,Unisoc,267.0,3.0,No,No,-1.5706692001775144
oppo,OPPO A96 4G,17999,80.0,0,0,0,snapdragon,8.0,2.4,5000.0,1,33.0,8.0,128.0,6.59,90,2,1.0,android,50.0,16.0,1,1080,2412,False,False,False,1,0,0,0,0,0,0,0,0,0,1,0,0,-0.4346716120887364,0.2106676278931005,-0.07792670380891248,0.18849949586540202,-0.14716178646109798,0.5347057499317991,-0.11440194163184854,0.1431094986463238,-0.0805052369395907,-0.014776261225252826,9.798071479779479,False,200.0,Mid-range,Qualcomm,401.0,3.0,No,No,0.30061818686611824
xiaomi,Xiaomi Redmi Note 11E 5G,13990,69.0,1,0,1,dimensity,8.0,2.2,5000.0,1,18.0,4.0,128.0,6.58,90,2,1.0,android,50.0,5.0,0,1080,2408,False,False,False,1,0,0,0,1,0,0,0,0,0,0,0,0,-0.5687749922238292,-1.2662204073364562,-0.5076532683037616,0.18849949586540202,-0.5802532089952757,-0.9408691503067359,-0.11440194163184854,0.11328861493269707,-0.0805052369395907,-0.014776261225252826,9.546098067659527,False,155.0,Budget,MediaTek,401.0,3.0,No,Yes,0.30061818686611824
honor,Honor Magic 4 Pro Plus 5G,94990,86.0,1,1,0,snapdragon,8.0,3.0,4600.0,1,120.0,12.0,512.0,6.76,120,4,2.0,android,50.0,13.0,0,1344,2772,True,False,False,1,0,0,0,0,0,0,0,0,0,1,0,0,2.140722087083359,1.016242919836495,1.2112529896756365,-0.2072935447853763,2.364768464237132,2.0102806501703343,3.5314258491818875,0.6500645217779887,0.957926675712042,-0.014776261225252826,11.461526901884229,False,1055.0,Flagship,Qualcomm,456.0,6.0,No,Yes,1.0686839054288033
tecno,Tecno Spark 9T,8968,72.0,0,0,0,helio,8.0,2.3,5000.0,1,18.0,4.0,64.0,6.6,60,3,1.0,android,50.0,8.0,1,1080,2408,False,False,False,1,0,0,0,0,0,0,1,0,0,0,0,0,-0.7367638111408749,-0.8634327613647589,-0.2927899860563375,0.18849949586540202,-0.5802532089952757,-0.9408691503067359,-0.7220399067674711,0.1729303823599505,-1.1189371495912235,-0.014776261225252826,9.101417964751995,False,100.0,Budget,MediaTek,400.0,4.0,No,No,0.286653355619524
infinix,Infinix Smart 6,7320,60.0,0,0,0,helio,4.0,2.0,5000.0,0,0.0,2.0,64.0,6.6,60,2,1.0,android,8.0,5.0,1,720,1600,False,False,False,1,0,0,0,0,0,0,1,0,0,0,0,0,-0.7918903690013471,-2.474583345251548,-0.9373798327986115,0.18849949586540202,-1.0999629160362887,-1.6786566004260035,-0.7220399067674711,0.1729303823599505,-1.1189371495912235,-1.2850545526724062,8.898365606955357,False,81.0,Budget,MediaTek,266.0,3.0,No,No,-1.5846340314241087
realme,Realme C25Y (4GB RAM + 64GB),8999,69.0,0,0,0,unisoc,8.0,1.8,5000.0,1,18.0,4.0,64.0,6.5,60,3,1.0,android,50.0,8.0,1,1600,720,False,False,False,1,0,0,0,0,0,0,0,0,0,0,1,0,-0.7357268431228684,-1.2662204073364562,-1.367106397293461,0.18849949586540202,-0.5802532089952757,-0.9408691503067359,-0.7220399067674711,-0.125278454776322,-1.1189371495912235,-0.014776261225252826,9.104868739033948,False,100.0,Budget,Unisoc,270.0,4.0,No,No,-1.5287747064377317
samsung,Samsung Galaxy A12 (6GB RAM + 128GB),13999,75.0,0,0,0,helio,8.0,2.3,5000.0,1,15.0,6.0,128.0,6.5,60,4,1.0,android,48.0,8.0,1,720,1560,False,False,False,1,0,0,0,0,0,0,1,0,0,0,0,0,-0.5684739369927951,-0.46064511539306163,-0.2927899860563375,0.18849949586540202,-0.6668714935021112,-0.2030817001874684,-0.11440194163184854,-0.125278454776322,-1.1189371495912235,-0.07526570367511727,9.546741177474825,False,156.0,Budget,MediaTek,264.0,5.0,No,No,-1.6125636939172974
tecno,Tecno Camon 19,14746,79.0,0,1,0,helio,8.0,2.0,5000.0,1,18.0,6.0,128.0,6.8,60,3,1.0,android,64.0,16.0,1,1080,2460,False,False,False,1,0,0,0,0,0,0,1,0,0,0,0,0,-0.5434863528169621,0.07640507923586808,-0.9373798327986115,0.18849949586540202,-0.5802532089952757,-0.2030817001874684,-0.11440194163184854,0.7693480566324982,-1.1189371495912235,0.40864983592379833,9.598727138549595,False,164.0,Budget,MediaTek,395.0,4.0,No,No,0.2168291993865526
xiaomi,Xiaomi Redmi Note 10 Pro 5G,16999,83.0,1,1,1,dimensity,8.0,2.6,5000.0,1,67.0,6.0,128.0,6.6,120,3,1.0,android,64.0,16.0,1,1080,2400,False,False,False,1,0,0,0,1,0,0,0,0,0,0,0,0,-0.4681221933147511,0.6134552738647978,0.3517998606859375,0.18849949586540202,0.8345121046163714,-0.2030817001874684,-0.11440194163184854,0.1729303823599505,0.957926675712042,0.40864983592379833,9.74090979777877,False,189.0,Mid-range,MediaTek,399.0,4.0,No,Yes,0.27268852437292973
xiaomi,Xiaomi Mi 11X 5G (8GB RAM + 128GB),25990,83.0,1,0,1,snapdragon,8.0,3.2,4520.0,1,33.0,8.0,128.0,6.67,120,3,1.0,android,48.0,20.0,0,1080,2400,False,False,False,1,0,0,0,0,0,0,0,0,0,1,0,0,-0.1673680175116532,0.6134552738647978,1.6409795541704866,-0.28645215291553194,-0.14716178646109798,0.5347057499317991,-0.11440194163184854,0.38167656835534286,0.957926675712042,-0.07526570367511727,10.165467127635536,False,289.0,Mid-range,Qualcomm,395.0,4.0,No,Yes,0.2168291993865526
xiaomi,Xiaomi Redmi Note 10 (6GB RAM + 128GB),16499,78.0,0,0,1,snapdragon,8.0,2.2,5000.0,1,33.0,6.0,128.0,6.43,60,4,1.0,android,48.0,13.0,1,1080,2400,False,False,False,1,0,0,0,0,0,0,0,0,0,1,0,0,-0.4848474839277584,-0.05785746942136435,-0.5076532683037616,0.18849949586540202,-0.14716178646109798,-0.2030817001874684,-0.11440194163184854,-0.33402464077171434,-1.1189371495912235,-0.07526570367511727,9.711055051991444,False,183.0,Mid-range,Qualcomm,409.0,5.0,No,No,0.41233683683887246
xiaomi,Xiaomi Redmi Note 10 Pro Max,19999,81.0,0,0,1,snapdragon,8.0,2.3,5020.0,1,33.0,6.0,64.0,6.67,120,4,1.0,android,108.0,16.0,1,1080,2400,False,False,False,1,0,0,0,0,0,0,0,0,0,1,0,0,-0.3677704496367071,0.3449301765503329,-0.2927899860563375,0.20828914789794092,-0.14716178646109798,-0.2030817001874684,-0.7220399067674711,0.38167656835534286,0.957926675712042,1.739417569820816,9.903437551286085,False,222.0,Mid-range,Qualcomm,395.0,5.0,No,No,0.2168291993865526
xiaomi,Xiaomi Mi 10T 5G,23500,80.0,1,1,0,snapdragon,8.0,2.84,5000.0,1,33.0,6.0,128.0,6.67,144,3,1.0,android,64.0,20.0,0,2400,1080,False,False,False,1,0,0,0,0,0,0,0,0,0,1,0,0,-0.2506599647644297,0.2106676278931005,0.8674717380797565,0.18849949586540202,-0.14716178646109798,-0.2030817001874684,-0.11440194163184854,0.38167656835534286,1.7886722058333482,0.40864983592379833,10.06475570013225,False,261.0,Mid-range,Qualcomm,395.0,4.0,No,Yes,0.2168291993865526
lg,LG Velvet 5G,54999,85.0,1,1,0,snapdragon,8.0,2.4,4300.0,1,25.0,6.0,128.0,6.8,60,3,1.0,android,48.0,16.0,1,1080,2460,False,False,False,1,0,0,0,0,0,0,0,0,0,1,0,0,0.8029998932738064,0.8819803711792626,-0.07792670380891248,-0.50413832527346,-0.37814387847932607,-0.2030817001874684,-0.11440194163184854,0.7693480566324982,-1.1189371495912235,-0.07526570367511727,10.915070282231135,False,611.0,Premium,Qualcomm,395.0,4.0,No,Yes,0.2168291993865526
motorola,Motorola One Fusion Plus,19499,80.0,0,0,0,snapdragon,8.0,2.2,5000.0,1,18.0,6.0,128.0,6.5,60,4,1.0,android,64.0,16.0,1,1080,2340,False,False,False,1,0,0,0,0,0,0,0,0,0,1,0,0,-0.3844957402497144,0.2106676278931005,-0.5076532683037616,0.18849949586540202,-0.5802532089952757,-0.2030817001874684,-0.11440194163184854,-0.125278454776322,-1.1189371495912235,0.40864983592379833,9.878118461185586,False,217.0,Mid-range,Qualcomm,396.0,5.0,No,No,0.23079403063314688
lg,LG V60 ThinQ,79990,86.0,1,1,0,snapdragon,8.0,2.84,5000.0,1,25.0,8.0,128.0,6.8,60,3,1.0,android,64.0,10.0,0,1080,2460,True,False,True,1,0,0,0,0,0,0,0,0,0,1,0,0,1.638963368693139,1.016242919836495,0.8674717380797565,0.18849949586540202,-0.37814387847932607,0.5347057499317991,-0.11440194163184854,0.7693480566324982,-1.1189371495912235,0.40864983592379833,11.289656905842868,False,889.0,Flagship,Qualcomm,395.0,4.0,No,Yes,0.2168291993865526
samsung,Samsung Galaxy Note 10 Lite,39999,83.0,0,1,0,exynos,8.0,2.7,4500.0,1,25.0,6.0,128.0,6.7,60,3,1.0,android,12.0,32.0,1,1080,2400,False,False,False,1,0,0,0,0,1,0,0,0,0,0,0,0,0.3012411748835863,0.6134552738647978,0.5666631429333625,-0.30624180494807085,-0.37814387847932607,-0.2030817001874684,-0.11440194163184854,0.47113921949622567,-1.1189371495912235,-1.1640756677726773,10.596609732783568,False,444.0,Premium,Samsung,393.0,4.0,No,No,0.18889953689336406
samsung,Samsung Galaxy Note 10 Plus 5G,92999,89.0,1,1,1,exynos,8.0,2.7,4300.0,1,25.0,12.0,256.0,6.8,60,4,1.0,android,12.0,10.0,1,1440,3040,False,False,True,1,0,0,0,0,1,0,0,0,0,0,0,0,2.074121979862364,1.4190305658081923,0.5666631429333625,-0.50413832527346,-0.37814387847932607,2.0102806501703343,1.1008739886393968,0.7693480566324982,-1.1189371495912235,-1.1640756677726773,11.44034401938941,False,1033.0,Flagship,Samsung,495.0,5.0,No,Yes,1.6133123240459801
iqoo,iQOO Neo 7 Racing Edition,32990,84.0,1,1,1,snapdragon,8.0,3.2,5000.0,1,120.0,8.0,256.0,6.78,120,3,1.0,android,50.0,16.0,0,1080,2400,False,False,False,1,0,0,0,0,0,0,0,0,0,1,0,0,0.0667860510704495,0.7477178225220302,1.6409795541704866,0.18849949586540202,2.364768464237132,0.5347057499317991,1.1008739886393968,0.7097062892052447,0.957926675712042,-0.014776261225252826,10.403959764222627,False,367.0,Premium,Qualcomm,388.0,4.0,No,Yes,0.11907538066039268
samsung,Samsung Galaxy A04s (4GB RAM + 128GB),14499,72.0,0,0,0,exynos,8.0,2.0,5000.0,1,15.0,4.0,128.0,6.5,90,3,1.0,android,50.0,5.0,1,720,1600,False,False,False,1,0,0,0,0,1,0,0,0,0,0,0,0,-0.5517486463797877,-0.8634327613647589,-0.9373798327986115,0.18849949586540202,-0.6668714935021112,-0.9408691503067359,-0.11440194163184854,-0.125278454776322,-0.0805052369395907,-0.014776261225252826,9.581834960513193,False,161.0,Budget,Samsung,270.0,4.0,No,No,-1.5287747064377317
vivo,Vivo Y35 5G,13999,70.0,1,0,0,dimensity,8.0,2.2,5000.0,1,15.0,4.0,128.0,6.51,60,2,1.0,android,13.0,5.0,1,720,1600,False,False,False,1,0,0,0,1,0,0,0,0,0,0,0,0,-0.5684739369927951,-1.1319578586792238,-0.5076532683037616,0.18849949586540202,-0.6668714935021112,-0.9408691503067359,-0.11440194163184854,-0.09545757106269527,-1.1189371495912235,-1.1338309465477452,9.546741177474825,False,156.0,Budget,MediaTek,270.0,3.0,No,Yes,-1.5287747064377317
vivo,Vivo Y02 (2GB RAM + 32GB),7999,69.0,0,0,0,helio,8.0,2.05,5000.0,1,10.0,2.0,32.0,6.51,60,1,1.0,android,8.0,5.0,1,720,1600,True,True,False,1,0,0,0,0,0,0,1,0,0,0,0,0,-0.7691774243488831,-1.2662204073364562,-0.8299481916748995,0.18849949586540202,-0.8112353010135037,-1.6786566004260035,-1.0258588893352825,-0.09545757106269527,-1.1189371495912235,-1.2850545526724062,8.987071812848821,False,89.0,Budget,MediaTek,270.0,2.0,No,No,-1.5287747064377317
itel,itel Vision 3 (2GB RAM + 32GB),5785,69.0,0,0,0,unisoc,8.0,1.6,5000.0,1,18.0,2.0,32.0,6.6,60,2,1.0,android,8.0,5.0,1,1612,720,True,False,False,1,0,0,0,0,0,0,0,0,0,0,1,0,-0.8432370111832796,-1.2662204073364562,-1.7968329617883105,0.18849949586540202,-0.5802532089952757,-1.6786566004260035,-1.0258588893352825,0.1729303823599505,-1.1189371495912235,-1.2850545526724062,8.663023639627777,False,64.0,Budget,Unisoc,267.0,3.0,No,No,-1.5706692001775144
xiaomi,Xiaomi Redmi Note 11R,12990,73.0,1,0,1,dimensity,8.0,2.2,5000.0,1,18.0,4.0,128.0,6.58,90,2,1.0,android,13.0,5.0,1,1080,2400,False,False,False,1,0,0,0,1,0,0,0,0,0,0,0,0,-0.602225573449844,-0.7291702127075265,-0.5076532683037616,0.18849949586540202,-0.5802532089952757,-0.9408691503067359,-0.11440194163184854,0.11328861493269707,-0.0805052369395907,-1.1338309465477452,9.471935109664646,False,144.0,Budget,MediaTek,400.0,3.0,No,Yes,0.286653355619524
poco,Poco M6 Pro,19990,84.0,1,0,1,dimensity,8.0,2.5,5100.0,1,120.0,8.0,128.0,6.73,120,3,1.0,android,108.0,32.0,1,1080,2400,False,False,False,1,0,0,0,1,0,0,0,0,0,0,0,0,-0.3680715048677412,0.7477178225220302,0.1369365784385125,0.2874477560280966,2.364768464237132,0.5347057499317991,-0.11440194163184854,0.5606018706371084,0.957926675712042,1.739417569820816,9.902987427494446,False,222.0,Mid-range,MediaTek,391.0,4.0,No,Yes,0.16096987440017552
oppo,OPPO A97 5G,23990,79.0,1,0,0,dimensity,8.0,2.4,5000.0,1,33.0,12.0,256.0,6.56,90,2,1.0,android,48.0,8.0,1,1080,2400,False,False,False,1,0,0,0,1,0,0,0,0,0,0,0,0,-0.23426917996368252,0.07640507923586808,-0.07792670380891248,0.18849949586540202,-0.14716178646109798,2.0102806501703343,1.1008739886393968,0.053646847505440985,-0.0805052369395907,-0.07526570367511727,10.08539235583374,False,267.0,Mid-range,MediaTek,401.0,3.0,No,Yes,0.30061818686611824
samsung,Samsung Galaxy A24,17999,77.0,0,0,0,exynos,8.0,1.8,4000.0,1,15.0,6.0,64.0,6.4,60,3,1.0,android,48.0,16.0,1,1080,2408,False,False,False,1,0,0,0,0,1,0,0,0,0,0,0,0,-0.4346716120887364,-0.19212001807859677,-1.367106397293461,-0.8009831057615437,-0.6668714935021112,-0.2030817001874684,-0.7220399067674711,-0.4234872919125945,-1.1189371495912235,-0.07526570367511727,9.798071479779479,False,200.0,Mid-range,Samsung,412.0,4.0,No,No,0.4542313305786553
infinix,Infinix Note 13 Pro,16999,80.0,0,0,0,helio,8.0,2.2,5000.0,1,120.0,6.0,128.0,6.91,60,4,1.0,android,108.0,16.0,1,1080,2460,False,False,False,1,0,0,0,0,0,0,1,0,0,0,0,0,-0.4681221933147511,0.2106676278931005,-0.5076532683037616,0.18849949586540202,2.364768464237132,-0.2030817001874684,-0.11440194163184854,1.0973777774824,-1.1189371495912235,1.739417569820816,9.74090979777877,False,189.0,Mid-range,MediaTek,389.0,5.0,No,No,0.13304021190698695
honor,Honor Play 30,9999,68.0,1,0,0,snapdragon,8.0,2.2,5000.0,0,0.0,4.0,128.0,6.5,60,1,1.0,android,13.0,5.0,1,720,1600,False,False,False,1,0,0,0,0,0,0,0,0,0,1,0,0,-0.7022762618968538,-1.4004829559936887,-0.5076532683037616,0.18849949586540202,-1.0999629160362887,-0.9408691503067359,-0.11440194163184854,-0.125278454776322,-1.1189371495912235,-1.1338309465477452,9.21024036697585,False,111.0,Budget,Qualcomm,270.0,2.0,No,Yes,-1.5287747064377317
infinix,Infinix Smart 6 Plus,8299,63.0,0,0,0,helio,8.0,2.0,5000.0,0,0.0,3.0,64.0,6.82,60,2,1.0,android,8.0,5.0,1,720,1600,False,False,False,1,0,0,0,0,0,0,1,0,0,0,0,0,-0.7591422499810787,-2.0717956992798507,-0.9373798327986115,0.18849949586540202,-1.0999629160362887,-1.3097628753663697,-0.7220399067674711,0.8289898240597543,-1.1189371495912235,-1.2850545526724062,9.023890304598448,False,92.0,Budget,MediaTek,257.0,3.0,No,No,-1.7103175126434573
sony,Sony Xperia 5 IV 5G,82199,89.0,1,1,0,snapdragon,8.0,3.0,5000.0,1,30.0,8.0,256.0,6.1,120,3,1.0,android,12.0,12.0,1,1080,2520,False,False,False,1,0,0,0,0,0,0,0,0,0,1,0,0,1.7128557026214055,1.4190305658081923,1.2112529896756365,0.18849949586540202,-0.23378007096793352,0.5347057499317991,1.1008739886393968,-1.3181138033214173,0.957926675712042,-1.1640756677726773,11.31689841552015,False,913.0,Flagship,Qualcomm,449.0,4.0,No,Yes,0.9709300867026435
nubia,Nubia Z40 Pro 5G,49990,84.0,1,1,0,snapdragon,8.0,3.0,5000.0,1,80.0,8.0,128.0,6.67,144,3,1.0,android,64.0,16.0,0,1080,2400,False,False,False,1,0,0,0,0,0,0,0,0,0,1,0,0,0.6354459319126989,0.7477178225220302,1.2112529896756365,0.18849949586540202,1.2098580041459919,0.5347057499317991,-0.11440194163184854,0.38167656835534286,1.7886722058333482,0.40864983592379833,10.819578264407616,False,555.0,Premium,Qualcomm,395.0,4.0,No,Yes,0.2168291993865526
nokia,Nokia G21,11999,71.0,0,0,0,unisoc,8.0,1.6,5050.0,1,18.0,4.0,64.0,6.5,90,3,1.0,android,50.0,8.0,1,720,1600,False,False,False,1,0,0,0,0,0,0,0,0,0,0,1,0,-0.6353750994448244,-0.9976953100219913,-1.7968329617883105,0.23797362594674928,-0.5802532089952757,-0.9408691503067359,-0.7220399067674711,-0.125278454776322,-0.0805052369395907,-0.014776261225252826,9.392578591964389,False,133.0,Budget,Unisoc,270.0,4.0,No,No,-1.5287747064377317
xiaomi,Xiaomi 12 Lite 5G,29990,82.0,1,1,0,snapdragon,8.0,2.4,4300.0,1,67.0,6.0,128.0,6.55,120,3,1.0,android,108.0,32.0,0,1080,2400,False,False,False,1,0,0,0,0,0,0,0,0,0,1,0,0,-0.033565692607594504,0.47919272520756534,-0.07792670380891248,-0.50413832527346,0.8345121046163714,-0.2030817001874684,-0.11440194163184854,0.023825963791814262,0.957926675712042,1.739417569820816,10.308619271743055,False,333.0,Mid-range,Qualcomm,402.0,4.0,No,Yes,0.31458301811271255
oppo,Oppo Find N 5G,92249,86.0,1,1,0,snapdragon,8.0,2.84,4500.0,1,33.0,8.0,256.0,7.1,120,3,1.0,android,50.0,32.0,0,1792,1920,True,False,False,1,0,0,0,0,0,0,0,0,0,1,0,0,2.0490340439428527,1.016242919836495,0.8674717380797565,-0.30624180494807085,-0.14716178646109798,0.5347057499317991,1.1008739886393968,1.6639745680413183,0.957926675712042,-0.014776261225252826,11.432246721735618,False,1025.0,Flagship,Qualcomm,370.0,4.0,No,Yes,-0.13229158177830425
apple,Apple iPhone 13 Pro Max (256GB),139900,84.0,1,1,0,bionic,6.0,3.22,4352.0,1,18.0,6.0,256.0,6.7,120,3,1.0,ios,12.0,12.0,0,1284,2778,False,False,True,0,1,0,1,0,0,0,0,0,0,0,0,0,3.6429876899436775,0.7477178225220302,1.6839522106199716,-0.4526852299888588,-0.5802532089952757,-0.2030817001874684,1.1008739886393968,0.47113921949622567,0.957926675712042,-1.1640756677726773,11.848683160653573,True,1554.0,Flagship,Apple,457.0,4.0,No,Yes,1.0826487366753976
vivo,Vivo Y21s,14990,74.0,0,0,0,helio,8.0,2.0,5000.0,1,18.0,4.0,128.0,6.51,60,3,1.0,android,50.0,8.0,1,720,1600,False,False,False,1,0,0,0,0,0,0,1,0,0,0,0,0,-0.5353244109978146,-0.594907664050294,-0.9373798327986115,0.18849949586540202,-0.5802532089952757,-0.9408691503067359,-0.11440194163184854,-0.09545757106269527,-1.1189371495912235,-0.014776261225252826,9.615138591096644,False,167.0,Budget,MediaTek,270.0,4.0,No,No,-1.5287747064377317
oppo,OPPO F19s,15988,79.0,0,0,0,snapdragon,8.0,2.0,5000.0,1,33.0,6.0,128.0,6.43,60,3,1.0,android,48.0,16.0,1,1080,2400,False,False,False,1,0,0,0,0,0,0,0,0,0,1,0,0,-0.501940730934252,0.07640507923586808,-0.9373798327986115,0.18849949586540202,-0.14716178646109798,-0.2030817001874684,-0.11440194163184854,-0.33402464077171434,-1.1189371495912235,-0.07526570367511727,9.679593719831214,False,178.0,Mid-range,Qualcomm,409.0,4.0,No,No,0.41233683683887246
samsung,Samsung Galaxy M21 2021,11725,76.0,0,0,0,exynos,8.0,2.3,6000.0,1,15.0,4.0,64.0,6.4,60,3,1.0,android,48.0,20.0,1,1080,2340,False,False,False,1,0,0,0,0,1,0,0,0,0,0,0,0,-0.6445405587007524,-0.3263825667358292,-0.2927899860563375,1.1779820974923478,-0.6668714935021112,-0.9408691503067359,-0.7220399067674711,-0.4234872919125945,-1.1189371495912235,-0.07526570367511727,9.36947859331448,False,130.0,Budget,Samsung,403.0,4.0,No,No,0.3285478493593068
oppo,OPPO F19 Pro,17994,80.0,0,0,0,helio,8.0,2.2,4310.0,1,30.0,8.0,128.0,6.43,60,4,1.0,android,48.0,16.0,1,1080,2400,False,False,False,1,0,0,0,0,0,0,1,0,0,0,0,0,-0.4348388649948665,0.2106676278931005,-0.5076532683037616,-0.4942434992571905,-0.23378007096793352,0.5347057499317991,-0.11440194163184854,-0.33402464077171434,-1.1189371495912235,-0.07526570367511727,9.797793647977064,False,200.0,Mid-range,MediaTek,409.0,5.0,No,No,0.41233683683887246
oppo,OPPO X 2021,134999,86.0,0,0,0,snapdragon,8.0,2.84,4000.0,1,45.0,8.0,256.0,7.4,60,3,1.0,android,64.0,16.0,0,1440,3200,False,False,False,1,0,0,0,0,0,0,0,0,0,1,0,0,3.47904639135498,1.016242919836495,0.8674717380797565,-0.8009831057615437,0.19931135156624413,0.5347057499317991,1.1008739886393968,2.558601079450141,-1.1189371495912235,0.40864983592379833,11.813022649985724,True,1500.0,Flagship,Qualcomm,474.0,4.0,No,No,1.3200508678675003
oneplus,OnePlus Nord N10,25595,81.0,1,1,0,snapdragon,8.0,2.0,4300.0,1,30.0,6.0,128.0,6.49,90,4,1.0,android,64.0,16.0,1,1080,2400,False,False,False,1,0,0,0,0,0,0,0,0,0,1,0,0,-0.18058099709592898,0.3449301765503329,-0.9373798327986115,-0.50413832527346,-0.23378007096793352,-0.2030817001874684,-0.11440194163184854,-0.15509933848994872,-0.0805052369395907,0.40864983592379833,10.150152298891683,False,284.0,Mid-range,Qualcomm,406.0,5.0,No,Yes,0.37044234309908963
gionee,Gionee M12 Pro,7499,67.0,0,0,0,helio,8.0,1.99,4000.0,0,0.0,6.0,128.0,6.2,60,1,1.0,android,16.0,13.0,1,720,1520,False,False,False,1,0,0,0,0,0,0,1,0,0,0,0,0,-0.7859027149618905,-1.534745504650921,-0.958866161023354,-0.8009831057615437,-1.0999629160362887,-0.2030817001874684,-0.11440194163184854,-1.0199049661851423,-1.1189371495912235,-1.0430967828729485,8.92252495730139,False,83.0,Budget,MediaTek,271.0,2.0,No,No,-1.5148098751911374
poco,Poco M2,10890,74.0,0,0,1,helio,8.0,2.0,5000.0,1,18.0,6.0,64.0,6.53,60,4,1.0,android,13.0,8.0,1,1080,2340,False,False,False,1,0,0,0,0,0,0,1,0,0,0,0,0,-0.6724717940244747,-0.594907664050294,-0.9373798327986115,0.18849949586540202,-0.5802532089952757,-0.2030817001874684,-0.7220399067674711,-0.03581580363543918,-1.1189371495912235,-1.1338309465477452,9.295600215927006,False,121.0,Budget,MediaTek,395.0,5.0,No,No,0.2168291993865526
oppo,OPPO F17 Pro,18990,83.0,0,0,0,helio,8.0,2.2,4015.0,1,30.0,8.0,128.0,6.43,60,4,2.0,android,48.0,16.0,1,1080,2400,False,False,False,1,0,0,0,0,0,0,1,0,0,0,0,0,-0.4015220860937559,0.6134552738647978,-0.5076532683037616,-0.7861408667371396,-0.23378007096793352,0.5347057499317991,-0.11440194163184854,-0.33402464077171434,-1.1189371495912235,-0.07526570367511727,9.85166780380633,False,211.0,Mid-range,MediaTek,409.0,6.0,No,No,0.41233683683887246
motorola,Motorola Moto G 5G,19990,82.0,1,1,0,snapdragon,8.0,2.2,5000.0,1,20.0,6.0,128.0,6.67,60,3,1.0,android,48.0,16.0,1,1080,2400,False,False,False,1,0,0,0,0,0,0,0,0,0,1,0,0,-0.3680715048677412,0.47919272520756534,-0.5076532683037616,0.18849949586540202,-0.5225076859907186,-0.2030817001874684,-0.11440194163184854,0.38167656835534286,-1.1189371495912235,-0.07526570367511727,9.902987427494446,False,222.0,Mid-range,Qualcomm,395.0,4.0,No,Yes,0.2168291993865526
samsung,Samsung Galaxy A50s,15990,80.0,0,1,0,exynos,8.0,2.3,4000.0,1,15.0,4.0,128.0,6.4,60,3,1.0,android,48.0,32.0,1,1080,2340,False,False,False,1,0,0,0,0,1,0,0,0,0,0,0,0,-0.5018738297717998,0.2106676278931005,-0.2927899860563375,-0.8009831057615437,-0.6668714935021112,-0.9408691503067359,-0.11440194163184854,-0.4234872919125945,-1.1189371495912235,-0.07526570367511727,9.679718805828,False,178.0,Mid-range,Samsung,403.0,4.0,No,No,0.3285478493593068
samsung,Samsung Galaxy Note 10 Plus,58999,89.0,0,1,0,exynos,8.0,2.73,4300.0,1,45.0,12.0,256.0,6.8,60,4,1.0,android,12.0,10.0,1,1440,3040,False,False,False,1,0,0,0,0,1,0,0,0,0,0,0,0,0.936802218177865,1.4190305658081923,0.6311221276075896,-0.50413832527346,0.19931135156624413,2.0102806501703343,1.1008739886393968,0.7693480566324982,-1.1189371495912235,-1.1640756677726773,10.985275773591676,False,656.0,Premium,Samsung,495.0,5.0,No,No,1.6133123240459801
vivo,Vivo Y15,12500,71.0,0,0,0,helio,8.0,2.0,5000.0,0,0.0,4.0,64.0,6.35,60,3,1.0,android,13.0,16.0,1,720,1544,False,False,False,1,0,0,0,0,0,0,1,0,0,0,0,0,-0.6186163582505911,-0.9976953100219913,-0.9373798327986115,0.18849949586540202,-1.0999629160362887,-0.9408691503067359,-0.7220399067674711,-0.5725917104807334,-1.1189371495912235,-1.1338309465477452,9.433483923290392,False,139.0,Budget,MediaTek,268.0,4.0,No,No,-1.5567043689309203
vivo,Vivo S1 Pro,29999,82.0,0,0,0,snapdragon,8.0,2.0,4500.0,1,18.0,8.0,128.0,6.38,60,4,1.0,android,48.0,32.0,1,1080,2340,False,False,False,1,0,0,0,0,0,0,0,0,0,1,0,0,-0.03326463737656037,0.47919272520756534,-0.9373798327986115,-0.30624180494807085,-0.5802532089952757,0.5347057499317991,-0.11440194163184854,-0.48312905933985056,-1.1189371495912235,-0.07526570367511727,10.308919326755392,False,333.0,Mid-range,Qualcomm,404.0,5.0,No,No,0.34251268060590107
vivo,Vivo T3 Pro,31990,86.0,1,0,0,snapdragon,8.0,2.7,4700.0,1,80.0,8.0,256.0,6.67,120,3,1.0,android,64.0,32.0,1,1080,2408,False,False,False,1,0,0,0,0,0,0,0,0,0,1,0,0,0.033335469844434834,1.016242919836495,0.5666631429333625,-0.10834528462268171,1.2098580041459919,0.5347057499317991,1.1008739886393968,0.38167656835534286,0.957926675712042,0.40864983592379833,10.373178632943564,False,355.0,Premium,Qualcomm,396.0,4.0,No,Yes,0.23079403063314688
vivo,Vivo V21s,29999,86.0,1,1,0,dimensity,8.0,2.4,4000.0,1,33.0,8.0,128.0,6.44,90,3,1.0,android,64.0,44.0,1,1080,2400,False,False,False,1,0,0,0,1,0,0,0,0,0,0,0,0,-0.03326463737656037,1.016242919836495,-0.07792670380891248,-0.8009831057615437,-0.14716178646109798,0.5347057499317991,-0.11440194163184854,-0.30420375705808494,-0.0805052369395907,0.40864983592379833,10.308919326755392,False,333.0,Mid-range,MediaTek,409.0,4.0,No,Yes,0.41233683683887246
asus,Asus ROG Phone 6D Ultimate,107990,86.0,1,1,0,dimensity,8.0,3.2,6000.0,1,65.0,16.0,512.0,6.78,165,3,1.0,android,50.0,12.0,0,1080,2448,True,False,False,1,0,0,0,1,0,0,0,0,0,0,0,0,2.5755796430215496,1.016242919836495,1.6409795541704866,1.1779820974923478,0.7767665816118143,3.485855550408869,3.5314258491818875,0.7097062892052447,2.5155745446894913,-0.014776261225252826,11.589793909226806,False,1200.0,Flagship,MediaTek,395.0,4.0,No,Yes,0.2168291993865526
motorola,Motorola Moto Edge 30 Neo,31990,84.0,1,1,0,snapdragon,8.0,2.2,4020.0,1,68.0,8.0,128.0,6.28,120,2,1.0,android,64.0,32.0,0,1080,2400,False,False,False,1,0,0,0,0,0,0,0,0,0,1,0,0,0.033335469844434834,0.7477178225220302,-0.5076532683037616,-0.7811934537290048,0.8633848661186498,0.5347057499317991,-0.11440194163184854,-0.7813378964761231,0.957926675712042,0.40864983592379833,10.373178632943564,False,355.0,Premium,Qualcomm,419.0,3.0,No,Yes,0.5519851493048152
xiaomi,Xiaomi 12T,48990,87.0,1,1,1,dimensity,8.0,2.85,5000.0,1,120.0,8.0,128.0,6.67,120,3,1.0,android,108.0,20.0,0,1220,2712,False,False,False,1,0,0,0,1,0,0,0,0,0,0,0,0,0.6019953506866842,1.1505054684937275,0.8889580663044995,0.18849949586540202,2.364768464237132,0.5347057499317991,-0.11440194163184854,0.38167656835534286,0.957926675712042,1.739417569820816,10.79937147463262,False,544.0,Premium,MediaTek,446.0,4.0,No,Yes,0.9290355929628606
huawei,Huawei Mate 50 Pro 5G,99990,85.0,1,1,0,kirin,8.0,3.13,4500.0,1,66.0,8.0,256.0,6.76,120,3,1.0,other,64.0,13.0,0,1440,3200,False,False,False,0,0,1,0,0,0,0,0,1,0,0,0,0,2.307974993213432,0.8819803711792626,1.4905752565972885,-0.30624180494807085,0.8056393431140928,0.5347057499317991,1.1008739886393968,0.6500645217779887,0.957926675712042,0.40864983592379833,11.512825459969894,False,1111.0,Flagship,Huawei,519.0,4.0,No,Yes,1.9484682739642427
realme,Realme C32,9499,65.0,0,0,0,unisoc,8.0,1.82,5000.0,0,0.0,4.0,64.0,6.52,60,3,1.0,android,13.0,5.0,1,720,1600,False,False,False,1,0,0,0,0,0,0,0,0,0,0,1,0,-0.7190015525098611,-1.803270601965386,-1.324133740843976,0.18849949586540202,-1.0999629160362887,-0.9408691503067359,-0.7220399067674711,-0.06563668734906855,-1.1189371495912235,-1.1338309465477452,9.158941808890182,False,106.0,Budget,Unisoc,269.0,4.0,No,No,-1.542739537684326
huawei,Huawei Mate Xs 2,162990,89.0,0,1,1,snapdragon,8.0,2.84,4600.0,1,66.0,8.0,512.0,7.8,120,3,1.0,other,50.0,10.7,0,2200,2480,False,False,False,0,0,1,0,0,0,0,0,0,0,1,0,0,4.415361610452356,1.4190305658081923,0.8674717380797565,-0.2072935447853763,0.8056393431140928,0.5347057499317991,3.5314258491818875,3.751436427995234,0.957926675712042,-0.014776261225252826,12.001444128213679,True,1811.0,Flagship,Qualcomm,425.0,4.0,Yes,No,0.6357741367843809
iqoo,iQOO Z7 Pro 5G,24999,80.0,1,0,0,snapdragon,8.0,2.36,5000.0,1,67.0,6.0,128.0,6.62,144,3,1.0,android,50.0,16.0,1,1080,2412,False,False,False,1,0,0,0,0,0,0,0,0,0,1,0,0,-0.20051754350663373,0.2106676278931005,-0.16387201670788248,0.18849949586540202,0.8345121046163714,-0.2030817001874684,-0.11440194163184854,0.2325721497872066,1.7886722058333482,-0.014776261225252826,10.126591103050316,False,278.0,Mid-range,Qualcomm,399.0,4.0,No,Yes,0.27268852437292973
apple,Apple iPhone 15,82990,72.0,0,1,0,bionic,8.0,3.22,3285.0,1,18.0,6.0,128.0,6.06,60,2,1.0,ios,50.0,13.0,0,1170,2532,False,True,True,0,1,0,1,0,0,0,0,0,0,0,0,0,1.739315112371183,-0.8634327613647589,1.6839522106199716,-1.50846316592481,-0.5802532089952757,-0.2030817001874684,-0.11440194163184854,-1.4373973381759269,-1.1189371495912235,-0.014776261225252826,11.326475397592494,False,922.0,Flagship,Apple,460.0,3.0,No,No,1.1245432304151803
infinix,Infinix Note 11S (8GB RAM + 128GB),15999,79.0,0,0,0,helio,8.0,2.05,5000.0,1,33.0,8.0,128.0,6.95,120,3,1.0,android,50.0,16.0,1,1080,2460,False,False,False,1,0,0,0,0,0,0,1,0,0,0,0,0,-0.5015727745407658,0.07640507923586808,-0.8299481916748995,0.18849949586540202,-0.14716178646109798,0.5347057499317991,-0.11440194163184854,1.2166613123369097,0.957926675712042,-0.014776261225252826,9.680281499268713,False,178.0,Mid-range,MediaTek,387.0,4.0,No,No,0.10511054941379841
tecno,Tecno Spark 8 (4GB RAM + 64GB),8999,64.0,0,0,0,helio,8.0,1.8,5000.0,0,0.0,4.0,64.0,6.52,60,2,1.0,android,16.0,8.0,1,720,1600,False,False,False,1,0,0,0,0,0,0,1,0,0,0,0,0,-0.7357268431228684,-1.9375331506226183,-1.367106397293461,0.18849949586540202,-1.0999629160362887,-0.9408691503067359,-0.7220399067674711,-0.06563668734906855,-1.1189371495912235,-1.0430967828729485,9.104868739033948,False,100.0,Budget,MediaTek,269.0,3.0,No,No,-1.542739537684326
oppo,Oppo A56 5G,17990,73.0,1,0,0,dimensity,8.0,2.2,5000.0,0,0.0,6.0,128.0,6.5,60,2,1.0,android,13.0,8.0,1,720,1600,False,False,False,1,0,0,0,1,0,0,0,0,0,0,0,0,-0.4349726673197705,-0.7291702127075265,-0.5076532683037616,0.18849949586540202,-1.0999629160362887,-0.2030817001874684,-0.11440194163184854,-0.125278454776322,-1.1189371495912235,-1.1338309465477452,9.79757132694458,False,200.0,Mid-range,MediaTek,270.0,3.0,No,Yes,-1.5287747064377317
vivo,Vivo X80 Pro Plus 5G,82990,86.0,1,1,0,snapdragon,8.0,3.2,4500.0,1,120.0,12.0,256.0,6.78,120,4,1.0,android,50.0,32.0,0,1440,3200,True,False,False,1,0,0,0,0,0,0,0,0,0,1,0,0,1.739315112371183,1.016242919836495,1.6409795541704866,-0.30624180494807085,2.364768464237132,2.0102806501703343,1.1008739886393968,0.7097062892052447,0.957926675712042,-0.014776261225252826,11.326475397592494,False,922.0,Flagship,Qualcomm,518.0,5.0,No,Yes,1.9345034427176484
xiaomi,Xiaomi Redmi 10 Prime (6GB RAM + 128GB),12999,77.0,0,0,1,helio,8.0,2.0,6000.0,1,18.0,6.0,128.0,6.5,90,4,1.0,android,50.0,8.0,1,1080,2400,False,False,False,1,0,0,0,0,0,0,1,0,0,0,0,0,-0.6019245182188098,-0.19212001807859677,-0.9373798327986115,1.1779820974923478,-0.5802532089952757,-0.2030817001874684,-0.11440194163184854,-0.125278454776322,-0.0805052369395907,-0.014776261225252826,9.47262771040802,False,144.0,Budget,MediaTek,405.0,5.0,No,No,0.3564775118524954
huawei,Huawei Nova 9,29990,83.0,0,1,0,snapdragon,8.0,2.4,4300.0,1,66.0,8.0,128.0,6.57,120,4,1.0,other,50.0,32.0,0,1080,2340,False,False,False,0,0,1,0,0,0,0,0,0,0,1,0,0,-0.033565692607594504,0.6134552738647978,-0.07792670380891248,-0.50413832527346,0.8056393431140928,0.5347057499317991,-0.11440194163184854,0.08346773121907035,0.957926675712042,-0.014776261225252826,10.308619271743055,False,333.0,Mid-range,Qualcomm,392.0,5.0,No,No,0.17493470564676977
tecno,Tecno Pop 5 Go,6999,69.0,0,0,0,unisoc,4.0,1.3,4000.0,0,0.0,1.0,16.0,6.1,60,2,1.0,android,5.0,5.0,1,720,1520,True,False,False,1,0,0,0,0,0,0,0,0,0,0,1,0,-0.8026280055748978,-1.2662204073364562,-2.441422808530585,-0.8009831057615437,-1.0999629160362887,-2.0475503254856373,-1.177768380619188,-1.3181138033214173,-1.1189371495912235,-1.375788716347203,8.85352256068954,False,78.0,Budget,Unisoc,276.0,3.0,No,No,-1.444985718958166
huawei,Huawei P50 Pro 4G,60999,86.0,0,1,1,snapdragon,8.0,2.84,4360.0,1,66.0,8.0,256.0,6.6,120,4,1.0,other,50.0,13.0,1,1288,2700,True,False,False,0,0,1,0,0,0,0,0,0,0,1,0,0,1.0037033806298945,1.016242919836495,0.8674717380797565,-0.44476936917584325,0.8056393431140928,0.5347057499317991,1.1008739886393968,0.1729303823599505,0.957926675712042,-0.014776261225252826,11.018612749578452,False,678.0,Flagship,Qualcomm,453.0,5.0,No,No,1.0267894116890206
xiaomi,Xiaomi Redmi K50 5G,27990,83.0,1,1,1,dimensity,8.0,2.85,5500.0,1,67.0,8.0,128.0,6.67,120,3,1.0,android,48.0,20.0,0,1440,3200,False,False,False,1,0,0,0,1,0,0,0,0,0,0,0,0,-0.10046685505962384,0.6134552738647978,0.8889580663044995,0.6832407966788748,0.8345121046163714,0.5347057499317991,-0.11440194163184854,0.38167656835534286,0.957926675712042,-0.07526570367511727,10.2396025825095,False,311.0,Mid-range,MediaTek,526.0,4.0,No,Yes,2.0462220926904027
nokia,Nokia C01 Plus,5249,69.0,0,0,0,unisoc,8.0,1.6,3000.0,0,0.0,2.0,16.0,5.45,60,1,1.0,android,5.0,5.0,1,720,1440,True,False,False,1,0,0,0,0,0,0,0,0,0,0,1,0,-0.8611665227204235,-1.2662204073364562,-1.7968329617883105,-1.7904657073884895,-1.0999629160362887,-1.6786566004260035,-1.177768380619188,-3.256471244707194,-1.1189371495912235,-1.375788716347203,8.5657928612523,True,58.0,Budget,Unisoc,295.0,2.0,No,No,-1.1796539252728748
realme,Realme Q3,14999,80.0,1,0,0,snapdragon,8.0,2.2,5000.0,1,30.0,6.0,128.0,6.5,120,3,1.0,android,48.0,16.0,1,1080,2400,False,False,False,1,0,0,0,0,0,0,0,0,0,1,0,0,-0.5350233557667804,0.2106676278931005,-0.5076532683037616,0.18849949586540202,-0.23378007096793352,-0.2030817001874684,-0.11440194163184854,-0.125278454776322,0.957926675712042,-0.07526570367511727,9.61573881119536,False,167.0,Budget,Qualcomm,405.0,4.0,No,Yes,0.3564775118524954
oppo,OPPO Reno 6 Pro Plus 5G,44990,87.0,1,1,0,snapdragon,8.0,3.2,4500.0,1,65.0,8.0,128.0,6.55,90,4,1.0,android,50.0,32.0,0,1080,2400,False,False,False,1,0,0,0,0,0,0,0,0,0,1,0,0,0.46819302578262556,1.1505054684937275,1.6409795541704866,-0.30624180494807085,0.7767665816118143,0.5347057499317991,-0.11440194163184854,0.023825963791814262,-0.0805052369395907,-0.014776261225252826,10.714195521835219,False,500.0,Premium,Qualcomm,402.0,5.0,No,Yes,0.31458301811271255
motorola,Motorola Edge S,22490,87.0,1,1,0,snapdragon,8.0,3.2,5000.0,1,20.0,6.0,128.0,6.7,90,4,2.0,android,64.0,16.0,1,1080,2520,False,False,False,1,0,0,0,0,0,0,0,0,0,1,0,0,-0.2844450518027045,1.1505054684937275,1.6409795541704866,0.18849949586540202,-0.5225076859907186,-0.2030817001874684,-0.11440194163184854,0.47113921949622567,-0.0805052369395907,0.40864983592379833,10.020826044953361,False,250.0,Mid-range,Qualcomm,409.0,6.0,No,Yes,0.41233683683887246
oppo,Oppo Find X3 Pro,50990,86.0,1,1,0,snapdragon,8.0,2.84,4500.0,1,65.0,12.0,256.0,6.7,120,4,1.0,android,50.0,32.0,0,1440,3216,True,False,False,1,0,0,0,0,0,0,0,0,0,1,0,0,0.6688965131387136,1.016242919836495,0.8674717380797565,-0.30624180494807085,0.7767665816118143,2.0102806501703343,1.1008739886393968,0.47113921949622567,0.957926675712042,-0.014776261225252826,10.839384814049202,False,567.0,Premium,Qualcomm,526.0,5.0,No,Yes,2.0462220926904027
poco,Poco M3,11499,75.0,0,0,1,snapdragon,8.0,2.0,6000.0,1,18.0,6.0,64.0,6.53,60,3,1.0,android,48.0,8.0,1,1080,2340,False,False,False,1,0,0,0,0,0,0,0,0,0,1,0,0,-0.6521003900578318,-0.46064511539306163,-0.9373798327986115,1.1779820974923478,-0.5802532089952757,-0.2030817001874684,-0.7220399067674711,-0.03581580363543918,-1.1189371495912235,-0.07526570367511727,9.350015354048665,False,128.0,Budget,Qualcomm,395.0,4.0,No,No,0.2168291993865526
itel,itel S16,5990,69.0,0,0,0,unisoc,4.0,1.3,4000.0,0,0.0,1.0,16.0,6.5,60,3,1.0,android,8.0,8.0,1,1600,720,True,False,False,1,0,0,0,0,0,0,0,0,0,0,1,0,-0.8363796420319466,-1.2662204073364562,-2.441422808530585,-0.8009831057615437,-1.0999629160362887,-2.0475503254856373,-1.177768380619188,-0.125278454776322,-1.1189371495912235,-1.2850545526724062,8.697846691109495,False,67.0,Budget,Unisoc,270.0,4.0,No,No,-1.5287747064377317
vivo,Vivo V20 Pro,27000,84.0,1,0,0,snapdragon,8.0,2.4,4000.0,1,33.0,8.0,128.0,6.44,60,3,2.0,android,64.0,44.0,0,1080,2400,False,False,False,1,0,0,0,0,0,0,0,0,0,1,0,0,-0.13358293047337838,0.7477178225220302,-0.07792670380891248,-0.8009831057615437,-0.14716178646109798,0.5347057499317991,-0.11440194163184854,-0.30420375705808494,-1.1189371495912235,0.40864983592379833,10.203592144986466,False,300.0,Mid-range,Qualcomm,409.0,5.0,No,Yes,0.41233683683887246
xiaomi,Xiaomi Mi 10T Pro 5G,29999,86.0,1,1,1,snapdragon,8.0,2.84,5000.0,1,33.0,8.0,128.0,6.67,144,3,1.0,android,108.0,20.0,0,1080,2400,False,False,False,1,0,0,0,0,0,0,0,0,0,1,0,0,-0.03326463737656037,1.016242919836495,0.8674717380797565,0.18849949586540202,-0.14716178646109798,0.5347057499317991,-0.11440194163184854,0.38167656835534286,1.7886722058333482,1.739417569820816,10.308919326755392,False,333.0,Mid-range,Qualcomm,395.0,4.0,No,Yes,0.2168291993865526
vivo,Vivo V19 (8GB RAM + 256GB),27990,84.0,0,0,0,snapdragon,8.0,2.3,4500.0,1,33.0,8.0,256.0,6.44,60,4,2.0,android,48.0,32.0,1,1080,2400,False,False,False,1,0,0,0,0,0,0,0,0,0,1,0,0,-0.10046685505962384,0.7477178225220302,-0.2927899860563375,-0.30624180494807085,-0.14716178646109798,0.5347057499317991,1.1008739886393968,-0.30420375705808494,-1.1189371495912235,-0.07526570367511727,10.2396025825095,False,311.0,Mid-range,Qualcomm,409.0,6.0,No,No,0.41233683683887246
samsung,Samsung Galaxy S20 5G,74999,89.0,1,1,0,exynos,8.0,2.73,4000.0,1,25.0,8.0,128.0,6.2,60,3,1.0,android,64.0,10.0,1,1440,3200,False,False,False,1,0,0,0,0,1,0,0,0,0,0,0,0,1.4720115177940998,1.4190305658081923,0.6311221276075896,-0.8009831057615437,-0.37814387847932607,0.5347057499317991,-0.11440194163184854,-1.0199049661851423,-1.1189371495912235,0.40864983592379833,11.225230059096225,False,833.0,Flagship,Samsung,566.0,4.0,No,Yes,2.6048153425541734
vivo,Vivo U3,9990,72.0,0,0,0,snapdragon,8.0,2.0,5000.0,1,18.0,4.0,64.0,6.53,60,3,1.0,android,16.0,16.0,1,1080,2340,False,False,False,1,0,0,0,0,0,0,0,0,0,1,0,0,-0.702577317127888,-0.8634327613647589,-0.9373798327986115,0.18849949586540202,-0.5802532089952757,-0.9408691503067359,-0.7220399067674711,-0.03581580363543918,-1.1189371495912235,-1.0430967828729485,9.2093398716426,False,111.0,Budget,Qualcomm,395.0,4.0,No,No,0.2168291993865526
oppo,Oppo K5 (8GB RAM + 128GB),19990,82.0,0,0,0,snapdragon,8.0,2.2,4000.0,1,30.0,8.0,128.0,6.4,60,4,1.0,android,64.0,32.0,1,1080,2340,False,False,False,1,0,0,0,0,0,0,0,0,0,1,0,0,-0.3680715048677412,0.47919272520756534,-0.5076532683037616,-0.8009831057615437,-0.23378007096793352,0.5347057499317991,-0.11440194163184854,-0.4234872919125945,-1.1189371495912235,0.40864983592379833,9.902987427494446,False,222.0,Mid-range,Qualcomm,403.0,5.0,No,No,0.3285478493593068
realme,Realme XT,13279,75.0,0,0,0,snapdragon,8.0,2.3,4000.0,1,20.0,4.0,64.0,6.4,60,4,1.0,android,64.0,16.0,1,1080,2340,False,False,False,1,0,0,0,0,0,0,0,0,0,1,0,0,-0.5925583554755257,-0.46064511539306163,-0.2927899860563375,-0.8009831057615437,-0.5225076859907186,-0.9408691503067359,-0.7220399067674711,-0.4234872919125945,-1.1189371495912235,0.40864983592379833,9.493939118990328,False,148.0,Budget,Qualcomm,403.0,5.0,No,No,0.3285478493593068
vivo,Vivo Y12 (3GB RAM + 64GB),11000,68.0,0,0,0,helio,8.0,2.0,5000.0,0,0.0,3.0,64.0,6.35,60,3,1.0,android,13.0,8.0,1,720,1544,False,False,False,1,0,0,0,0,0,0,1,0,0,0,0,0,-0.6687922300896131,-1.4004829559936887,-0.9373798327986115,0.18849949586540202,-1.0999629160362887,-1.3097628753663697,-0.7220399067674711,-0.5725917104807334,-1.1189371495912235,-1.1338309465477452,9.305650551780507,False,122.0,Budget,MediaTek,268.0,4.0,No,No,-1.5567043689309203
xiaomi,Xiaomi Poco F1 (6GB RAM + 128GB),12999,78.0,0,0,0,snapdragon,8.0,2.8,4000.0,1,33.0,6.0,128.0,6.18,60,2,1.0,android,12.0,20.0,1,1080,2246,False,False,True,1,0,0,0,0,0,0,0,0,0,1,0,0,-0.6019245182188098,-0.05785746942136435,0.7815264251807865,-0.8009831057615437,-0.14716178646109798,-0.2030817001874684,-0.11440194163184854,-1.0795467336123983,-1.1189371495912235,-1.1640756677726773,9.47262771040802,False,144.0,Budget,Qualcomm,403.0,3.0,No,No,0.3285478493593068
poco,Poco C50 (3GB RAM + 32GB),7299,61.0,0,0,0,helio,4.0,2.0,5000.0,1,10.0,3.0,32.0,6.52,60,2,1.0,android,8.0,5.0,1,720,1600,False,False,False,1,0,0,0,0,0,0,1,0,0,0,0,0,-0.7925928312070933,-2.3403207965943156,-0.9373798327986115,0.18849949586540202,-0.8112353010135037,-1.3097628753663697,-1.0258588893352825,-0.06563668734906855,-1.1189371495912235,-1.2850545526724062,8.895492631451633,False,81.0,Budget,MediaTek,269.0,3.0,No,No,-1.542739537684326
ikall,iKall Z19,7999,61.0,0,0,0,unknown,4.0,1.6,5000.0,0,0.0,4.0,32.0,6.5,60,1,1.0,android,20.0,13.0,1,720,1600,False,False,False,1,0,0,0,0,0,0,0,0,0,0,0,1,-0.7691774243488831,-2.3403207965943156,-1.7968329617883105,0.18849949586540202,-1.0999629160362887,-0.9408691503067359,-1.0258588893352825,-0.125278454776322,-1.1189371495912235,-0.9221178979732195,8.987071812848821,False,89.0,Budget,Unknown,270.0,2.0,No,No,-1.5287747064377317
xiaomi,Xiaomi Redmi K60 Gaming Edition,54990,86.0,1,1,1,snapdragon,8.0,3.2,5000.0,1,67.0,8.0,128.0,6.73,120,3,1.0,android,50.0,20.0,0,1440,3200,False,False,False,1,0,0,0,0,0,0,0,0,0,1,0,0,0.8026988380427722,1.016242919836495,1.6409795541704866,0.18849949586540202,0.8345121046163714,0.5347057499317991,-0.11440194163184854,0.5606018706371084,0.957926675712042,-0.014776261225252826,10.91490662950186,False,611.0,Premium,Qualcomm,521.0,4.0,No,Yes,1.9763979364574311
vivo,Vivo S17 Pro,49990,77.0,1,1,0,dimensity,8.0,2.4,5000.0,1,120.0,12.0,256.0,6.67,120,3,1.0,android,50.0,32.0,0,1080,2400,False,True,False,1,0,0,0,1,0,0,0,0,0,0,0,0,0.6354459319126989,-0.19212001807859677,-0.07792670380891248,0.18849949586540202,2.364768464237132,2.0102806501703343,1.1008739886393968,0.38167656835534286,0.957926675712042,-0.014776261225252826,10.819578264407616,False,555.0,Premium,MediaTek,395.0,4.0,No,Yes,0.2168291993865526
honor,Honor 80 Pro Plus,54990,86.0,1,1,0,snapdragon,8.0,3.0,4500.0,1,100.0,12.0,256.0,6.78,120,3,1.0,android,200.0,50.0,0,1200,2652,True,False,False,1,0,0,0,0,0,0,0,0,0,1,0,0,0.8026988380427722,1.016242919836495,1.2112529896756365,-0.30624180494807085,1.787313234191562,2.0102806501703343,1.1008739886393968,0.7097062892052447,0.957926675712042,4.521931922514581,10.91490662950186,False,611.0,Premium,Qualcomm,429.0,4.0,No,Yes,0.6916334617707579
apple,Apple iPhone SE 4,49990,60.0,1,1,0,bionic,6.0,3.22,3279.0,0,0.0,4.0,64.0,6.1,60,1,1.0,ios,12.0,10.8,0,750,1580,False,False,False,0,1,0,1,0,0,0,0,0,0,0,0,0,0.6354459319126989,-2.474583345251548,1.6839522106199716,-1.5144000615345716,-1.0999629160362887,-0.9408691503067359,-0.7220399067674711,-1.3181138033214173,-1.1189371495912235,-1.1640756677726773,10.819578264407616,False,555.0,Premium,Apple,287.0,2.0,No,Yes,-1.291372575245629
tecno,Tecno Pova Neo 5G,15499,71.0,0,0,0,dimensity,8.0,2.4,6000.0,1,18.0,4.0,128.0,6.8,120,2,1.0,android,50.0,8.0,1,1080,2400,False,False,False,1,0,0,0,1,0,0,0,0,0,0,0,0,-0.5182980651537731,-0.9976953100219913,-0.07792670380891248,1.1779820974923478,-0.5802532089952757,-0.9408691503067359,-0.11440194163184854,0.7693480566324982,0.957926675712042,-0.014776261225252826,9.648530784697051,False,172.0,Mid-range,MediaTek,387.0,3.0,No,No,0.10511054941379841
apple,Apple iPhone 14 Pro Max (512GB),169900,78.0,1,1,0,bionic,6.0,3.22,4323.0,1,18.0,6.0,512.0,6.7,120,3,1.0,ios,48.0,12.0,0,1290,2796,False,True,True,0,1,0,1,0,0,0,0,0,0,0,0,0,4.646505126724118,-0.05785746942136435,1.6839522106199716,-0.48138022543604025,-0.5802532089952757,-0.2030817001874684,3.5314258491818875,0.47113921949622567,0.957926675712042,-0.07526570367511727,12.042965307660024,True,1888.0,Flagship,Apple,460.0,4.0,No,Yes,1.1245432304151803
google,Google Pixel 8,53990,75.0,1,1,0,google,8.0,2.8,4830.0,1,67.0,8.0,128.0,6.6,120,2,1.0,android,50.0,10.1,0,1080,2400,False,True,False,1,0,0,0,0,0,1,0,0,0,0,0,0,0.7692482568167576,-0.46064511539306163,0.7815264251807865,0.020287453588821235,0.8345121046163714,0.5347057499317991,-0.11440194163184854,0.1729303823599505,0.957926675712042,-0.014776261225252826,10.896554123212333,False,600.0,Premium,Google,399.0,3.0,No,Yes,0.27268852437292973
vivo,Vivo T2x 5G,18990,80.0,1,0,0,dimensity,8.0,3.0,6000.0,1,44.0,8.0,128.0,6.58,120,2,1.0,android,50.0,16.0,0,1080,2408,False,False,False,1,0,0,0,1,0,0,0,0,0,0,0,0,-0.4015220860937559,0.2106676278931005,1.2112529896756365,1.1779820974923478,0.17043859006396564,0.5347057499317991,-0.11440194163184854,0.11328861493269707,0.957926675712042,-0.014776261225252826,9.85166780380633,False,211.0,Mid-range,MediaTek,401.0,3.0,No,Yes,0.30061818686611824
motorola,Motorola Moto G52 5G,16999,76.0,1,1,0,snapdragon,8.0,2.2,5000.0,1,33.0,4.0,64.0,6.6,90,3,1.0,android,50.0,16.0,1,2460,1080,False,False,False,1,0,0,0,0,0,0,0,0,0,1,0,0,-0.4681221933147511,-0.3263825667358292,-0.5076532683037616,0.18849949586540202,-0.14716178646109798,-0.9408691503067359,-0.7220399067674711,0.1729303823599505,-0.0805052369395907,-0.014776261225252826,9.74090979777877,False,189.0,Mid-range,Qualcomm,407.0,4.0,No,Yes,0.3844071743456839
motorola,Motorola Edge 40 5G,34999,86.0,1,1,0,snapdragon,8.0,2.36,4200.0,1,67.0,8.0,128.0,6.5,144,3,1.0,android,50.0,32.0,0,1080,2412,False,False,False,1,0,0,0,0,0,0,0,0,0,1,0,0,0.13398826875351297,1.016242919836495,-0.16387201670788248,-0.6030865854361546,0.8345121046163714,0.5347057499317991,-0.11440194163184854,-0.125278454776322,1.7886722058333482,-0.014776261225252826,10.463074768634808,False,389.0,Premium,Qualcomm,407.0,4.0,No,Yes,0.3844071743456839
vivo,Vivo X Note 5G (12GB RAM + 512GB),82990,86.0,1,1,1,snapdragon,8.0,3.0,5000.0,1,80.0,12.0,512.0,7.0,120,4,1.0,android,50.0,16.0,0,1440,3080,True,False,False,1,0,0,0,0,0,0,0,0,0,1,0,0,1.739315112371183,1.016242919836495,1.2112529896756365,0.18849949586540202,1.2098580041459919,2.0102806501703343,3.5314258491818875,1.3657657309050457,0.957926675712042,-0.014776261225252826,11.326475397592494,False,922.0,Flagship,Qualcomm,486.0,5.0,No,Yes,1.4876288428266315
realme,Realme GT 2 Pro 5G (12GB RAM + 256GB),46999,89.0,1,1,0,snapdragon,8.0,3.0,5000.0,1,65.0,12.0,256.0,6.7,120,3,1.0,android,50.0,32.0,0,1440,3216,False,False,False,1,0,0,0,0,0,0,0,0,0,1,0,0,0.535395243465689,1.4190305658081923,1.2112529896756365,0.18849949586540202,0.7767665816118143,2.0102806501703343,1.1008739886393968,0.47113921949622567,0.957926675712042,-0.014776261225252826,10.757881603870102,False,522.0,Premium,Qualcomm,526.0,4.0,No,Yes,2.0462220926904027
honor,Honor X8,16999,76.0,0,0,0,snapdragon,8.0,2.4,4000.0,1,22.0,6.0,128.0,6.7,90,4,1.0,android,64.0,16.0,0,1080,2388,False,False,False,1,0,0,0,0,0,0,0,0,0,1,0,0,-0.4681221933147511,-0.3263825667358292,-0.07792670380891248,-0.8009831057615437,-0.4647621629861616,-0.2030817001874684,-0.11440194163184854,0.47113921949622567,-0.0805052369395907,0.40864983592379833,9.74090979777877,False,189.0,Mid-range,Qualcomm,391.0,5.0,No,No,0.16096987440017552
samsung,Samsung Galaxy A03 (4GB RAM + 64GB),11499,69.0,0,0,0,unisoc,8.0,1.6,5000.0,1,15.0,4.0,64.0,6.5,60,2,1.0,android,48.0,5.0,1,720,1560,False,False,False,1,0,0,0,0,0,0,0,0,0,0,1,0,-0.6521003900578318,-1.2662204073364562,-1.7968329617883105,0.18849949586540202,-0.6668714935021112,-0.9408691503067359,-0.7220399067674711,-0.125278454776322,-1.1189371495912235,-0.07526570367511727,9.350015354048665,False,128.0,Budget,Unisoc,264.0,3.0,No,No,-1.6125636939172974
samsung,Samsung Galaxy S22 Plus 5G (8GB RAM + 256GB),88999,88.0,1,1,0,snapdragon,8.0,3.0,4500.0,1,45.0,8.0,256.0,6.6,120,3,1.0,android,50.0,10.0,0,1080,2340,False,False,False,1,0,0,0,0,0,0,0,0,0,1,0,0,1.9403196549583053,1.28476801715096,1.2112529896756365,-0.30624180494807085,0.19931135156624413,0.5347057499317991,1.1008739886393968,0.1729303823599505,0.957926675712042,-0.014776261225252826,11.396380412696097,False,989.0,Flagship,Qualcomm,390.0,4.0,No,Yes,0.14700504315358123
vivo,Vivo Y33T,15990,81.0,0,0,0,snapdragon,8.0,2.4,5000.0,1,18.0,8.0,128.0,6.58,90,3,1.0,android,50.0,16.0,1,1080,2408,False,False,False,1,0,0,0,0,0,0,0,0,0,1,0,0,-0.5018738297717998,0.3449301765503329,-0.07792670380891248,0.18849949586540202,-0.5802532089952757,0.5347057499317991,-0.11440194163184854,0.11328861493269707,-0.0805052369395907,-0.014776261225252826,9.679718805828,False,178.0,Mid-range,Qualcomm,401.0,4.0,No,No,0.30061818686611824
xiaomi,Xiaomi 11i 5G (8GB RAM + 128GB),24990,83.0,1,0,1,dimensity,8.0,2.5,5160.0,1,67.0,8.0,128.0,6.67,120,3,1.0,android,108.0,16.0,1,2400,1080,False,False,False,1,0,0,0,1,0,0,0,0,0,0,0,0,-0.20081859873766786,0.6134552738647978,0.1369365784385125,0.3468167121257133,0.8345121046163714,0.5347057499317991,-0.11440194163184854,0.38167656835534286,0.957926675712042,1.739417569820816,10.126231023828998,False,278.0,Mid-range,MediaTek,395.0,4.0,No,Yes,0.2168291993865526
oppo,Oppo Find X5 Pro 5G,79990,86.0,1,1,0,snapdragon,8.0,3.0,5000.0,1,80.0,8.0,256.0,6.7,120,3,1.0,android,50.0,32.0,0,1440,3216,True,False,False,1,0,0,0,0,0,0,0,0,0,1,0,0,1.638963368693139,1.016242919836495,1.2112529896756365,0.18849949586540202,1.2098580041459919,0.5347057499317991,1.1008739886393968,0.47113921949622567,0.957926675712042,-0.014776261225252826,11.289656905842868,False,889.0,Flagship,Qualcomm,526.0,4.0,No,Yes,2.0462220926904027
tecno,Tecno Spark Go 2022,6249,61.0,0,0,0,unknown,8.0,2.2,5000.0,0,0.0,2.0,32.0,6.51,60,2,1.0,android,13.0,8.0,1,720,1600,False,False,False,1,0,0,0,0,0,0,0,0,0,0,0,1,-0.8277159414944087,-2.3403207965943156,-0.5076532683037616,0.18849949586540202,-1.0999629160362887,-1.6786566004260035,-1.0258588893352825,-0.09545757106269527,-1.1189371495912235,-1.1338309465477452,8.740176729929082,False,69.0,Budget,Unknown,270.0,3.0,No,No,-1.5287747064377317
vivo,Vivo Y21e,12499,69.0,0,0,0,snapdragon,8.0,2.4,5000.0,1,18.0,3.0,64.0,6.51,60,2,1.0,android,13.0,8.0,1,720,1600,False,False,False,1,0,0,0,0,0,0,0,0,0,1,0,0,-0.6186498088318171,-1.2662204073364562,-0.07792670380891248,0.18849949586540202,-0.5802532089952757,-1.3097628753663697,-0.7220399067674711,-0.09545757106269527,-1.1189371495912235,-1.1338309465477452,9.433403920090221,False,139.0,Budget,Qualcomm,270.0,3.0,No,No,-1.5287747064377317
xiaomi,Xiaomi Redmi 9A Sport,6499,61.0,0,0,0,helio,8.0,2.0,5000.0,0,0.0,2.0,32.0,6.53,60,1,1.0,android,13.0,5.0,1,720,1600,False,False,False,1,0,0,0,0,0,0,1,0,0,0,0,0,-0.8193532961879051,-2.3403207965943156,-0.9373798327986115,0.18849949586540202,-1.0999629160362887,-1.6786566004260035,-1.0258588893352825,-0.03581580363543918,-1.1189371495912235,-1.1338309465477452,8.77940359789435,False,72.0,Budget,MediaTek,269.0,2.0,No,No,-1.542739537684326
apple,Apple iPhone 13 Pro Max (1TB),179900,86.0,1,1,0,bionic,6.0,3.22,4352.0,1,18.0,6.0,1024.0,6.7,120,3,1.0,ios,12.0,12.0,0,1284,2778,False,False,True,0,1,0,1,0,0,0,0,0,0,0,0,0,4.981010938984264,1.016242919836495,1.6839522106199716,-0.4526852299888588,-0.5802532089952757,-0.2030817001874684,8.392529570266868,0.47113921949622567,0.957926675712042,-1.1640756677726773,12.100156419938624,True,1999.0,Flagship,Apple,457.0,4.0,No,Yes,1.0826487366753976
vivo,Vivo Y12G (3GB RAM + 64GB),11990,68.0,0,0,0,snapdragon,8.0,2.0,5000.0,0,0.0,3.0,64.0,6.51,60,3,1.0,android,13.0,8.0,1,720,1600,False,False,False,1,0,0,0,0,0,0,0,0,0,1,0,0,-0.6356761546758586,-1.4004829559936887,-0.9373798327986115,0.18849949586540202,-1.0999629160362887,-1.3097628753663697,-0.7220399067674711,-0.09545757106269527,-1.1189371495912235,-1.1338309465477452,9.39182824802156,False,133.0,Budget,Qualcomm,270.0,4.0,No,No,-1.5287747064377317
vivo,Vivo V23e,26990,82.0,0,0,0,helio,8.0,2.05,4050.0,1,44.0,8.0,128.0,6.44,60,3,1.0,android,64.0,50.0,0,1080,2400,False,False,False,1,0,0,0,0,0,0,1,0,0,0,0,0,-0.1339174362856385,0.47919272520756534,-0.8299481916748995,-0.7515089756801965,0.17043859006396564,0.5347057499317991,-0.11440194163184854,-0.30420375705808494,-1.1189371495912235,0.40864983592379833,10.20322170601205,False,300.0,Mid-range,MediaTek,409.0,4.0,No,No,0.41233683683887246
samsung,Samsung Galaxy F22 (6GB RAM + 128GB),13499,76.0,0,0,0,helio,8.0,2.0,6000.0,0,0.0,6.0,128.0,6.4,90,4,1.0,android,48.0,13.0,1,720,1600,False,False,False,1,0,0,0,0,0,0,1,0,0,0,0,0,-0.5851992276058025,-0.3263825667358292,-0.9373798327986115,1.1779820974923478,-1.0999629160362887,-0.2030817001874684,-0.11440194163184854,-0.4234872919125945,-0.0805052369395907,-0.07526570367511727,9.510370887608827,False,150.0,Budget,MediaTek,274.0,5.0,No,No,-1.4729153814513547
xiaomi,Xiaomi 12 Ultra 5G,75999,86.0,1,1,1,snapdragon,8.0,3.2,4800.0,1,67.0,12.0,256.0,6.73,120,3,1.0,android,50.0,20.0,0,1440,3200,True,False,False,1,0,0,0,0,0,0,0,0,0,1,0,0,1.5054620990201144,1.016242919836495,1.6409795541704866,-0.009397024459987136,0.8345121046163714,2.0102806501703343,1.1008739886393968,0.5606018706371084,0.957926675712042,-0.014776261225252826,11.238475461287166,False,844.0,Flagship,Qualcomm,521.0,4.0,No,Yes,1.9763979364574311
micromax,Micromax IN 2C,5999,60.0,0,0,0,unisoc,8.0,1.8,5000.0,0,0.0,3.0,32.0,6.52,60,1,1.0,android,8.0,5.0,1,720,1600,False,False,False,1,0,0,0,0,0,0,0,0,0,0,1,0,-0.8360785868009124,-2.474583345251548,-1.367106397293461,0.18849949586540202,-1.0999629160362887,-1.3097628753663697,-1.0258588893352825,-0.06563668734906855,-1.1189371495912235,-1.2850545526724062,8.699348067653093,False,67.0,Budget,Unisoc,269.0,2.0,No,No,-1.542739537684326
samsung,Samsung Galaxy A03s,8499,67.0,0,0,0,helio,8.0,2.3,5000.0,1,15.0,3.0,32.0,6.5,60,3,1.0,android,13.0,5.0,1,720,1600,False,False,False,1,0,0,0,0,0,0,1,0,0,0,0,0,-0.7524521337358758,-1.534745504650921,-0.2927899860563375,0.18849949586540202,-0.6668714935021112,-1.3097628753663697,-1.0258588893352825,-0.125278454776322,-1.1189371495912235,-1.1338309465477452,9.047703788498627,False,94.0,Budget,MediaTek,270.0,4.0,No,No,-1.5287747064377317
oppo,OPPO A54 (4GB RAM + 128GB),11990,71.0,0,0,0,helio,8.0,2.3,5000.0,1,44.0,4.0,128.0,6.51,60,3,1.0,android,13.0,16.0,1,1600,720,False,False,True,1,0,0,0,0,0,0,1,0,0,0,0,0,-0.6356761546758586,-0.9976953100219913,-0.2927899860563375,0.18849949586540202,0.17043859006396564,-0.9408691503067359,-0.11440194163184854,-0.09545757106269527,-1.1189371495912235,-1.1338309465477452,9.39182824802156,False,133.0,Budget,MediaTek,270.0,4.0,No,No,-1.5287747064377317
xiaomi,Xiaomi Redmi 20X,10990,77.0,1,0,1,dimensity,8.0,2.2,5000.0,1,18.0,4.0,128.0,6.43,90,4,1.0,android,48.0,13.0,1,1080,2340,False,False,False,1,0,0,0,1,0,0,0,0,0,0,0,0,-0.6691267359018732,-0.19212001807859677,-0.5076532683037616,0.18849949586540202,-0.5802532089952757,-0.9408691503067359,-0.11440194163184854,-0.33402464077171434,-0.0805052369395907,-0.07526570367511727,9.304741047397666,False,122.0,Budget,MediaTek,401.0,5.0,No,Yes,0.30061818686611824
xiaomi,Xiaomi Mi Mix Fold,109990,86.0,1,1,1,snapdragon,8.0,2.84,5020.0,1,67.0,12.0,256.0,8.01,90,3,1.0,android,108.0,20.0,0,1860,2480,True,False,False,1,0,0,0,0,0,0,0,0,0,1,0,0,2.642480805473579,1.016242919836495,0.8674717380797565,0.20828914789794092,0.8345121046163714,2.0102806501703343,1.1008739886393968,4.377674985981408,-0.0805052369395907,1.739417569820816,11.608144731551162,True,1222.0,Flagship,Qualcomm,387.0,4.0,Yes,Yes,0.10511054941379841
realme,Realme Narzo 30 5G,16999,80.0,1,1,0,dimensity,8.0,2.2,5000.0,1,18.0,6.0,128.0,6.5,90,3,1.0,android,48.0,16.0,1,1080,2400,False,False,False,1,0,0,0,1,0,0,0,0,0,0,0,0,-0.4681221933147511,0.2106676278931005,-0.5076532683037616,0.18849949586540202,-0.5802532089952757,-0.2030817001874684,-0.11440194163184854,-0.125278454776322,-0.0805052369395907,-0.07526570367511727,9.74090979777877,False,189.0,Mid-range,MediaTek,405.0,4.0,No,Yes,0.3564775118524954
oppo,OPPO A54,12199,70.0,0,0,0,helio,8.0,2.3,5000.0,1,44.0,4.0,64.0,6.51,60,3,1.0,android,13.0,16.0,1,1600,720,False,False,True,1,0,0,0,0,0,0,1,0,0,0,0,0,-0.6286849831996215,-1.1319578586792238,-0.2927899860563375,0.18849949586540202,0.17043859006396564,-0.9408691503067359,-0.7220399067674711,-0.09545757106269527,-1.1189371495912235,-1.1338309465477452,9.409109260148737,False,136.0,Budget,MediaTek,270.0,4.0,No,No,-1.5287747064377317
oppo,Oppo A15s (4GB RAM + 128GB),11490,72.0,0,0,0,helio,8.0,2.3,4230.0,0,0.0,4.0,128.0,6.52,60,3,1.0,android,13.0,8.0,1,720,1600,False,False,False,1,0,0,0,0,0,0,1,0,0,0,0,0,-0.6524014452888659,-0.8634327613647589,-0.2927899860563375,-0.5734021073873462,-1.0999629160362887,-0.9408691503067359,-0.11440194163184854,-0.06563668734906855,-1.1189371495912235,-1.1338309465477452,9.3492323708428,False,128.0,Budget,MediaTek,269.0,4.0,No,No,-1.542739537684326
itel,itel A56,5490,69.0,0,0,0,unknown,4.0,1.3,4000.0,0,0.0,1.0,16.0,6.0,60,2,1.0,android,8.0,5.0,1,720,1600,True,False,False,1,0,0,0,0,0,0,0,0,0,0,0,1,-0.8531049326449539,-1.2662204073364562,-2.441422808530585,-0.8009831057615437,-1.0999629160362887,-2.0475503254856373,-1.177768380619188,-1.6163226404576898,-1.1189371495912235,-1.2850545526724062,8.610683534503575,False,61.0,Budget,Unknown,292.0,3.0,No,No,-1.2215484190126578
xiaomi,Xiaomi Redmi 9 Power,11499,74.0,0,0,1,snapdragon,8.0,2.0,6000.0,1,18.0,4.0,64.0,6.53,60,4,1.0,android,48.0,8.0,1,1080,2340,False,False,False,1,0,0,0,0,0,0,0,0,0,1,0,0,-0.6521003900578318,-0.594907664050294,-0.9373798327986115,1.1779820974923478,-0.5802532089952757,-0.9408691503067359,-0.7220399067674711,-0.03581580363543918,-1.1189371495912235,-0.07526570367511727,9.350015354048665,False,128.0,Budget,Qualcomm,395.0,5.0,No,No,0.2168291993865526
samsung,Samsung Galaxy S21 Plus,59450,88.0,1,1,0,exynos,8.0,2.9,4800.0,1,25.0,8.0,128.0,6.7,120,3,1.0,android,64.0,10.0,0,1080,2400,False,False,False,1,0,0,0,0,1,0,0,0,0,0,0,0,0.9518884303107977,1.28476801715096,0.9963897074282115,-0.009397024459987136,-0.37814387847932607,0.5347057499317991,-0.11440194163184854,0.47113921949622567,0.957926675712042,0.40864983592379833,10.992890902118928,False,661.0,Premium,Samsung,393.0,4.0,No,Yes,0.18889953689336406
poco,POCO M2 Pro,12799,76.0,0,0,1,snapdragon,8.0,2.3,5000.0,1,33.0,4.0,64.0,6.67,60,4,1.0,android,48.0,16.0,1,1080,2400,False,False,False,1,0,0,0,0,0,0,0,0,0,1,0,0,-0.6086146344640126,-0.3263825667358292,-0.2927899860563375,0.18849949586540202,-0.14716178646109798,-0.9408691503067359,-0.7220399067674711,0.38167656835534286,-1.1189371495912235,-0.07526570367511727,9.457122321855792,False,142.0,Budget,Qualcomm,395.0,5.0,No,No,0.2168291993865526
samsung,Samsung Galaxy S20 Plus,83000,88.0,0,1,0,exynos,8.0,2.73,4500.0,1,25.0,8.0,128.0,6.7,120,4,1.0,android,64.0,10.0,1,1440,3200,False,False,False,1,0,0,0,0,1,0,0,0,0,0,0,0,1.739649618183443,1.28476801715096,0.6311221276075896,-0.30624180494807085,-0.37814387847932607,0.5347057499317991,-0.11440194163184854,0.47113921949622567,0.957926675712042,0.40864983592379833,11.326595886778735,False,922.0,Flagship,Samsung,524.0,5.0,No,No,2.018292430197214
realme,Realme 6 Pro,14490,80.0,0,0,0,snapdragon,8.0,2.3,4300.0,1,30.0,6.0,64.0,6.6,90,4,2.0,android,64.0,16.0,1,1080,2400,False,False,False,1,0,0,0,0,0,0,0,0,0,1,0,0,-0.5520497016108219,0.2106676278931005,-0.2927899860563375,-0.50413832527346,-0.23378007096793352,-0.2030817001874684,-0.7220399067674711,0.1729303823599505,-0.0805052369395907,0.40864983592379833,9.581214035314728,False,161.0,Budget,Qualcomm,399.0,6.0,No,No,0.27268852437292973
huawei,Huawei P40 Pro,82990,86.0,1,1,0,kirin,8.0,2.86,4200.0,1,40.0,8.0,256.0,6.58,90,4,2.0,android,50.0,32.0,1,1200,2640,True,False,False,1,0,0,0,0,0,0,0,1,0,0,0,0,1.739315112371183,1.016242919836495,0.9104443945292415,-0.6030865854361546,0.05494754405485159,0.5347057499317991,1.1008739886393968,0.11328861493269707,-0.0805052369395907,-0.014776261225252826,11.326475397592494,False,922.0,Flagship,Huawei,441.0,6.0,No,Yes,0.8592114367298892
vivo,Vivo Y11 (2019),9490,64.0,0,0,0,snapdragon,8.0,2.0,5000.0,0,0.0,3.0,32.0,6.35,60,2,1.0,android,13.0,8.0,1,720,1544,False,False,False,1,0,0,0,0,0,0,0,0,0,1,0,0,-0.7193026077408953,-1.9375331506226183,-0.9373798327986115,0.18849949586540202,-1.0999629160362887,-1.3097628753663697,-1.0258588893352825,-0.5725917104807334,-1.1189371495912235,-1.1338309465477452,9.157993891603974,False,105.0,Budget,Qualcomm,268.0,3.0,No,No,-1.5567043689309203
vivo,Vivo V15 Pro (8GB RAM +128GB),25000,78.0,0,0,0,snapdragon,8.0,2.0,3700.0,1,44.0,8.0,128.0,6.39,60,3,1.0,android,48.0,32.0,1,1080,2316,False,False,True,1,0,0,0,0,0,0,0,0,0,1,0,0,-0.2004840929254077,-0.05785746942136435,-0.9373798327986115,-1.0978278862496273,0.17043859006396564,0.5347057499317991,-0.11440194163184854,-0.4533081756262239,-1.1189371495912235,-0.07526570367511727,10.126631103850338,False,278.0,Mid-range,Qualcomm,400.0,4.0,No,No,0.286653355619524
vivo,Vivo Y95,15000,65.0,0,0,0,snapdragon,8.0,1.95,4030.0,0,0.0,4.0,64.0,6.22,60,2,1.0,android,13.0,20.0,1,1520,720,False,False,False,1,0,0,0,0,0,0,0,0,0,1,0,0,-0.5349899051855544,-1.803270601965386,-1.044811473922324,-0.7712986277127354,-1.0999629160362887,-0.9408691503067359,-0.7220399067674711,-0.9602631987578887,-1.1189371495912235,-1.1338309465477452,9.615805480084347,False,167.0,Mid-range,Qualcomm,270.0,3.0,No,No,-1.5287747064377317
vivo,Vivo V11i,20990,70.0,0,0,0,helio,8.0,2.0,3315.0,0,0.0,4.0,128.0,6.3,60,2,1.0,android,16.0,25.0,1,1080,2280,False,False,False,1,0,0,0,0,0,0,1,0,0,0,0,0,-0.3346209236417265,-1.1319578586792238,-0.9373798327986115,-1.4787786878760016,-1.0999629160362887,-0.9408691503067359,-0.11440194163184854,-0.7216961290488696,-1.1189371495912235,-1.0430967828729485,9.951801412814678,False,233.0,Mid-range,MediaTek,400.0,3.0,No,No,0.286653355619524
samsung,Samsung Galaxy S9 Plus (128GB),34999,78.0,0,1,0,exynos,8.0,2.8,3500.0,1,25.0,6.0,128.0,6.2,60,2,1.0,android,12.0,8.0,1,1440,2960,False,False,True,1,0,0,0,0,1,0,0,0,0,0,0,0,0.13398826875351297,-0.05785746942136435,0.7815264251807865,-1.2957244065750166,-0.37814387847932607,-0.2030817001874684,-0.11440194163184854,-1.0199049661851423,-1.1189371495912235,-1.1640756677726773,10.463074768634808,False,389.0,Premium,Samsung,531.0,3.0,No,No,2.116046248923374
realme,Realme GT Neo 4T,29999,80.0,1,0,0,snapdragon,8.0,3.0,5000.0,1,120.0,8.0,128.0,6.73,144,3,1.0,android,50.0,16.0,0,1080,2400,False,False,False,1,0,0,0,0,0,0,0,0,0,1,0,0,-0.03326463737656037,0.2106676278931005,1.2112529896756365,0.18849949586540202,2.364768464237132,0.5347057499317991,-0.11440194163184854,0.5606018706371084,1.7886722058333482,-0.014776261225252826,10.308919326755392,False,333.0,Mid-range,Qualcomm,391.0,4.0,No,Yes,0.16096987440017552
vivo,Vivo Y53t,11999,67.0,1,0,0,dimensity,8.0,2.0,6000.0,1,15.0,4.0,128.0,6.51,60,2,1.0,android,13.0,5.0,0,720,1600,False,False,False,1,0,0,0,1,0,0,0,0,0,0,0,0,-0.6353750994448244,-1.534745504650921,-0.9373798327986115,1.1779820974923478,-0.6668714935021112,-0.9408691503067359,-0.11440194163184854,-0.09545757106269527,-1.1189371495912235,-1.1338309465477452,9.392578591964389,False,133.0,Budget,MediaTek,270.0,3.0,No,Yes,-1.5287747064377317
samsung,Samsung Galaxy A04 (4GB RAM + 128GB),12999,72.0,0,0,0,helio,8.0,2.3,5000.0,1,25.0,4.0,128.0,6.5,60,2,1.0,android,50.0,5.0,1,720,1600,False,False,True,1,0,0,0,0,0,0,1,0,0,0,0,0,-0.6019245182188098,-0.8634327613647589,-0.2927899860563375,0.18849949586540202,-0.37814387847932607,-0.9408691503067359,-0.11440194163184854,-0.125278454776322,-1.1189371495912235,-0.014776261225252826,9.47262771040802,False,144.0,Budget,MediaTek,270.0,3.0,No,No,-1.5287747064377317
leitz,Leitz Phone 2,124990,89.0,1,1,0,snapdragon,8.0,3.0,5000.0,1,33.0,12.0,256.0,6.6,240,2,1.0,android,47.2,12.6,1,1260,2730,False,False,True,1,0,0,0,0,0,0,0,0,0,1,0,0,3.144239523863799,1.4190305658081923,1.2112529896756365,0.18849949586540202,-0.14716178646109798,2.0102806501703343,1.1008739886393968,0.1729303823599505,5.111654326318572,-0.09946148065506297,11.735989013084268,True,1389.0,Flagship,Qualcomm,456.0,3.0,No,Yes,1.0686839054288033
xiaomi,Xiaomi Redmi K60i,28999,85.0,1,0,1,dimensity,8.0,3.1,5080.0,1,120.0,8.0,128.0,6.67,120,3,1.0,android,50.0,32.0,0,1080,2460,False,False,False,1,0,0,0,1,0,0,0,0,0,0,0,0,-0.06671521860257504,0.8819803711792626,1.4261162719230616,0.2676581039955577,2.364768464237132,0.5347057499317991,-0.11440194163184854,0.38167656835534286,0.957926675712042,-0.014776261225252826,10.275016625615446,False,322.0,Mid-range,MediaTek,403.0,4.0,No,Yes,0.3285478493593068
infinix,Infinix Hot 20S,12999,77.0,0,0,0,helio,8.0,2.05,5000.0,1,18.0,8.0,128.0,6.78,60,2,1.0,android,50.0,8.0,1,1080,2460,False,False,False,1,0,0,0,0,0,0,1,0,0,0,0,0,-0.6019245182188098,-0.19212001807859677,-0.8299481916748995,0.18849949586540202,-0.5802532089952757,0.5347057499317991,-0.11440194163184854,0.7097062892052447,-1.1189371495912235,-0.014776261225252826,9.47262771040802,False,144.0,Budget,MediaTek,396.0,3.0,No,No,0.23079403063314688
realme,Realme GT Neo 3T (8GB RAM + 256GB),28499,82.0,1,0,0,snapdragon,8.0,3.2,5000.0,1,80.0,8.0,256.0,6.62,120,3,1.0,android,64.0,16.0,0,1080,2400,False,False,False,1,0,0,0,0,0,0,0,0,0,1,0,0,-0.08344050921558238,0.47919272520756534,1.6409795541704866,0.18849949586540202,1.2098580041459919,0.5347057499317991,1.1008739886393968,0.2325721497872066,0.957926675712042,0.40864983592379833,10.257624277921856,False,317.0,Mid-range,Qualcomm,398.0,4.0,No,Yes,0.2587236931263354
apple,Apple iPhone 14 Plus (512GB),104999,83.0,1,1,0,bionic,6.0,3.22,4325.0,1,18.0,6.0,512.0,6.7,60,2,1.0,ios,12.0,12.0,0,1284,2778,False,False,True,0,1,0,1,0,0,0,0,0,0,0,0,0,2.4755289545745396,0.6134552738647978,1.6839522106199716,-0.47940126023278634,-0.5802532089952757,-0.2030817001874684,3.5314258491818875,0.47113921949622567,-1.1189371495912235,-1.1640756677726773,11.561706105284784,False,1167.0,Flagship,Apple,457.0,3.0,No,Yes,1.0826487366753976
apple,Apple iPhone 14 Pro (1TB),172999,77.0,1,1,0,bionic,6.0,3.22,3200.0,1,18.0,6.0,1024.0,6.1,120,3,1.0,ios,48.0,12.0,0,1179,2556,False,True,True,0,1,0,1,0,0,0,0,0,0,0,0,0,4.750168477943538,-0.19212001807859677,1.6839522106199716,-1.5925691870631002,-0.5802532089952757,-0.2030817001874684,8.392529570266868,-1.3181138033214173,0.957926675712042,-0.07526570367511727,12.061041093116389,True,1922.0,Flagship,Apple,461.0,4.0,No,Yes,1.1385080616617747
xiaomi,Xiaomi Redmi 13 Prime 5G,17990,79.0,1,0,1,snapdragon,8.0,2.0,5100.0,1,18.0,6.0,128.0,6.73,120,2,1.0,android,64.0,16.0,1,1080,2408,False,False,False,1,0,0,0,0,0,0,0,0,0,1,0,0,-0.4349726673197705,0.07640507923586808,-0.9373798327986115,0.2874477560280966,-0.5802532089952757,-0.2030817001874684,-0.11440194163184854,0.5606018706371084,0.957926675712042,0.40864983592379833,9.79757132694458,False,200.0,Mid-range,Qualcomm,392.0,3.0,No,Yes,0.17493470564676977
xiaomi,Xiaomi Redmi 11 Prime (6GB RAM + 128GB),13774,76.0,0,0,1,helio,8.0,2.2,5000.0,1,18.0,6.0,128.0,6.58,90,3,1.0,android,50.0,8.0,1,1080,2400,False,False,False,1,0,0,0,0,0,0,1,0,0,0,0,0,-0.5760003177686484,-0.3263825667358292,-0.5076532683037616,0.18849949586540202,-0.5802532089952757,-0.2030817001874684,-0.11440194163184854,0.11328861493269707,-0.0805052369395907,-0.014776261225252826,9.530538036104643,False,153.0,Budget,MediaTek,400.0,4.0,No,No,0.286653355619524
nokia,Nokia C21 Plus (4GB RAM + 64GB),8999,64.0,0,0,0,unisoc,8.0,1.6,5050.0,0,0.0,4.0,64.0,6.52,60,2,1.0,android,13.0,5.0,1,720,1600,False,False,False,1,0,0,0,0,0,0,0,0,0,0,1,0,-0.7357268431228684,-1.9375331506226183,-1.7968329617883105,0.23797362594674928,-1.0999629160362887,-0.9408691503067359,-0.7220399067674711,-0.06563668734906855,-1.1189371495912235,-1.1338309465477452,9.104868739033948,False,100.0,Budget,Unisoc,269.0,3.0,No,No,-1.542739537684326
oneplus,OnePlus Nord N300,18990,75.0,1,1,0,dimensity,8.0,2.4,5000.0,1,33.0,4.0,64.0,6.56,90,2,1.0,android,48.0,16.0,1,720,1612,False,False,False,1,0,0,0,1,0,0,0,0,0,0,0,0,-0.4015220860937559,-0.46064511539306163,-0.07792670380891248,0.18849949586540202,-0.14716178646109798,-0.9408691503067359,-0.7220399067674711,0.053646847505440985,-0.0805052369395907,-0.07526570367511727,9.85166780380633,False,211.0,Mid-range,MediaTek,269.0,3.0,No,Yes,-1.542739537684326
tecno,Tecno Camon 19 Neo,14999,77.0,0,1,0,helio,8.0,2.0,5000.0,1,18.0,6.0,128.0,6.8,90,3,1.0,android,48.0,32.0,0,1080,2400,False,False,False,1,0,0,0,0,0,0,1,0,0,0,0,0,-0.5350233557667804,-0.19212001807859677,-0.9373798327986115,0.18849949586540202,-0.5802532089952757,-0.2030817001874684,-0.11440194163184854,0.7693480566324982,-0.0805052369395907,-0.07526570367511727,9.61573881119536,False,167.0,Budget,MediaTek,387.0,4.0,No,No,0.10511054941379841
realme,Realme Narzo 50i Prime,7999,61.0,0,0,0,unisoc,8.0,1.82,5000.0,1,10.0,3.0,32.0,6.5,60,1,1.0,android,8.0,5.0,1,720,1600,False,False,False,1,0,0,0,0,0,0,0,0,0,0,1,0,-0.7691774243488831,-2.3403207965943156,-1.324133740843976,0.18849949586540202,-0.8112353010135037,-1.3097628753663697,-1.0258588893352825,-0.125278454776322,-1.1189371495912235,-1.2850545526724062,8.987071812848821,False,89.0,Budget,Unisoc,270.0,2.0,No,No,-1.5287747064377317
xiaomi,Xiaomi Redmi K50 Ultra 5G,39999,85.0,1,1,1,snapdragon,8.0,3.2,5000.0,1,120.0,8.0,128.0,6.67,144,3,1.0,android,108.0,20.0,0,1220,2712,False,False,False,1,0,0,0,0,0,0,0,0,0,1,0,0,0.3012411748835863,0.8819803711792626,1.6409795541704866,0.18849949586540202,2.364768464237132,0.5347057499317991,-0.11440194163184854,0.38167656835534286,1.7886722058333482,1.739417569820816,10.596609732783568,False,444.0,Premium,Qualcomm,446.0,4.0,No,Yes,0.9290355929628606
oppo,OPPO A57 4G,11990,67.0,0,0,0,helio,8.0,2.3,5000.0,1,33.0,3.0,64.0,6.56,60,2,1.0,android,13.0,8.0,1,720,1612,False,False,False,1,0,0,0,0,0,0,1,0,0,0,0,0,-0.6356761546758586,-1.534745504650921,-0.2927899860563375,0.18849949586540202,-0.14716178646109798,-1.3097628753663697,-0.7220399067674711,0.053646847505440985,-1.1189371495912235,-1.1338309465477452,9.39182824802156,False,133.0,Budget,MediaTek,269.0,3.0,No,No,-1.542739537684326
infinix,Infinix Note 12 (6GB RAM + 128GB),12999,77.0,0,0,0,helio,8.0,2.0,5000.0,1,33.0,6.0,128.0,6.7,60,3,1.0,android,50.0,16.0,1,2400,1080,False,False,False,1,0,0,0,0,0,0,1,0,0,0,0,0,-0.6019245182188098,-0.19212001807859677,-0.9373798327986115,0.18849949586540202,-0.14716178646109798,-0.2030817001874684,-0.11440194163184854,0.47113921949622567,-1.1189371495912235,-0.014776261225252826,9.47262771040802,False,144.0,Budget,MediaTek,393.0,4.0,No,No,0.18889953689336406
samsung,Samsung Galaxy S23 FE 5G,54999,77.0,1,1,0,unknown,8.0,2.3,4500.0,1,25.0,8.0,128.0,6.5,60,4,1.0,android,64.0,32.0,0,1080,2400,False,True,True,1,0,0,0,0,0,0,0,0,0,0,0,1,0.8029998932738064,-0.19212001807859677,-0.2927899860563375,-0.30624180494807085,-0.37814387847932607,0.5347057499317991,-0.11440194163184854,-0.125278454776322,-1.1189371495912235,0.40864983592379833,10.915070282231135,False,611.0,Premium,Unknown,405.0,5.0,No,Yes,0.3564775118524954
samsung,Samsung Galaxy M51s 5G,24990,72.0,1,0,0,unknown,8.0,2.3,6000.0,1,25.0,6.0,128.0,6.7,60,3,1.0,android,64.0,32.0,1,1080,2400,False,True,True,1,0,0,0,0,0,0,0,0,0,0,0,1,-0.20081859873766786,-0.8634327613647589,-0.2927899860563375,1.1779820974923478,-0.37814387847932607,-0.2030817001874684,-0.11440194163184854,0.47113921949622567,-1.1189371495912235,0.40864983592379833,10.126231023828998,False,278.0,Mid-range,Unknown,393.0,4.0,No,Yes,0.18889953689336406
vivo,Vivo X80 5G (12GB RAM + 256GB),59999,88.0,1,0,0,dimensity,8.0,3.05,4500.0,1,80.0,12.0,256.0,6.78,120,3,1.0,android,50.0,32.0,0,1080,2400,False,False,False,1,0,0,0,1,0,0,0,0,0,0,0,0,0.9702527994038798,1.28476801715096,1.3186846307993485,-0.30624180494807085,1.2098580041459919,2.0102806501703343,1.1008739886393968,0.7097062892052447,0.957926675712042,-0.014776261225252826,11.002083174398681,False,667.0,Premium,MediaTek,388.0,4.0,No,Yes,0.11907538066039268
poco,Poco X6 Pro 5G,19999,72.0,1,0,0,snapdragon,8.0,2.4,5000.0,1,33.0,6.0,128.0,6.67,120,4,1.0,android,64.0,32.0,1,1080,2400,False,True,True,1,0,0,0,0,0,0,0,0,0,1,0,0,-0.3677704496367071,-0.8634327613647589,-0.07792670380891248,0.18849949586540202,-0.14716178646109798,-0.2030817001874684,-0.11440194163184854,0.38167656835534286,0.957926675712042,0.40864983592379833,9.903437551286085,False,222.0,Mid-range,Qualcomm,395.0,5.0,No,Yes,0.2168291993865526
infinix,Infinix Note 12 (G96),16999,79.0,0,0,0,helio,8.0,2.05,5000.0,1,33.0,8.0,128.0,6.7,60,3,1.0,android,50.0,16.0,1,1080,2400,False,False,False,1,0,0,0,0,0,0,1,0,0,0,0,0,-0.4681221933147511,0.07640507923586808,-0.8299481916748995,0.18849949586540202,-0.14716178646109798,0.5347057499317991,-0.11440194163184854,0.47113921949622567,-1.1189371495912235,-0.014776261225252826,9.74090979777877,False,189.0,Mid-range,MediaTek,393.0,4.0,No,No,0.18889953689336406
samsung,Samsung Galaxy M14,14999,60.0,0,0,0,exynos,8.0,2.4,6000.0,0,0.0,4.0,64.0,6.5,60,3,1.0,android,48.0,8.0,1,720,1600,False,True,False,1,0,0,0,0,1,0,0,0,0,0,0,0,-0.5350233557667804,-2.474583345251548,-0.07792670380891248,1.1779820974923478,-1.0999629160362887,-0.9408691503067359,-0.7220399067674711,-0.125278454776322,-1.1189371495912235,-0.07526570367511727,9.61573881119536,False,167.0,Budget,Samsung,270.0,4.0,No,No,-1.5287747064377317
vivo,Vivo T2 Pro 5G,29990,76.0,1,0,0,snapdragon,8.0,2.4,4500.0,1,67.0,8.0,128.0,6.44,90,3,1.0,android,50.0,16.0,1,1080,2408,False,True,False,1,0,0,0,0,0,0,0,0,0,1,0,0,-0.033565692607594504,-0.3263825667358292,-0.07792670380891248,-0.30624180494807085,0.8345121046163714,0.5347057499317991,-0.11440194163184854,-0.30420375705808494,-0.0805052369395907,-0.014776261225252826,10.308619271743055,False,333.0,Mid-range,Qualcomm,410.0,4.0,No,Yes,0.4263016680854667
xiaomi,Xiaomi Redmi Note 11 Pro 4G,17999,81.0,0,0,1,helio,8.0,2.05,5000.0,1,67.0,6.0,128.0,6.67,120,4,1.0,android,108.0,16.0,1,1080,2400,False,False,False,1,0,0,0,0,0,0,1,0,0,0,0,0,-0.4346716120887364,0.3449301765503329,-0.8299481916748995,0.18849949586540202,0.8345121046163714,-0.2030817001874684,-0.11440194163184854,0.38167656835534286,0.957926675712042,1.739417569820816,9.798071479779479,False,200.0,Mid-range,MediaTek,395.0,5.0,No,No,0.2168291993865526
realme,Realme Narzo 50A Prime,11399,73.0,0,0,0,unisoc,8.0,1.82,5000.0,1,18.0,4.0,64.0,6.6,60,3,1.0,android,50.0,8.0,1,1080,2408,False,False,False,1,0,0,0,0,0,0,0,0,0,0,1,0,-0.6554454481804333,-0.7291702127075265,-1.324133740843976,0.18849949586540202,-0.5802532089952757,-0.9408691503067359,-0.7220399067674711,0.1729303823599505,-1.1189371495912235,-0.014776261225252826,9.341280911236778,False,127.0,Budget,Unisoc,400.0,4.0,No,No,0.286653355619524
vivo,Vivo Y55s 5G,19990,79.0,1,0,0,dimensity,8.0,2.2,6000.0,1,18.0,8.0,128.0,6.58,60,2,1.0,android,50.0,8.0,0,1080,2408,False,False,False,1,0,0,0,1,0,0,0,0,0,0,0,0,-0.3680715048677412,0.07640507923586808,-0.5076532683037616,1.1779820974923478,-0.5802532089952757,0.5347057499317991,-0.11440194163184854,0.11328861493269707,-1.1189371495912235,-0.014776261225252826,9.902987427494446,False,222.0,Mid-range,MediaTek,401.0,3.0,No,Yes,0.30061818686611824
vivo,Vivo Y21T,15499,74.0,0,0,0,snapdragon,8.0,2.4,5000.0,1,18.0,4.0,128.0,6.51,90,3,1.0,android,50.0,8.0,1,1600,720,False,False,False,1,0,0,0,0,0,0,0,0,0,1,0,0,-0.5182980651537731,-0.594907664050294,-0.07792670380891248,0.18849949586540202,-0.5802532089952757,-0.9408691503067359,-0.11440194163184854,-0.09545757106269527,-0.0805052369395907,-0.014776261225252826,9.648530784697051,False,172.0,Mid-range,Qualcomm,270.0,4.0,No,No,-1.5287747064377317
gionee,Gionee K10,6999,69.0,0,0,0,unisoc,4.0,2.0,4800.0,0,0.0,3.0,32.0,6.8,60,1,1.0,android,13.0,5.0,1,720,1600,True,False,False,1,0,0,0,0,0,0,0,0,0,0,1,0,-0.8026280055748978,-1.2662204073364562,-0.9373798327986115,-0.009397024459987136,-1.0999629160362887,-1.3097628753663697,-1.0258588893352825,0.7693480566324982,-1.1189371495912235,-1.1338309465477452,8.85352256068954,False,78.0,Budget,Unisoc,258.0,2.0,No,No,-1.696352681396863
xiaomi,Xiaomi Redmi Note 10 Lite (4GB RAM + 128GB),12499,77.0,0,0,1,snapdragon,8.0,2.3,5020.0,1,18.0,4.0,128.0,6.67,60,4,1.0,android,48.0,16.0,1,1080,2400,False,False,False,1,0,0,0,0,0,0,0,0,0,1,0,0,-0.6186498088318171,-0.19212001807859677,-0.2927899860563375,0.20828914789794092,-0.5802532089952757,-0.9408691503067359,-0.11440194163184854,0.38167656835534286,-1.1189371495912235,-0.07526570367511727,9.433403920090221,False,139.0,Budget,Qualcomm,395.0,5.0,No,No,0.2168291993865526
apple,Apple iPhone 13 (512GB),91999,80.0,1,1,0,bionic,6.0,3.22,3240.0,1,18.0,4.0,512.0,6.1,60,2,1.0,ios,12.0,12.0,0,1170,2532,False,False,True,0,1,0,1,0,0,0,0,0,0,0,0,0,2.0406713986363494,0.2106676278931005,1.6839522106199716,-1.5529898829980224,-0.5802532089952757,-0.9408691503067359,3.5314258491818875,-1.3181138033214173,-1.1189371495912235,-1.1640756677726773,11.429532986406885,False,1022.0,Flagship,Apple,457.0,3.0,No,Yes,1.0826487366753976
infinix,Infinix Hot 11S,9690,71.0,0,0,0,helio,8.0,2.0,5000.0,0,0.0,4.0,64.0,6.78,90,3,1.0,android,50.0,8.0,1,1080,2480,False,False,False,1,0,0,0,0,0,0,1,0,0,0,0,0,-0.7126124914956923,-0.9976953100219913,-0.9373798327986115,0.18849949586540202,-1.0999629160362887,-0.9408691503067359,-0.7220399067674711,0.7097062892052447,-0.0805052369395907,-0.014776261225252826,9.178849704884811,False,108.0,Budget,MediaTek,399.0,4.0,No,No,0.27268852437292973
realme,Realme GT Explorer Master Edition,32990,85.0,1,1,0,snapdragon,8.0,3.2,4500.0,1,65.0,8.0,128.0,6.55,120,3,1.0,android,50.0,32.0,0,1080,2400,False,False,False,1,0,0,0,0,0,0,0,0,0,1,0,0,0.0667860510704495,0.8819803711792626,1.6409795541704866,-0.30624180494807085,0.7767665816118143,0.5347057499317991,-0.11440194163184854,0.023825963791814262,0.957926675712042,-0.014776261225252826,10.403959764222627,False,367.0,Premium,Qualcomm,402.0,4.0,No,Yes,0.31458301811271255
xiaomi,Xiaomi Mi 12 5G,42990,87.0,1,1,1,snapdragon,8.0,3.0,4500.0,1,67.0,8.0,128.0,6.28,120,3,1.0,android,50.0,32.0,0,1080,2400,False,False,False,1,0,0,0,0,0,0,0,0,0,1,0,0,0.4012918633305962,1.1505054684937275,1.2112529896756365,-0.30624180494807085,0.8345121046163714,0.5347057499317991,-0.11440194163184854,-0.7813378964761231,0.957926675712042,-0.014776261225252826,10.668722809490328,False,478.0,Premium,Qualcomm,419.0,4.0,No,Yes,0.5519851493048152
cat,CAT S22 Flip,14999,79.0,0,0,0,snapdragon,4.0,1.3,2000.0,0,0.0,2.0,16.0,4.0,60,1,1.0,android,5.0,2.0,0,480,640,True,False,False,1,0,0,0,0,0,0,0,0,0,1,0,0,-0.5350233557667804,0.07640507923586808,-2.441422808530585,-2.779948309015435,-1.0999629160362887,-1.6786566004260035,-1.177768380619188,-7.580499383183161,-1.1189371495912235,-1.375788716347203,9.61573881119536,True,167.0,Budget,Qualcomm,200.0,2.0,Yes,No,-2.506312893699331
xiaomi,Xiaomi Mi 11 Lite (8GB RAM + 128GB),18699,82.0,0,0,1,snapdragon,8.0,2.3,4250.0,1,33.0,8.0,128.0,6.55,90,3,1.0,android,64.0,16.0,1,1080,2400,False,False,False,1,0,0,0,0,0,0,0,0,0,1,0,0,-0.41125620523052614,0.47919272520756534,-0.2927899860563375,-0.5536124553548073,-0.14716178646109798,0.5347057499317991,-0.11440194163184854,0.023825963791814262,-0.0805052369395907,0.40864983592379833,9.83622532547696,False,208.0,Mid-range,Qualcomm,402.0,4.0,No,No,0.31458301811271255
realme,Realme Q3i 5G,10990,76.0,1,0,0,dimensity,8.0,2.2,5000.0,1,18.0,4.0,128.0,6.5,60,3,1.0,android,48.0,16.0,1,1080,2400,False,False,False,1,0,0,0,1,0,0,0,0,0,0,0,0,-0.6691267359018732,-0.3263825667358292,-0.5076532683037616,0.18849949586540202,-0.5802532089952757,-0.9408691503067359,-0.11440194163184854,-0.125278454776322,-1.1189371495912235,-0.07526570367511727,9.304741047397666,False,122.0,Budget,MediaTek,405.0,4.0,No,Yes,0.3564775118524954
xiaomi,Xiaomi Mi 11X Pro,30990,85.0,1,0,1,snapdragon,8.0,2.84,4520.0,1,33.0,8.0,128.0,6.67,120,3,1.0,android,108.0,20.0,0,1080,2400,False,False,False,1,0,0,0,0,0,0,0,0,0,1,0,0,-0.00011511138157983544,0.8819803711792626,0.8674717380797565,-0.28645215291553194,-0.14716178646109798,0.5347057499317991,-0.11440194163184854,0.38167656835534286,0.957926675712042,1.739417569820816,10.341419850781794,False,344.0,Premium,Qualcomm,395.0,4.0,No,Yes,0.2168291993865526
lenovo,Lenovo Legion Pro 2,59999,89.0,1,1,0,snapdragon,8.0,2.84,5000.0,1,120.0,16.0,512.0,6.5,144,2,1.0,android,64.0,20.0,0,1080,2400,False,False,False,1,0,0,0,0,0,0,0,0,0,1,0,0,0.9702527994038798,1.4190305658081923,0.8674717380797565,0.18849949586540202,2.364768464237132,3.485855550408869,3.5314258491818875,-0.125278454776322,1.7886722058333482,0.40864983592379833,11.002083174398681,False,667.0,Premium,Qualcomm,405.0,3.0,No,Yes,0.3564775118524954
samsung,Samsung Galaxy M62,23999,83.0,0,1,0,exynos,8.0,2.73,7000.0,1,25.0,6.0,128.0,6.71,60,4,1.0,android,64.0,32.0,1,1080,2400,False,False,True,1,0,0,0,0,1,0,0,0,0,0,0,0,-0.23396812473264839,0.6134552738647978,0.6311221276075896,2.1674646991192934,-0.37814387847932607,-0.2030817001874684,-0.11440194163184854,0.5009601032098524,-1.1189371495912235,0.40864983592379833,10.085767441795337,False,267.0,Mid-range,Samsung,392.0,5.0,No,No,0.17493470564676977
realme,Realme Q2i,9999,69.0,1,0,0,dimensity,8.0,2.0,5000.0,1,18.0,4.0,128.0,6.5,60,3,1.0,android,13.0,8.0,0,720,1600,False,False,False,1,0,0,0,1,0,0,0,0,0,0,0,0,-0.7022762618968538,-1.2662204073364562,-0.9373798327986115,0.18849949586540202,-0.5802532089952757,-0.9408691503067359,-0.11440194163184854,-0.125278454776322,-1.1189371495912235,-1.1338309465477452,9.21024036697585,False,111.0,Budget,MediaTek,270.0,4.0,No,Yes,-1.5287747064377317
apple,Apple iPhone 12 Pro (256GB),119900,80.0,1,1,0,bionic,6.0,3.1,3279.0,0,0.0,6.0,256.0,6.1,60,3,1.0,ios,12.0,12.0,0,1170,2532,False,False,False,0,1,0,1,0,0,0,0,0,0,0,0,0,2.9739760654233844,0.2106676278931005,1.4261162719230616,-1.5144000615345716,-1.0999629160362887,-0.2030817001874684,1.1008739886393968,-1.3181138033214173,-1.1189371495912235,-1.1640756677726773,11.694413341015606,False,1332.0,Flagship,Apple,457.0,4.0,No,Yes,1.0826487366753976
xiaomi,Xiaomi Redmi 9i (4GB RAM + 128GB),9299,67.0,0,0,0,helio,8.0,2.0,5000.0,1,10.0,4.0,128.0,6.53,60,1,1.0,android,13.0,5.0,1,720,1600,False,False,False,1,0,0,0,0,0,0,1,0,0,0,0,0,-0.7256916687550641,-1.534745504650921,-0.9373798327986115,0.18849949586540202,-0.8112353010135037,-0.9408691503067359,-0.11440194163184854,-0.03581580363543918,-1.1189371495912235,-1.1338309465477452,9.137662146478197,False,103.0,Budget,MediaTek,269.0,2.0,No,No,-1.542739537684326
realme,Realme 6 (6GB RAM + 64GB),12989,77.0,0,0,0,helio,8.0,2.05,4300.0,1,30.0,6.0,64.0,6.5,90,4,1.0,android,64.0,16.0,1,1080,2400,False,False,False,1,0,0,0,0,0,0,1,0,0,0,0,0,-0.6022590240310699,-0.19212001807859677,-0.8299481916748995,-0.50413832527346,-0.23378007096793352,-0.2030817001874684,-0.7220399067674711,-0.125278454776322,-0.0805052369395907,0.40864983592379833,9.471858124407284,False,144.0,Budget,MediaTek,405.0,5.0,No,No,0.3564775118524954
samsung,Samsung Galaxy A01 Core,4999,69.0,0,0,0,mediatek,4.0,1.5,3000.0,0,0.0,1.0,16.0,5.3,60,1,1.0,android,8.0,5.0,1,720,1480,True,False,False,1,0,0,0,0,0,0,0,0,1,0,0,0,-0.8695291680269271,-1.2662204073364562,-2.0116962440357353,-1.7904657073884895,-1.0999629160362887,-2.0475503254856373,-1.177768380619188,-3.7037845004116052,-1.1189371495912235,-1.2850545526724062,8.51699317141357,True,56.0,Budget,MediaTek,311.0,2.0,No,No,-0.9562166253273664
oppo,Oppo Reno 5,29990,83.0,1,0,0,snapdragon,8.0,2.4,4300.0,1,65.0,8.0,128.0,6.43,60,4,1.0,android,64.0,32.0,0,1080,2400,False,False,False,1,0,0,0,0,0,0,0,0,0,1,0,0,-0.033565692607594504,0.6134552738647978,-0.07792670380891248,-0.50413832527346,0.7767665816118143,0.5347057499317991,-0.11440194163184854,-0.33402464077171434,-1.1189371495912235,0.40864983592379833,10.308619271743055,False,333.0,Mid-range,Qualcomm,409.0,5.0,No,Yes,0.41233683683887246
oppo,Oppo A31 2020 (6GB RAM + 128GB),12490,72.0,0,0,0,helio,8.0,2.3,4230.0,0,0.0,6.0,128.0,6.5,60,3,1.0,android,12.0,8.0,1,720,1600,False,False,False,1,0,0,0,0,0,0,1,0,0,0,0,0,-0.6189508640628513,-0.8634327613647589,-0.2927899860563375,-0.5734021073873462,-1.0999629160362887,-0.2030817001874684,-0.11440194163184854,-0.125278454776322,-1.1189371495912235,-1.1640756677726773,9.432683603119623,False,139.0,Budget,MediaTek,270.0,4.0,No,No,-1.5287747064377317
sony,Sony Xperia 10 II,27999,75.0,0,1,0,snapdragon,8.0,2.0,3600.0,1,18.0,4.0,128.0,6.0,90,3,1.0,android,12.0,8.0,1,1080,2520,False,False,False,1,0,0,0,0,0,0,0,0,0,1,0,0,-0.10016579982858971,-0.46064511539306163,-0.9373798327986115,-1.196776146412322,-0.5802532089952757,-0.9408691503067359,-0.11440194163184854,-1.6163226404576898,-0.0805052369395907,-1.1640756677726773,10.239924074233857,False,311.0,Mid-range,Qualcomm,457.0,4.0,No,No,1.0826487366753976
vivo,Vivo Y91c,8199,69.0,0,0,0,helio,8.0,2.0,4030.0,0,0.0,2.0,32.0,6.22,60,1,1.0,android,13.0,5.0,1,720,1520,True,False,False,1,0,0,0,0,0,0,1,0,0,0,0,0,-0.7624873081036802,-1.2662204073364562,-0.9373798327986115,-0.7712986277127354,-1.0999629160362887,-1.6786566004260035,-1.0258588893352825,-0.9602631987578887,-1.1189371495912235,-1.1338309465477452,9.011767474596178,False,91.0,Budget,MediaTek,270.0,2.0,No,No,-1.5287747064377317
huawei,Huawei Nova 7i,21990,81.0,0,0,0,kirin,8.0,2.2,4200.0,1,40.0,8.0,128.0,6.4,60,4,1.0,android,48.0,16.0,1,1080,2340,False,False,False,1,0,0,0,0,0,0,0,1,0,0,0,0,-0.3011703424157119,0.3449301765503329,-0.5076532683037616,-0.6030865854361546,0.05494754405485159,0.5347057499317991,-0.11440194163184854,-0.4234872919125945,-1.1189371495912235,-0.07526570367511727,9.998343083548807,False,244.0,Mid-range,Huawei,403.0,5.0,No,No,0.3285478493593068
vivo,Vivo Y19,20000,73.0,0,0,0,helio,8.0,2.0,5000.0,1,18.0,4.0,128.0,6.53,60,3,1.0,android,16.0,16.0,1,1080,2340,False,False,False,1,0,0,0,0,0,0,1,0,0,0,0,0,-0.3677369990554811,-0.7291702127075265,-0.9373798327986115,0.18849949586540202,-0.5802532089952757,-0.9408691503067359,-0.11440194163184854,-0.03581580363543918,-1.1189371495912235,-1.0430967828729485,9.903487552536127,False,222.0,Mid-range,MediaTek,395.0,4.0,No,No,0.2168291993865526
vivo,Vivo U3 (6GB RAM + 64GB),11990,74.0,0,0,0,snapdragon,8.0,2.0,5000.0,1,18.0,6.0,64.0,6.53,60,3,1.0,android,16.0,16.0,1,1080,2340,False,False,False,1,0,0,0,0,0,0,0,0,0,1,0,0,-0.6356761546758586,-0.594907664050294,-0.9373798327986115,0.18849949586540202,-0.5802532089952757,-0.2030817001874684,-0.7220399067674711,-0.03581580363543918,-1.1189371495912235,-1.0430967828729485,9.39182824802156,False,133.0,Budget,Qualcomm,395.0,4.0,No,No,0.2168291993865526
xiaomi,Xiaomi Redmi Note 9,11989,75.0,0,0,1,helio,8.0,2.0,5020.0,1,22.0,4.0,64.0,6.53,60,4,1.0,android,48.0,13.0,1,1080,2340,False,False,False,1,0,0,0,0,0,0,1,0,0,0,0,0,-0.6357096052570845,-0.46064511539306163,-0.9373798327986115,0.20828914789794092,-0.4647621629861616,-0.9408691503067359,-0.7220399067674711,-0.03581580363543918,-1.1189371495912235,-0.07526570367511727,9.391744841707654,False,133.0,Budget,MediaTek,395.0,5.0,No,No,0.2168291993865526
xiaomi,Xiaomi Redmi 8 (4GB RAM + 64GB),11490,66.0,0,0,1,snapdragon,8.0,2.0,5000.0,1,18.0,4.0,64.0,6.22,60,2,1.0,android,12.0,8.0,1,720,1520,False,False,False,1,0,0,0,0,0,0,0,0,0,1,0,0,-0.6524014452888659,-1.6690080533081535,-0.9373798327986115,0.18849949586540202,-0.5802532089952757,-0.9408691503067359,-0.7220399067674711,-0.9602631987578887,-1.1189371495912235,-1.1640756677726773,9.3492323708428,False,128.0,Budget,Qualcomm,270.0,3.0,No,No,-1.5287747064377317
motorola,Motorola One Macro,11490,68.0,0,0,0,helio,8.0,2.0,4000.0,1,10.0,4.0,64.0,6.2,60,3,1.0,android,13.0,8.0,1,720,1520,False,False,False,1,0,0,0,0,0,0,1,0,0,0,0,0,-0.6524014452888659,-1.4004829559936887,-0.9373798327986115,-0.8009831057615437,-0.8112353010135037,-0.9408691503067359,-0.7220399067674711,-1.0199049661851423,-1.1189371495912235,-1.1338309465477452,9.3492323708428,False,128.0,Budget,MediaTek,271.0,4.0,No,No,-1.5148098751911374
google,Google Pixel 3a XL,15999,67.0,0,1,0,snapdragon,8.0,2.0,3700.0,1,18.0,4.0,64.0,6.0,60,1,1.0,android,12.2,8.0,0,1080,2160,False,False,False,1,0,0,0,0,0,0,0,0,0,1,0,0,-0.5015727745407658,-1.534745504650921,-0.9373798327986115,-1.0978278862496273,-0.5802532089952757,-0.9408691503067359,-0.7220399067674711,-1.6163226404576898,-1.1189371495912235,-1.158026723527691,9.680281499268713,False,178.0,Mid-range,Qualcomm,402.0,2.0,No,No,0.31458301811271255
samsung,Samsung Galaxy A40,17990,69.0,0,0,0,exynos,8.0,2.2,3100.0,1,15.0,4.0,64.0,5.9,60,2,1.0,android,16.0,25.0,1,1080,2340,False,False,False,1,0,0,0,0,1,0,0,0,0,0,0,0,-0.4349726673197705,-1.2662204073364562,-0.5076532683037616,-1.6915174472257948,-0.6668714935021112,-0.9408691503067359,-0.7220399067674711,-1.9145314775939624,-1.1189371495912235,-1.0430967828729485,9.79757132694458,False,200.0,Mid-range,Samsung,437.0,3.0,No,No,0.8033521117435122
samsung,Samsung Galaxy S10 5G,78990,86.0,1,1,0,exynos,8.0,2.7,4500.0,1,25.0,8.0,256.0,6.7,60,3,1.0,android,16.0,10.0,1,1440,3040,False,False,False,1,0,0,0,0,1,0,0,0,0,0,0,0,1.6055127874671242,1.016242919836495,0.5666631429333625,-0.30624180494807085,-0.37814387847932607,0.5347057499317991,1.1008739886393968,0.47113921949622567,-1.1189371495912235,-1.0430967828729485,11.277076541158465,False,878.0,Flagship,Samsung,502.0,4.0,No,Yes,1.7110661427721399
huawei,Huawei Honor 9N,10949,66.0,0,0,0,kirin,8.0,2.36,3000.0,0,0.0,4.0,64.0,5.84,60,2,1.0,android,13.0,16.0,1,1080,2280,False,False,False,1,0,0,0,0,0,0,0,1,0,0,0,0,-0.6704982097321398,-1.6690080533081535,-0.16387201670788248,-1.7904657073884895,-1.0999629160362887,-0.9408691503067359,-0.7220399067674711,-2.0934567798757278,-1.1189371495912235,-1.1338309465477452,9.301003406873425,False,122.0,Budget,Huawei,432.0,3.0,No,No,0.7335279555105407
xiaomi,Xiaomi Redmi Note 4,10300,65.0,0,0,0,snapdragon,8.0,2.0,4100.0,0,0.0,4.0,64.0,5.5,60,1,1.0,android,13.0,5.0,1,1080,1920,False,False,False,1,0,0,0,0,0,0,0,0,0,1,0,0,-0.6922076369478234,-1.803270601965386,-0.9373798327986115,-0.7020348455988491,-1.0999629160362887,-0.9408691503067359,-0.7220399067674711,-3.1073668261390575,-1.1189371495912235,-1.1338309465477452,9.239899174217728,True,114.0,Budget,Qualcomm,401.0,2.0,No,No,0.30061818686611824
doogee,Doogee V Max,45999,88.0,1,0,0,dimensity,8.0,2.6,22000.0,1,33.0,12.0,256.0,6.58,120,3,1.0,android,108.0,32.0,1,1080,2408,False,False,False,1,0,0,0,1,0,0,0,0,0,0,0,0,0.5019446622396744,1.28476801715096,0.3517998606859375,17.009703723523476,-0.14716178646109798,2.0102806501703343,1.1008739886393968,0.11328861493269707,0.957926675712042,1.739417569820816,10.736374936104498,True,511.0,Premium,MediaTek,401.0,4.0,No,Yes,0.30061818686611824
huawei,Huawei Nova Y61,21990,63.0,0,0,0,unknown,8.0,2.3,5000.0,1,22.0,4.0,64.0,6.52,60,3,1.0,other,50.0,5.0,1,720,1600,False,True,False,0,0,1,0,0,0,0,0,0,0,0,0,1,-0.3011703424157119,-2.0717956992798507,-0.2927899860563375,0.18849949586540202,-0.4647621629861616,-0.9408691503067359,-0.7220399067674711,-0.06563668734906855,-1.1189371495912235,-0.014776261225252826,9.998343083548807,False,244.0,Mid-range,Unknown,269.0,4.0,No,No,-1.542739537684326
iqoo,iQOO Z9,19990,76.0,1,0,0,snapdragon,8.0,2.4,5000.0,1,45.0,8.0,128.0,6.67,120,3,1.0,android,64.0,16.0,1,1080,2412,False,True,False,1,0,0,0,0,0,0,0,0,0,1,0,0,-0.3680715048677412,-0.3263825667358292,-0.07792670380891248,0.18849949586540202,0.19931135156624413,0.5347057499317991,-0.11440194163184854,0.38167656835534286,0.957926675712042,0.40864983592379833,9.902987427494446,False,222.0,Mid-range,Qualcomm,396.0,4.0,No,Yes,0.23079403063314688
vivo,Vivo V29,32990,84.0,1,0,0,snapdragon,8.0,2.4,5000.0,1,80.0,8.0,256.0,6.67,120,3,1.0,android,64.0,32.0,1,1080,2400,False,False,False,1,0,0,0,0,0,0,0,0,0,1,0,0,0.0667860510704495,0.7477178225220302,-0.07792670380891248,0.18849949586540202,1.2098580041459919,0.5347057499317991,1.1008739886393968,0.38167656835534286,0.957926675712042,0.40864983592379833,10.403959764222627,False,367.0,Premium,Qualcomm,395.0,4.0,No,Yes,0.2168291993865526
poco,Poco M5 (6GB RAM + 128GB),14499,77.0,0,0,1,helio,8.0,2.2,5000.0,1,18.0,6.0,128.0,6.58,90,3,1.0,android,50.0,8.0,1,1080,2400,False,False,False,1,0,0,0,0,0,0,1,0,0,0,0,0,-0.5517486463797877,-0.19212001807859677,-0.5076532683037616,0.18849949586540202,-0.5802532089952757,-0.2030817001874684,-0.11440194163184854,0.11328861493269707,-0.0805052369395907,-0.014776261225252826,9.581834960513193,False,161.0,Budget,MediaTek,400.0,4.0,No,No,0.286653355619524
nokia,Nokia X30,41990,85.0,1,1,0,snapdragon,8.0,2.2,4200.0,1,33.0,6.0,128.0,6.43,90,2,1.0,android,50.0,16.0,1,1080,2400,False,False,False,1,0,0,0,0,0,0,0,0,0,1,0,0,0.36784128210458156,0.8819803711792626,-0.5076532683037616,-0.6030865854361546,-0.14716178646109798,-0.2030817001874684,-0.11440194163184854,-0.33402464077171434,-0.0805052369395907,-0.014776261225252826,10.645186773678239,False,467.0,Premium,Qualcomm,409.0,3.0,No,Yes,0.41233683683887246
tecno,Tecno Pova Neo 2,13990,67.0,0,0,0,helio,8.0,2.0,7000.0,0,0.0,6.0,128.0,6.82,90,2,1.0,android,16.0,8.0,1,720,1600,False,False,False,1,0,0,0,0,0,0,1,0,0,0,0,0,-0.5687749922238292,-1.534745504650921,-0.9373798327986115,2.1674646991192934,-1.0999629160362887,-0.2030817001874684,-0.11440194163184854,0.8289898240597543,-0.0805052369395907,-1.0430967828729485,9.546098067659527,False,155.0,Budget,MediaTek,257.0,3.0,No,No,-1.7103175126434573
vivo,Vivo Y15C (3GB RAM + 64GB),10490,67.0,0,0,0,helio,8.0,2.3,5000.0,0,0.0,3.0,64.0,6.51,60,2,1.0,android,13.0,8.0,1,720,1600,False,False,False,1,0,0,0,0,0,0,1,0,0,0,0,0,-0.6858520265148805,-1.534745504650921,-0.2927899860563375,0.18849949586540202,-1.0999629160362887,-1.3097628753663697,-0.7220399067674711,-0.09545757106269527,-1.1189371495912235,-1.1338309465477452,9.258177701390343,False,117.0,Budget,MediaTek,270.0,3.0,No,No,-1.5287747064377317
huawei,Huawei Nova 10,29990,82.0,0,0,0,snapdragon,8.0,2.4,4000.0,1,66.0,8.0,128.0,6.67,120,3,1.0,other,50.0,60.0,0,1080,2400,False,False,False,0,0,1,0,0,0,0,0,0,0,1,0,0,-0.033565692607594504,0.47919272520756534,-0.07792670380891248,-0.8009831057615437,0.8056393431140928,0.5347057499317991,-0.11440194163184854,0.38167656835534286,0.957926675712042,-0.014776261225252826,10.308619271743055,False,333.0,Mid-range,Qualcomm,395.0,4.0,No,No,0.2168291993865526
huawei,Huawei Nova Y90,22990,82.0,0,1,0,snapdragon,8.0,2.4,5000.0,1,40.0,8.0,128.0,6.7,90,4,1.0,other,50.0,8.0,1,1080,2388,False,False,False,0,0,1,0,0,0,0,0,0,0,1,0,0,-0.2677197611896972,0.47919272520756534,-0.07792670380891248,0.18849949586540202,0.05494754405485159,0.5347057499317991,-0.11440194163184854,0.47113921949622567,-0.0805052369395907,-0.014776261225252826,10.042814617757227,False,255.0,Mid-range,Qualcomm,391.0,5.0,No,No,0.16096987440017552
samsung,Samsung Galaxy A92 5G,47990,80.0,1,0,0,dimensity,8.0,3.0,5000.0,1,25.0,8.0,128.0,6.7,60,3,1.0,android,48.0,16.0,0,1080,2400,False,False,True,1,0,0,0,1,0,0,0,0,0,0,0,0,0.5685447694606696,0.2106676278931005,1.2112529896756365,0.18849949586540202,-0.37814387847932607,0.5347057499317991,-0.11440194163184854,0.47113921949622567,-1.1189371495912235,-0.07526570367511727,10.77874793485229,False,533.0,Premium,MediaTek,393.0,4.0,No,Yes,0.18889953689336406
infinix,Infinix Note 12 VIP,19999,84.0,0,0,0,helio,8.0,2.05,4500.0,1,120.0,8.0,128.0,6.7,120,3,1.0,android,108.0,16.0,1,1080,2400,False,False,False,1,0,0,0,0,0,0,1,0,0,0,0,0,-0.3677704496367071,0.7477178225220302,-0.8299481916748995,-0.30624180494807085,2.364768464237132,0.5347057499317991,-0.11440194163184854,0.47113921949622567,0.957926675712042,1.739417569820816,9.903437551286085,False,222.0,Mid-range,MediaTek,393.0,4.0,No,No,0.18889953689336406
oneplus,OnePlus Nord 4 5G,29999,83.0,1,1,0,snapdragon,8.0,2.36,4500.0,1,80.0,8.0,128.0,6.43,120,3,1.0,android,50.0,32.0,0,1080,2412,False,False,False,1,0,0,0,0,0,0,0,0,0,1,0,0,-0.03326463737656037,0.6134552738647978,-0.16387201670788248,-0.30624180494807085,1.2098580041459919,0.5347057499317991,-0.11440194163184854,-0.33402464077171434,0.957926675712042,-0.014776261225252826,10.308919326755392,False,333.0,Mid-range,Qualcomm,411.0,4.0,No,Yes,0.440266499332061
realme,Realme Narzo 50A Prime (4GB RAM + 128GB),11879,74.0,0,0,0,unisoc,8.0,1.82,5000.0,1,18.0,4.0,128.0,6.6,60,3,1.0,android,50.0,8.0,1,1080,2408,False,False,False,1,0,0,0,0,0,0,0,0,0,0,1,0,-0.6393891691919462,-0.594907664050294,-1.324133740843976,0.18849949586540202,-0.5802532089952757,-0.9408691503067359,-0.11440194163184854,0.1729303823599505,-1.1189371495912235,-0.014776261225252826,9.38252741428954,False,132.0,Budget,Unisoc,400.0,4.0,No,No,0.286653355619524
oneplus,OnePlus Ace 5G,28990,84.0,1,1,0,dimensity,8.0,2.85,4500.0,1,150.0,8.0,128.0,6.7,120,3,1.0,android,50.0,16.0,0,1080,2412,False,False,False,1,0,0,0,1,0,0,0,0,0,0,0,0,-0.06701627383360917,0.7477178225220302,0.8889580663044995,-0.30624180494807085,3.2309513093054876,0.5347057499317991,-0.11440194163184854,0.47113921949622567,0.957926675712042,-0.014776261225252826,10.274706221915702,False,322.0,Mid-range,MediaTek,394.0,4.0,No,Yes,0.20286436813995834
iqoo,iQOO 9 5G (12GB RAM + 256GB),39990,85.0,1,0,0,snapdragon,8.0,2.9,4350.0,1,120.0,12.0,256.0,6.56,120,3,1.0,android,48.0,16.0,0,1080,2376,False,False,False,1,0,0,0,0,0,0,0,0,0,1,0,0,0.3009401196525522,0.8819803711792626,0.9963897074282115,-0.4546641951921127,2.364768464237132,2.0102806501703343,1.1008739886393968,0.053646847505440985,0.957926675712042,-0.07526570367511727,10.596384701840863,False,444.0,Premium,Qualcomm,398.0,4.0,No,Yes,0.2587236931263354
xiaomi,Xiaomi Redmi Note 12T 5G,15999,78.0,1,0,1,dimensity,8.0,2.0,5000.0,1,33.0,6.0,64.0,6.52,90,3,1.0,android,64.0,16.0,1,1080,2400,False,False,False,1,0,0,0,1,0,0,0,0,0,0,0,0,-0.5015727745407658,-0.05785746942136435,-0.9373798327986115,0.18849949586540202,-0.14716178646109798,-0.2030817001874684,-0.7220399067674711,-0.06563668734906855,-0.0805052369395907,0.40864983592379833,9.680281499268713,False,178.0,Mid-range,MediaTek,404.0,4.0,No,Yes,0.34251268060590107
oppo,Oppo A96 5G,22990,82.0,1,0,0,snapdragon,8.0,2.2,4500.0,1,33.0,8.0,256.0,6.43,60,2,1.0,android,48.0,16.0,1,1080,2400,False,False,False,1,0,0,0,0,0,0,0,0,0,1,0,0,-0.2677197611896972,0.47919272520756534,-0.5076532683037616,-0.30624180494807085,-0.14716178646109798,0.5347057499317991,1.1008739886393968,-0.33402464077171434,-1.1189371495912235,-0.07526570367511727,10.042814617757227,False,255.0,Mid-range,Qualcomm,409.0,3.0,No,Yes,0.41233683683887246
royole,Royole FlexPai 3 5G,149999,87.0,1,0,0,snapdragon,8.0,2.84,3360.0,0,0.0,8.0,128.0,7.2,60,3,1.0,android,64.0,32.0,0,1440,1920,False,False,False,1,0,0,0,0,0,0,0,0,0,1,0,0,3.9808051097451997,1.1505054684937275,0.8674717380797565,-1.434251970802789,-1.0999629160362887,0.5347057499317991,-0.11440194163184854,1.9621834051775935,-1.1189371495912235,0.40864983592379833,11.918383906389504,True,1667.0,Flagship,Qualcomm,333.0,4.0,Yes,Yes,-0.6489903379022924
tecno,Tecno Camon 18,11499,75.0,0,1,0,helio,8.0,2.0,5000.0,1,18.0,4.0,128.0,6.8,90,3,1.0,android,48.0,16.0,0,1080,2460,False,False,False,1,0,0,0,0,0,0,1,0,0,0,0,0,-0.6521003900578318,-0.46064511539306163,-0.9373798327986115,0.18849949586540202,-0.5802532089952757,-0.9408691503067359,-0.11440194163184854,0.7693480566324982,-0.0805052369395907,-0.07526570367511727,9.350015354048665,False,128.0,Budget,MediaTek,395.0,4.0,No,No,0.2168291993865526
tecno,Tecno Phantom X Pro,22999,84.0,0,0,0,helio,8.0,2.05,5000.0,1,44.0,8.0,256.0,6.7,120,4,2.0,android,50.0,48.0,0,1080,2400,False,False,False,1,0,0,0,0,0,0,1,0,0,0,0,0,-0.26741870595866307,0.7477178225220302,-0.8299481916748995,0.18849949586540202,0.17043859006396564,0.5347057499317991,1.1008739886393968,0.47113921949622567,0.957926675712042,-0.014776261225252826,10.043206015705211,False,256.0,Mid-range,MediaTek,393.0,6.0,No,No,0.18889953689336406
tecno,Tecno Spark 8T,7999,70.0,0,0,0,helio,8.0,2.3,5000.0,0,0.0,4.0,64.0,6.6,60,2,1.0,android,50.0,8.0,1,720,1600,False,False,False,1,0,0,0,0,0,0,1,0,0,0,0,0,-0.7691774243488831,-1.1319578586792238,-0.2927899860563375,0.18849949586540202,-1.0999629160362887,-0.9408691503067359,-0.7220399067674711,0.1729303823599505,-1.1189371495912235,-0.014776261225252826,8.987071812848821,False,89.0,Budget,MediaTek,266.0,3.0,No,No,-1.5846340314241087
realme,Realme GT Neo2 5G,31999,82.0,1,1,0,snapdragon,8.0,3.2,5000.0,1,65.0,8.0,128.0,6.62,120,3,1.0,android,64.0,16.0,0,2400,1080,False,False,False,1,0,0,0,0,0,0,0,0,0,1,0,0,0.033636525075468965,0.47919272520756534,1.6409795541704866,0.18849949586540202,0.7767665816118143,0.5347057499317991,-0.11440194163184854,0.2325721497872066,0.957926675712042,0.40864983592379833,10.373459931293572,False,356.0,Premium,Qualcomm,398.0,4.0,No,Yes,0.2587236931263354
sony,Sony Xperia 10 III Lite 5G,30990,78.0,1,1,0,snapdragon,8.0,2.0,4500.0,1,30.0,6.0,64.0,6.0,60,3,1.0,android,12.0,8.0,1,1080,2520,False,False,False,1,0,0,0,0,0,0,0,0,0,1,0,0,-0.00011511138157983544,-0.05785746942136435,-0.9373798327986115,-0.30624180494807085,-0.23378007096793352,-0.2030817001874684,-0.7220399067674711,-1.6163226404576898,-1.1189371495912235,-1.1640756677726773,10.341419850781794,False,344.0,Premium,Qualcomm,457.0,4.0,No,Yes,1.0826487366753976
realme,Realme G1,7999,64.0,0,0,0,helio,8.0,2.3,6000.0,0,0.0,3.0,32.0,6.52,60,3,1.0,android,13.0,5.0,1,720,1600,False,False,False,1,0,0,0,0,0,0,1,0,0,0,0,0,-0.7691774243488831,-1.9375331506226183,-0.2927899860563375,1.1779820974923478,-1.0999629160362887,-1.3097628753663697,-1.0258588893352825,-0.06563668734906855,-1.1189371495912235,-1.1338309465477452,8.987071812848821,False,89.0,Budget,MediaTek,269.0,4.0,No,No,-1.542739537684326
tecno,Tecno Pova 2,10999,74.0,0,0,0,helio,8.0,2.0,7000.0,1,18.0,4.0,64.0,6.95,60,4,1.0,android,48.0,8.0,1,1080,2460,False,False,False,1,0,0,0,0,0,0,1,0,0,0,0,0,-0.6688256806708391,-0.594907664050294,-0.9373798327986115,2.1674646991192934,-0.5802532089952757,-0.9408691503067359,-0.7220399067674711,1.2166613123369097,-1.1189371495912235,-0.07526570367511727,9.305559638557117,False,122.0,Budget,MediaTek,387.0,5.0,No,No,0.10511054941379841
poco,Poco X4,14990,79.0,1,0,0,dimensity,8.0,2.2,5000.0,1,67.0,6.0,128.0,6.67,120,3,1.0,android,50.0,16.0,1,1080,2400,False,False,False,1,0,0,0,1,0,0,0,0,0,0,0,0,-0.5353244109978146,0.07640507923586808,-0.5076532683037616,0.18849949586540202,0.8345121046163714,-0.2030817001874684,-0.11440194163184854,0.38167656835534286,0.957926675712042,-0.014776261225252826,9.615138591096644,False,167.0,Budget,MediaTek,395.0,4.0,No,Yes,0.2168291993865526
motorola,Motorola Moto G40 Fusion,14499,77.0,0,0,0,snapdragon,8.0,2.3,6000.0,1,20.0,4.0,64.0,6.78,120,3,1.0,android,64.0,16.0,1,1080,2460,False,False,False,1,0,0,0,0,0,0,0,0,0,1,0,0,-0.5517486463797877,-0.19212001807859677,-0.2927899860563375,1.1779820974923478,-0.5225076859907186,-0.9408691503067359,-0.7220399067674711,0.7097062892052447,0.957926675712042,0.40864983592379833,9.581834960513193,False,161.0,Budget,Qualcomm,396.0,4.0,No,No,0.23079403063314688
oneplus,OnePlus 9T,44999,86.0,1,1,0,snapdragon,8.0,2.84,4500.0,1,65.0,8.0,128.0,6.55,120,4,1.0,android,108.0,16.0,0,1080,2400,False,False,False,1,0,0,0,0,0,0,0,0,0,1,0,0,0.4684940810136597,1.016242919836495,0.8674717380797565,-0.30624180494807085,0.7767665816118143,0.5347057499317991,-0.11440194163184854,0.023825963791814262,0.957926675712042,1.739417569820816,10.714395546283317,False,500.0,Premium,Qualcomm,402.0,5.0,No,Yes,0.31458301811271255
realme,Realme 8 (8GB RAM + 128GB),17999,83.0,0,0,0,helio,8.0,2.0,5000.0,1,30.0,8.0,128.0,6.4,60,4,1.0,android,64.0,16.0,1,1080,2400,False,False,False,1,0,0,0,0,0,0,1,0,0,0,0,0,-0.4346716120887364,0.6134552738647978,-0.9373798327986115,0.18849949586540202,-0.23378007096793352,0.5347057499317991,-0.11440194163184854,-0.4234872919125945,-1.1189371495912235,0.40864983592379833,9.798071479779479,False,200.0,Mid-range,MediaTek,411.0,5.0,No,No,0.440266499332061
realme,Realme Narzo 30 Pro 5G (8GB RAM +128GB),19999,83.0,1,0,0,dimensity,8.0,2.4,5000.0,1,30.0,8.0,128.0,6.5,120,3,1.0,android,48.0,16.0,1,1080,2400,False,False,False,1,0,0,0,1,0,0,0,0,0,0,0,0,-0.3677704496367071,0.6134552738647978,-0.07792670380891248,0.18849949586540202,-0.23378007096793352,0.5347057499317991,-0.11440194163184854,-0.125278454776322,0.957926675712042,-0.07526570367511727,9.903437551286085,False,222.0,Mid-range,MediaTek,405.0,4.0,No,Yes,0.3564775118524954
itel,Itel A23 Pro,3999,69.0,0,0,0,unisoc,4.0,1.4,2400.0,0,0.0,1.0,8.0,5.0,60,1,1.0,android,5.0,2.0,0,854,480,True,False,False,1,0,0,0,0,0,0,0,0,0,0,1,0,-0.9029797492529418,-1.2662204073364562,-2.2265595262831606,-2.384155268364657,-1.0999629160362887,-2.0475503254856373,-1.253723126261141,-4.598411011820425,-1.1189371495912235,-1.375788716347203,8.293799608846818,True,44.0,Budget,Unisoc,196.0,2.0,No,No,-2.562172218685708
samsung,Samsung Galaxy S21 Ultra 5G (12GB RAM + 128GB),101999,86.0,1,1,0,exynos,8.0,2.9,5000.0,1,25.0,12.0,128.0,6.8,120,4,1.0,android,108.0,40.0,0,1440,3200,True,False,False,1,0,0,0,0,1,0,0,0,0,0,0,0,2.3751772108964957,1.016242919836495,0.9963897074282115,0.18849949586540202,-0.37814387847932607,2.0102806501703343,-0.11440194163184854,0.7693480566324982,0.957926675712042,1.739417569820816,11.532718288296781,False,1133.0,Flagship,Samsung,516.0,5.0,No,Yes,1.9065737802244598
oppo,Oppo Reno 5 Pro 5G,38700,84.0,1,0,0,dimensity,8.0,2.6,4350.0,1,65.0,8.0,128.0,6.53,90,4,1.0,android,64.0,32.0,0,1080,2400,False,False,False,1,0,0,0,1,0,0,0,0,0,0,0,0,0.25778886987099325,0.7477178225220302,0.3517998606859375,-0.4546641951921127,0.7767665816118143,0.5347057499317991,-0.11440194163184854,-0.03581580363543918,-0.0805052369395907,0.40864983592379833,10.563594879017874,False,430.0,Premium,MediaTek,403.0,5.0,No,Yes,0.3285478493593068
oneplus,OnePlus Nord SE,19999,73.0,0,0,0,snapdragon,8.0,2.0,4500.0,1,65.0,4.0,64.0,6.3,60,4,1.0,android,48.0,13.0,1,1080,2400,False,False,False,1,0,0,0,0,0,0,0,0,0,1,0,0,-0.3677704496367071,-0.7291702127075265,-0.9373798327986115,-0.30624180494807085,0.7767665816118143,-0.9408691503067359,-0.7220399067674711,-0.7216961290488696,-1.1189371495912235,-0.07526570367511727,9.903437551286085,False,222.0,Mid-range,Qualcomm,418.0,5.0,No,No,0.5380203180582209
samsung,Samsung Galaxy M12,10999,72.0,0,0,0,exynos,8.0,2.0,6000.0,1,15.0,4.0,64.0,6.5,90,4,1.0,android,48.0,8.0,1,720,1600,False,False,False,1,0,0,0,0,1,0,0,0,0,0,0,0,-0.6688256806708391,-0.8634327613647589,-0.9373798327986115,1.1779820974923478,-0.6668714935021112,-0.9408691503067359,-0.7220399067674711,-0.125278454776322,-0.0805052369395907,-0.07526570367511727,9.305559638557117,False,122.0,Budget,Samsung,270.0,5.0,No,No,-1.5287747064377317
oneplus,OnePlus Nord N100,16990,68.0,0,0,0,snapdragon,8.0,1.8,5000.0,1,18.0,4.0,64.0,6.52,90,3,1.0,android,13.0,8.0,1,720,1600,False,False,False,1,0,0,0,0,0,0,0,0,0,1,0,0,-0.4684232485457852,-1.4004829559936887,-1.367106397293461,0.18849949586540202,-0.5802532089952757,-0.9408691503067359,-0.7220399067674711,-0.06563668734906855,-0.0805052369395907,-1.1338309465477452,9.740380214665977,False,189.0,Mid-range,Qualcomm,269.0,4.0,No,No,-1.542739537684326
apple,Apple iPhone 12 Mini (256GB),55999,75.0,1,1,0,bionic,6.0,3.1,3279.0,0,0.0,4.0,256.0,5.4,60,2,1.0,ios,12.0,12.0,0,1080,2340,False,False,False,0,1,0,1,0,0,0,0,0,0,0,0,0,0.836450474499821,-0.46064511539306163,1.4261162719230616,-1.5144000615345716,-1.0999629160362887,-0.9408691503067359,1.1008739886393968,-3.40557566327533,-1.1189371495912235,-1.1640756677726773,10.933089112414988,True,622.0,Premium,Apple,477.0,3.0,No,Yes,1.3619453616072832
apple,Apple iPhone 12 (256GB),67999,76.0,1,1,0,bionic,6.0,3.1,3279.0,0,0.0,4.0,256.0,6.1,60,2,1.0,ios,12.0,12.0,0,1170,2532,False,False,False,0,1,0,1,0,0,0,0,0,0,0,0,0,1.2378574492119971,-0.3263825667358292,1.4261162719230616,-1.5144000615345716,-1.0999629160362887,-0.9408691503067359,1.1008739886393968,-1.3181138033214173,-1.1189371495912235,-1.1640756677726773,11.127248278167759,False,756.0,Flagship,Apple,457.0,3.0,No,Yes,1.0826487366753976
oppo,OPPO A15,9999,66.0,0,0,0,helio,8.0,2.3,4230.0,0,0.0,3.0,32.0,6.52,60,3,1.0,android,13.0,5.0,1,720,1600,False,False,False,1,0,0,0,0,0,0,1,0,0,0,0,0,-0.7022762618968538,-1.6690080533081535,-0.2927899860563375,-0.5734021073873462,-1.0999629160362887,-1.3097628753663697,-1.0258588893352825,-0.06563668734906855,-1.1189371495912235,-1.1338309465477452,9.21024036697585,False,111.0,Budget,MediaTek,269.0,4.0,No,No,-1.542739537684326
xiaomi,Xiaomi Redmi Note 9 Pro (4GB RAM + 128GB),14439,77.0,0,0,1,snapdragon,8.0,2.3,5020.0,1,18.0,4.0,128.0,6.67,60,4,1.0,android,48.0,16.0,1,1080,2400,False,False,False,1,0,0,0,0,0,0,0,0,0,1,0,0,-0.5537556812533486,-0.19212001807859677,-0.2927899860563375,0.20828914789794092,-0.5802532089952757,-0.9408691503067359,-0.11440194163184854,0.38167656835534286,-1.1189371495912235,-0.07526570367511727,9.577688157971219,False,160.0,Budget,Qualcomm,395.0,5.0,No,No,0.2168291993865526
oppo,Oppo A12,9990,64.0,0,0,0,helio,8.0,1.8,4230.0,0,0.0,3.0,32.0,6.22,60,2,1.0,android,13.0,5.0,1,1520,720,False,False,False,1,0,0,0,0,0,0,1,0,0,0,0,0,-0.702577317127888,-1.9375331506226183,-1.367106397293461,-0.5734021073873462,-1.0999629160362887,-1.3097628753663697,-1.0258588893352825,-0.9602631987578887,-1.1189371495912235,-1.1338309465477452,9.2093398716426,False,111.0,Budget,MediaTek,270.0,3.0,No,No,-1.5287747064377317
realme,Realme X50 Pro 5G (8GB RAM + 128GB),24999,85.0,1,1,0,snapdragon,8.0,2.84,4200.0,1,65.0,8.0,128.0,6.44,90,4,2.0,android,64.0,32.0,0,1080,2400,False,False,False,1,0,0,0,0,0,0,0,0,0,1,0,0,-0.20051754350663373,0.8819803711792626,0.8674717380797565,-0.6030865854361546,0.7767665816118143,0.5347057499317991,-0.11440194163184854,-0.30420375705808494,-0.0805052369395907,0.40864983592379833,10.126591103050316,False,278.0,Mid-range,Qualcomm,409.0,6.0,No,Yes,0.41233683683887246
samsung,Samsung Galaxy S20 Plus 5G,85990,86.0,1,1,0,exynos,8.0,2.73,4500.0,1,25.0,8.0,128.0,6.7,60,4,1.0,android,64.0,10.0,1,1440,3200,True,False,False,1,0,0,0,0,1,0,0,0,0,0,0,0,1.839666856049227,1.016242919836495,0.6311221276075896,-0.30624180494807085,-0.37814387847932607,0.5347057499317991,-0.11440194163184854,0.47113921949622567,-1.1189371495912235,0.40864983592379833,11.361986289404943,False,955.0,Flagship,Samsung,524.0,5.0,No,Yes,2.018292430197214
xiaomi,Xiaomi Redmi Note 8 Pro,16999,78.0,0,0,1,helio,8.0,2.05,4500.0,1,18.0,6.0,64.0,6.53,60,4,1.0,android,64.0,20.0,1,1080,2340,False,False,False,1,0,0,0,0,0,0,1,0,0,0,0,0,-0.4681221933147511,-0.05785746942136435,-0.8299481916748995,-0.30624180494807085,-0.5802532089952757,-0.2030817001874684,-0.7220399067674711,-0.03581580363543918,-1.1189371495912235,0.40864983592379833,9.74090979777877,False,189.0,Mid-range,MediaTek,395.0,5.0,No,No,0.2168291993865526
realme,Realme A1,8999,69.0,0,0,0,helio,8.0,2.1,4000.0,0,0.0,2.0,16.0,6.2,60,2,1.0,android,13.0,8.0,1,720,1520,True,False,False,1,0,0,0,0,0,0,1,0,0,0,0,0,-0.7357268431228684,-1.2662204073364562,-0.7225165505511865,-0.8009831057615437,-1.0999629160362887,-1.6786566004260035,-1.177768380619188,-1.0199049661851423,-1.1189371495912235,-1.1338309465477452,9.104868739033948,False,100.0,Budget,MediaTek,271.0,3.0,No,No,-1.5148098751911374
oppo,OPPO A73,15990,62.0,0,0,0,helio,8.0,2.5,3200.0,0,0.0,3.0,32.0,6.0,60,1,1.0,android,13.0,16.0,1,1080,2160,False,False,False,1,0,0,0,0,0,0,1,0,0,0,0,0,-0.5018738297717998,-2.206058247937083,0.1369365784385125,-1.5925691870631002,-1.0999629160362887,-1.3097628753663697,-1.0258588893352825,-1.6163226404576898,-1.1189371495912235,-1.1338309465477452,9.679718805828,False,178.0,Mid-range,MediaTek,402.0,2.0,No,No,0.31458301811271255
lyf,Lyf Earth 2,3890,69.0,0,0,0,snapdragon,8.0,1.5,2500.0,0,0.0,3.0,32.0,5.0,60,1,1.0,android,13.0,13.0,1,1080,1920,True,False,False,1,0,0,0,0,0,0,0,0,0,1,0,0,-0.9066258626065774,-1.2662204073364562,-2.0116962440357353,-2.2852070082019624,-1.0999629160362887,-1.3097628753663697,-1.0258588893352825,-4.598411011820425,-1.1189371495912235,-1.1338309465477452,8.266164436612492,True,43.0,Budget,Qualcomm,441.0,2.0,No,No,0.8592114367298892
apple,Apple iPhone 15 Plus,84990,75.0,1,1,0,bionic,6.0,3.22,4532.0,1,18.0,8.0,128.0,6.71,120,2,1.0,ios,12.0,12.0,0,1284,2778,False,True,True,0,1,0,1,0,0,0,0,0,0,0,0,0,1.8062162748232125,-0.46064511539306163,1.6839522106199716,-0.2745783616960086,-0.5802532089952757,0.5347057499317991,-0.11440194163184854,0.5009601032098524,0.957926675712042,-1.1640756677726773,11.350288881492672,False,944.0,Flagship,Apple,456.0,3.0,No,Yes,1.0686839054288033
vivo,Vivo Y55s 2023,21999,78.0,1,1,0,dimensity,8.0,2.2,5000.0,1,18.0,4.0,128.0,6.58,60,3,1.0,android,50.0,8.0,1,1080,2408,False,False,False,1,0,0,0,1,0,0,0,0,0,0,0,0,-0.30086928718467776,-0.05785746942136435,-0.5076532683037616,0.18849949586540202,-0.5802532089952757,-0.9408691503067359,-0.11440194163184854,0.11328861493269707,-1.1189371495912235,-0.014776261225252826,9.998752276761909,False,244.0,Mid-range,MediaTek,401.0,4.0,No,Yes,0.30061818686611824
lava,Lava Blaze NXT,8999,66.0,0,0,0,helio,8.0,2.3,5000.0,0,0.0,4.0,64.0,6.5,60,3,1.0,android,13.0,8.0,1,720,1600,False,False,False,1,0,0,0,0,0,0,1,0,0,0,0,0,-0.7357268431228684,-1.6690080533081535,-0.2927899860563375,0.18849949586540202,-1.0999629160362887,-0.9408691503067359,-0.7220399067674711,-0.125278454776322,-1.1189371495912235,-1.1338309465477452,9.104868739033948,False,100.0,Budget,MediaTek,270.0,4.0,No,No,-1.5287747064377317
tecno,Tecno Camon 20 Premier,20999,79.0,1,1,0,dimensity,8.0,2.2,5000.0,1,33.0,6.0,128.0,6.83,120,3,1.0,android,50.0,16.0,0,1080,2460,False,False,False,1,0,0,0,1,0,0,0,0,0,0,0,0,-0.3343198684106924,0.07640507923586808,-0.5076532683037616,0.18849949586540202,-0.14716178646109798,-0.2030817001874684,-0.11440194163184854,0.858810707773381,0.957926675712042,-0.014776261225252826,9.952230096524119,False,233.0,Mid-range,MediaTek,393.0,4.0,No,Yes,0.18889953689336406
oppo,OPPO Reno 8 House of Dragon Edition,32990,84.0,1,1,0,dimensity,8.0,3.0,4500.0,1,80.0,8.0,128.0,6.43,90,3,1.0,android,50.0,32.0,0,1080,2400,False,False,False,1,0,0,0,1,0,0,0,0,0,0,0,0,0.0667860510704495,0.7477178225220302,1.2112529896756365,-0.30624180494807085,1.2098580041459919,0.5347057499317991,-0.11440194163184854,-0.33402464077171434,-0.0805052369395907,-0.014776261225252826,10.403959764222627,False,367.0,Premium,MediaTek,409.0,4.0,No,Yes,0.41233683683887246
motorola,Motorola Moto E22s,9022,70.0,0,0,0,helio,8.0,2.3,5000.0,1,10.0,4.0,64.0,6.5,90,2,1.0,android,16.0,8.0,1,720,1600,False,False,False,1,0,0,0,0,0,0,1,0,0,0,0,0,-0.7349574797546701,-1.1319578586792238,-0.2927899860563375,0.18849949586540202,-0.8112353010135037,-0.9408691503067359,-0.7220399067674711,-0.125278454776322,-0.0805052369395907,-1.0430967828729485,9.107421317968342,False,100.0,Budget,MediaTek,270.0,3.0,No,No,-1.5287747064377317
xiaomi,Xiaomi Redmi A1 Plus (3GB RAM + 32GB),8399,61.0,0,0,0,helio,4.0,2.0,5000.0,1,10.0,3.0,32.0,6.52,60,2,1.0,android,8.0,5.0,1,720,1600,False,False,False,1,0,0,0,0,0,0,1,0,0,0,0,0,-0.7557971918584773,-2.3403207965943156,-0.9373798327986115,0.18849949586540202,-0.8112353010135037,-1.3097628753663697,-1.0258588893352825,-0.06563668734906855,-1.1189371495912235,-1.2850545526724062,9.035867930125628,False,93.0,Budget,MediaTek,269.0,3.0,No,No,-1.542739537684326
infinix,Infinix Hot 20i,9999,64.0,0,0,0,helio,8.0,2.0,5000.0,0,0.0,3.0,64.0,6.6,60,2,1.0,android,13.0,8.0,1,720,1612,False,False,False,1,0,0,0,0,0,0,1,0,0,0,0,0,-0.7022762618968538,-1.9375331506226183,-0.9373798327986115,0.18849949586540202,-1.0999629160362887,-1.3097628753663697,-0.7220399067674711,0.1729303823599505,-1.1189371495912235,-1.1338309465477452,9.21024036697585,False,111.0,Budget,MediaTek,267.0,3.0,No,No,-1.5706692001775144
tecno,Tecno Spark 9 (3GB RAM + 64GB),8390,63.0,0,0,0,helio,8.0,2.3,5000.0,0,0.0,3.0,64.0,6.6,90,2,1.0,android,13.0,8.0,1,720,1600,False,False,False,1,0,0,0,0,0,0,1,0,0,0,0,0,-0.7560982470895113,-2.0717956992798507,-0.2927899860563375,0.18849949586540202,-1.0999629160362887,-1.3097628753663697,-0.7220399067674711,0.1729303823599505,-0.0805052369395907,-1.1338309465477452,9.034795799461252,False,93.0,Budget,MediaTek,266.0,3.0,No,No,-1.5846340314241087
zte,ZTE Axon 30S,19999,82.0,1,1,0,snapdragon,8.0,3.2,4200.0,1,55.0,6.0,128.0,6.9,120,4,1.0,android,50.0,16.0,1,1080,2460,False,False,False,1,0,0,0,0,0,0,0,0,0,1,0,0,-0.3677704496367071,0.47919272520756534,1.6409795541704866,-0.6030865854361546,0.48803896658902923,-0.2030817001874684,-0.11440194163184854,1.0675568937687734,0.957926675712042,-0.014776261225252826,9.903437551286085,False,222.0,Mid-range,Qualcomm,389.0,5.0,No,Yes,0.13304021190698695
honor,Honor X6,13999,71.0,0,0,0,helio,8.0,2.0,5000.0,1,10.0,4.0,64.0,6.5,60,3,1.0,android,50.0,5.0,1,720,1600,False,False,False,1,0,0,0,0,0,0,1,0,0,0,0,0,-0.5684739369927951,-0.9976953100219913,-0.9373798327986115,0.18849949586540202,-0.8112353010135037,-0.9408691503067359,-0.7220399067674711,-0.125278454776322,-1.1189371495912235,-0.014776261225252826,9.546741177474825,False,156.0,Budget,MediaTek,270.0,4.0,No,No,-1.5287747064377317
xiaomi,Xiaomi Civi 2,29999,85.0,1,1,1,snapdragon,8.0,2.4,4500.0,1,67.0,8.0,128.0,6.55,120,3,2.0,android,50.0,32.0,0,1080,2400,False,False,False,1,0,0,0,0,0,0,0,0,0,1,0,0,-0.03326463737656037,0.8819803711792626,-0.07792670380891248,-0.30624180494807085,0.8345121046163714,0.5347057499317991,-0.11440194163184854,0.023825963791814262,0.957926675712042,-0.014776261225252826,10.308919326755392,False,333.0,Mid-range,Qualcomm,402.0,5.0,No,Yes,0.31458301811271255
tcl,TCL Ion X,8990,60.0,0,0,0,helio,8.0,2.0,3000.0,1,10.0,3.0,32.0,6.0,60,1,1.0,android,13.0,5.0,1,720,1440,False,False,False,1,0,0,0,0,0,0,1,0,0,0,0,0,-0.7360278983539026,-2.474583345251548,-0.9373798327986115,-1.7904657073884895,-0.8112353010135037,-1.3097628753663697,-1.0258588893352825,-1.6163226404576898,-1.1189371495912235,-1.1338309465477452,9.103868127465667,False,100.0,Budget,MediaTek,268.0,2.0,No,No,-1.5567043689309203
samsung,Samsung Galaxy Z Fold 4 (12GB RAM + 1TB),163980,86.0,1,1,0,snapdragon,8.0,3.2,4400.0,1,25.0,12.0,1024.0,7.6,120,3,2.0,android,50.0,10.0,0,1812,2176,True,False,False,1,0,0,0,0,0,0,0,0,0,1,0,0,4.448477685866111,1.016242919836495,1.6409795541704866,-0.40519006511076544,-0.37814387847932607,2.0102806501703343,8.392529570266868,3.155018753722686,0.957926675712042,-0.014776261225252826,12.007499748150169,True,1822.0,Flagship,Qualcomm,373.0,5.0,Yes,Yes,-0.09039708803852144
nothing,Nothing Phone 1 Lite,24990,80.0,1,1,0,snapdragon,8.0,2.5,5000.0,1,33.0,6.0,128.0,6.55,120,2,1.0,android,50.0,16.0,0,1080,2400,False,False,False,1,0,0,0,0,0,0,0,0,0,1,0,0,-0.20081859873766786,0.2106676278931005,0.1369365784385125,0.18849949586540202,-0.14716178646109798,-0.2030817001874684,-0.11440194163184854,0.023825963791814262,0.957926675712042,-0.014776261225252826,10.126231023828998,False,278.0,Mid-range,Qualcomm,402.0,3.0,No,Yes,0.31458301811271255
motorola,Motorola Moto Edge X30 Pro,59990,86.0,1,1,0,snapdragon,8.0,3.2,4450.0,1,125.0,8.0,128.0,6.67,144,3,1.0,android,200.0,60.0,0,1080,2340,True,False,False,1,0,0,0,0,0,0,0,0,0,1,0,0,0.9699517441728456,1.016242919836495,1.6409795541704866,-0.3557159350294181,2.5091322717485247,0.5347057499317991,-0.11440194163184854,0.38167656835534286,1.7886722058333482,4.521931922514581,11.00193316064714,False,667.0,Premium,Qualcomm,386.0,4.0,No,Yes,0.09114571816720414
oneplus,OnePlus Ace Pro,47990,86.0,1,1,0,snapdragon,8.0,3.2,4800.0,1,150.0,12.0,256.0,6.7,120,3,1.0,android,50.0,16.0,0,1080,2412,False,False,False,1,0,0,0,0,0,0,0,0,0,1,0,0,0.5685447694606696,1.016242919836495,1.6409795541704866,-0.009397024459987136,3.2309513093054876,2.0102806501703343,1.1008739886393968,0.47113921949622567,0.957926675712042,-0.014776261225252826,10.77874793485229,False,533.0,Premium,Qualcomm,394.0,4.0,No,Yes,0.20286436813995834
realme,Realme GT 2 Explorer Master Edition,40990,86.0,1,1,0,snapdragon,8.0,3.2,5000.0,1,100.0,8.0,128.0,6.7,120,3,1.0,android,50.0,16.0,0,1080,2412,False,False,False,1,0,0,0,0,0,0,0,0,0,1,0,0,0.33439070087856687,1.016242919836495,1.6409795541704866,0.18849949586540202,1.787313234191562,0.5347057499317991,-0.11440194163184854,0.47113921949622567,0.957926675712042,-0.014776261225252826,10.621083413498383,False,455.0,Premium,Qualcomm,394.0,4.0,No,Yes,0.20286436813995834
samsung,Samsung Galaxy M35,22999,74.0,0,1,0,unknown,8.0,2.3,6000.0,1,25.0,8.0,128.0,6.5,60,3,1.0,android,64.0,32.0,1,1080,2400,False,True,True,1,0,0,0,0,0,0,0,0,0,0,0,1,-0.26741870595866307,-0.594907664050294,-0.2927899860563375,1.1779820974923478,-0.37814387847932607,0.5347057499317991,-0.11440194163184854,-0.125278454776322,-1.1189371495912235,0.40864983592379833,10.043206015705211,False,256.0,Mid-range,Unknown,405.0,4.0,No,No,0.3564775118524954
samsung,Samsung Galaxy A05,12990,63.0,0,0,0,unknown,8.0,2.3,5000.0,1,18.0,4.0,64.0,6.5,60,2,1.0,android,48.0,5.0,1,720,1560,False,True,False,1,0,0,0,0,0,0,0,0,0,0,0,1,-0.602225573449844,-2.0717956992798507,-0.2927899860563375,0.18849949586540202,-0.5802532089952757,-0.9408691503067359,-0.7220399067674711,-0.125278454776322,-1.1189371495912235,-0.07526570367511727,9.471935109664646,False,144.0,Budget,Unknown,264.0,3.0,No,No,-1.6125636939172974
infinix,Infinix Note 12 Turbo,14999,79.0,0,0,0,helio,8.0,2.0,5000.0,1,33.0,8.0,128.0,6.7,60,3,1.0,android,50.0,16.0,1,2400,1080,False,False,False,1,0,0,0,0,0,0,1,0,0,0,0,0,-0.5350233557667804,0.07640507923586808,-0.9373798327986115,0.18849949586540202,-0.14716178646109798,0.5347057499317991,-0.11440194163184854,0.47113921949622567,-1.1189371495912235,-0.014776261225252826,9.61573881119536,False,167.0,Budget,MediaTek,393.0,4.0,No,No,0.18889953689336406
poco,POCO F5 GT 5G,42999,86.0,1,1,1,dimensity,8.0,3.0,4500.0,1,150.0,8.0,128.0,6.67,120,3,1.0,android,64.0,20.0,0,1080,2412,False,False,False,1,0,0,0,1,0,0,0,0,0,0,0,0,0.4015929185616303,1.016242919836495,1.2112529896756365,-0.30624180494807085,3.2309513093054876,0.5347057499317991,-0.11440194163184854,0.38167656835534286,0.957926675712042,0.40864983592379833,10.668932138591325,False,478.0,Premium,MediaTek,396.0,4.0,No,Yes,0.23079403063314688
iqoo,iQOO Z8 5G,14999,78.0,1,0,0,snapdragon,8.0,2.2,5000.0,1,18.0,4.0,128.0,6.58,120,3,1.0,android,50.0,16.0,1,1080,2412,False,False,False,1,0,0,0,0,0,0,0,0,0,1,0,0,-0.5350233557667804,-0.05785746942136435,-0.5076532683037616,0.18849949586540202,-0.5802532089952757,-0.9408691503067359,-0.11440194163184854,0.11328861493269707,0.957926675712042,-0.014776261225252826,9.61573881119536,False,167.0,Budget,Qualcomm,402.0,4.0,No,Yes,0.31458301811271255
vivo,Vivo Y55 4G,22990,83.0,0,0,0,snapdragon,8.0,2.4,5000.0,1,44.0,8.0,128.0,6.44,120,3,1.0,android,50.0,16.0,1,1080,2400,False,False,False,1,0,0,0,0,0,0,0,0,0,1,0,0,-0.2677197611896972,0.6134552738647978,-0.07792670380891248,0.18849949586540202,0.17043859006396564,0.5347057499317991,-0.11440194163184854,-0.30420375705808494,0.957926675712042,-0.014776261225252826,10.042814617757227,False,255.0,Mid-range,Qualcomm,409.0,4.0,No,No,0.41233683683887246
vivo,Vivo X Fold 5G (12GB RAM + 512GB),118990,86.0,1,1,0,snapdragon,8.0,3.0,4600.0,1,66.0,12.0,512.0,8.03,120,4,1.0,android,50.0,16.0,0,1916,2160,True,False,False,1,0,0,0,0,0,0,0,0,0,1,0,0,2.943536036507711,1.016242919836495,1.2112529896756365,-0.2072935447853763,0.8056393431140928,2.0102806501703343,3.5314258491818875,4.437316753408662,0.957926675712042,-0.014776261225252826,11.6867947349492,True,1322.0,Flagship,Qualcomm,360.0,5.0,Yes,Yes,-0.27193989424424697
oppo,Oppo K10 Pro 5G,29990,81.0,1,0,0,snapdragon,8.0,2.84,5000.0,1,80.0,8.0,128.0,6.62,120,3,1.0,android,50.0,16.0,0,1080,2400,False,False,False,1,0,0,0,0,0,0,0,0,0,1,0,0,-0.033565692607594504,0.3449301765503329,0.8674717380797565,0.18849949586540202,1.2098580041459919,0.5347057499317991,-0.11440194163184854,0.2325721497872066,0.957926675712042,-0.014776261225252826,10.308619271743055,False,333.0,Mid-range,Qualcomm,398.0,4.0,No,Yes,0.2587236931263354
tecno,Tecno Spark 8C,7399,62.0,0,0,0,unisoc,8.0,2.0,5000.0,0,0.0,3.0,64.0,6.6,90,2,1.0,android,13.0,8.0,1,720,1612,False,False,False,1,0,0,0,0,0,0,0,0,0,0,1,0,-0.7892477730844919,-2.206058247937083,-0.9373798327986115,0.18849949586540202,-1.0999629160362887,-1.3097628753663697,-0.7220399067674711,0.1729303823599505,-0.0805052369395907,-1.1338309465477452,8.90910013492555,False,82.0,Budget,Unisoc,267.0,3.0,No,No,-1.5706692001775144
iqoo,iQOO Z7 5G,17999,80.0,1,0,0,snapdragon,8.0,2.2,4200.0,1,55.0,8.0,128.0,6.67,120,3,1.0,android,50.0,16.0,0,1080,2400,False,False,False,1,0,0,0,0,0,0,0,0,0,1,0,0,-0.4346716120887364,0.2106676278931005,-0.5076532683037616,-0.6030865854361546,0.48803896658902923,0.5347057499317991,-0.11440194163184854,0.38167656835534286,0.957926675712042,-0.014776261225252826,9.798071479779479,False,200.0,Mid-range,Qualcomm,395.0,4.0,No,Yes,0.2168291993865526
infinix,Infinix Note 11 (6GB RAM + 128GB),12799,77.0,0,0,0,helio,8.0,2.0,5000.0,1,33.0,6.0,128.0,6.7,60,3,1.0,android,50.0,16.0,1,1080,2400,False,False,False,1,0,0,0,0,0,0,1,0,0,0,0,0,-0.6086146344640126,-0.19212001807859677,-0.9373798327986115,0.18849949586540202,-0.14716178646109798,-0.2030817001874684,-0.11440194163184854,0.47113921949622567,-1.1189371495912235,-0.014776261225252826,9.457122321855792,False,142.0,Budget,MediaTek,393.0,4.0,No,No,0.18889953689336406
xiaomi,Xiaomi 11i HyperCharge 5G (8GB RAM + 128GB),26999,86.0,1,0,1,dimensity,8.0,2.5,4500.0,1,120.0,8.0,128.0,6.67,120,3,1.0,android,108.0,16.0,1,2400,1080,False,False,False,1,0,0,0,1,0,0,0,0,0,0,0,0,-0.13361638105460438,1.016242919836495,0.1369365784385125,-0.30624180494807085,2.364768464237132,0.5347057499317991,-0.11440194163184854,0.38167656835534286,0.957926675712042,1.739417569820816,10.203555107263542,False,300.0,Mid-range,MediaTek,395.0,4.0,No,Yes,0.2168291993865526
samsung,Samsung Galaxy F42 5G (8GB RAM + 128GB),22999,82.0,1,0,0,dimensity,8.0,2.2,5000.0,1,15.0,8.0,128.0,6.6,90,3,1.0,android,64.0,8.0,1,1080,2408,False,False,False,1,0,0,0,1,0,0,0,0,0,0,0,0,-0.26741870595866307,0.47919272520756534,-0.5076532683037616,0.18849949586540202,-0.6668714935021112,0.5347057499317991,-0.11440194163184854,0.1729303823599505,-0.0805052369395907,0.40864983592379833,10.043206015705211,False,256.0,Mid-range,MediaTek,400.0,4.0,No,Yes,0.286653355619524
apple,Apple iPhone 13 Pro (1TB),147900,84.0,1,1,0,bionic,6.0,3.22,3095.0,1,18.0,6.0,1024.0,6.1,120,3,1.0,ios,12.0,12.0,0,1170,2532,False,False,True,0,1,0,1,0,0,0,0,0,0,0,0,0,3.910592339751795,0.7477178225220302,1.6839522106199716,-1.6964648602339296,-0.5802532089952757,-0.2030817001874684,8.392529570266868,-1.3181138033214173,0.957926675712042,-1.1640756677726773,11.90429164869889,True,1643.0,Flagship,Apple,457.0,4.0,No,Yes,1.0826487366753976
nubia,Nubia Red Magic 6S 5G,44999,84.0,1,1,0,snapdragon,8.0,2.9,5050.0,1,30.0,8.0,128.0,6.8,165,3,1.0,android,64.0,8.0,0,1080,2400,False,False,False,1,0,0,0,0,0,0,0,0,0,1,0,0,0.4684940810136597,0.7477178225220302,0.9963897074282115,0.23797362594674928,-0.23378007096793352,0.5347057499317991,-0.11440194163184854,0.7693480566324982,2.5155745446894913,0.40864983592379833,10.714395546283317,False,500.0,Premium,Qualcomm,387.0,4.0,No,Yes,0.10511054941379841
micromax,Micromax IN 2B (6GB RAM + 64GB),7790,68.0,0,0,0,unisoc,8.0,1.8,5000.0,0,0.0,6.0,64.0,6.52,60,2,1.0,android,13.0,5.0,1,720,1600,False,False,False,1,0,0,0,0,0,0,0,0,0,0,1,0,-0.7761685958251202,-1.4004829559936887,-1.367106397293461,0.18849949586540202,-1.0999629160362887,-0.2030817001874684,-0.7220399067674711,-0.06563668734906855,-1.1189371495912235,-1.1338309465477452,8.960596138864794,False,87.0,Budget,Unisoc,269.0,3.0,No,No,-1.542739537684326
nokia,Nokia X60 5G,39990,87.0,1,0,0,snapdragon,8.0,3.2,6000.0,1,33.0,6.0,128.0,6.51,144,4,1.0,other,200.0,16.0,1,1080,2400,False,False,False,0,0,1,0,0,0,0,0,0,0,1,0,0,0.3009401196525522,1.1505054684937275,1.6409795541704866,1.1779820974923478,-0.14716178646109798,-0.2030817001874684,-0.11440194163184854,-0.09545757106269527,1.7886722058333482,4.521931922514581,10.596384701840863,False,444.0,Premium,Qualcomm,404.0,5.0,No,Yes,0.34251268060590107
vivo,Vivo Y12a,9999,65.0,0,0,0,snapdragon,8.0,2.0,5000.0,0,0.0,3.0,32.0,6.51,60,2,1.0,android,13.0,8.0,1,720,1600,False,False,False,1,0,0,0,0,0,0,0,0,0,1,0,0,-0.7022762618968538,-1.803270601965386,-0.9373798327986115,0.18849949586540202,-1.0999629160362887,-1.3097628753663697,-1.0258588893352825,-0.09545757106269527,-1.1189371495912235,-1.1338309465477452,9.21024036697585,False,111.0,Budget,Qualcomm,270.0,3.0,No,No,-1.5287747064377317
oppo,Oppo Reno 5A,22990,80.0,1,0,0,snapdragon,8.0,2.4,4000.0,1,18.0,6.0,128.0,6.5,90,4,1.0,android,64.0,16.0,1,1080,2400,False,False,False,1,0,0,0,0,0,0,0,0,0,1,0,0,-0.2677197611896972,0.2106676278931005,-0.07792670380891248,-0.8009831057615437,-0.5802532089952757,-0.2030817001874684,-0.11440194163184854,-0.125278454776322,-0.0805052369395907,0.40864983592379833,10.042814617757227,False,255.0,Mid-range,Qualcomm,405.0,5.0,No,Yes,0.3564775118524954
poco,Poco F3 GT,32999,79.0,1,0,1,dimensity,8.0,3.0,5065.0,1,67.0,6.0,128.0,6.67,120,3,1.0,android,64.0,16.0,0,1080,2400,False,False,False,1,0,0,0,1,0,0,0,0,0,0,0,0,0.06708710630148364,0.07640507923586808,1.2112529896756365,0.2528158649711535,0.8345121046163714,-0.2030817001874684,-0.11440194163184854,0.38167656835534286,0.957926675712042,0.40864983592379833,10.404232536959167,False,367.0,Premium,MediaTek,395.0,4.0,No,Yes,0.2168291993865526
honor,Honor 50,32990,85.0,1,1,0,snapdragon,8.0,2.4,4300.0,1,66.0,6.0,128.0,6.57,120,4,1.0,android,108.0,32.0,0,1080,2340,False,False,False,1,0,0,0,0,0,0,0,0,0,1,0,0,0.0667860510704495,0.8819803711792626,-0.07792670380891248,-0.50413832527346,0.8056393431140928,-0.2030817001874684,-0.11440194163184854,0.08346773121907035,0.957926675712042,1.739417569820816,10.403959764222627,False,367.0,Premium,Qualcomm,392.0,5.0,No,Yes,0.17493470564676977
oppo,OPPO A54 (6GB RAM + 128GB),14999,74.0,0,0,0,helio,8.0,2.3,5000.0,1,44.0,6.0,128.0,6.51,60,3,1.0,android,13.0,16.0,1,1600,720,False,False,True,1,0,0,0,0,0,0,1,0,0,0,0,0,-0.5350233557667804,-0.594907664050294,-0.2927899860563375,0.18849949586540202,0.17043859006396564,-0.2030817001874684,-0.11440194163184854,-0.09545757106269527,-1.1189371495912235,-1.1338309465477452,9.61573881119536,False,167.0,Budget,MediaTek,270.0,4.0,No,No,-1.5287747064377317
realme,Realme 8i,12499,74.0,0,0,0,helio,8.0,2.05,5000.0,1,18.0,4.0,64.0,6.6,120,3,1.0,android,50.0,16.0,1,1080,2412,False,False,False,1,0,0,0,0,0,0,1,0,0,0,0,0,-0.6186498088318171,-0.594907664050294,-0.8299481916748995,0.18849949586540202,-0.5802532089952757,-0.9408691503067359,-0.7220399067674711,0.1729303823599505,0.957926675712042,-0.014776261225252826,9.433403920090221,False,139.0,Budget,MediaTek,400.0,4.0,No,No,0.286653355619524
iqoo,iQOO 7 Legend,39990,84.0,1,1,0,snapdragon,8.0,2.84,4000.0,1,66.0,8.0,128.0,6.62,120,3,1.0,android,48.0,16.0,0,1080,2400,False,False,False,1,0,0,0,0,0,0,0,0,0,1,0,0,0.3009401196525522,0.7477178225220302,0.8674717380797565,-0.8009831057615437,0.8056393431140928,0.5347057499317991,-0.11440194163184854,0.2325721497872066,0.957926675712042,-0.07526570367511727,10.596384701840863,False,444.0,Premium,Qualcomm,398.0,4.0,No,Yes,0.2587236931263354
realme,Realme C11 2021,6499,61.0,0,0,0,unisoc,8.0,1.6,5000.0,0,0.0,2.0,32.0,6.52,60,1,1.0,android,8.0,5.0,1,720,1600,False,False,False,1,0,0,0,0,0,0,0,0,0,0,1,0,-0.8193532961879051,-2.3403207965943156,-1.7968329617883105,0.18849949586540202,-1.0999629160362887,-1.6786566004260035,-1.0258588893352825,-0.06563668734906855,-1.1189371495912235,-1.2850545526724062,8.77940359789435,False,72.0,Budget,Unisoc,269.0,2.0,No,No,-1.542739537684326
samsung,Samsung Galaxy A22,18499,76.0,0,0,0,helio,8.0,2.0,5000.0,1,15.0,6.0,128.0,6.4,60,4,1.0,android,48.0,13.0,1,720,1600,False,False,False,1,0,0,0,0,0,0,1,0,0,0,0,0,-0.4179463214757291,-0.3263825667358292,-0.9373798327986115,0.18849949586540202,-0.6668714935021112,-0.2030817001874684,-0.11440194163184854,-0.4234872919125945,-1.1189371495912235,-0.07526570367511727,9.82547195555139,False,206.0,Mid-range,MediaTek,274.0,5.0,No,No,-1.4729153814513547
realme,Realme GT 5G,30994,85.0,1,1,0,snapdragon,8.0,2.84,4500.0,1,65.0,8.0,128.0,6.43,120,3,1.0,android,64.0,16.0,0,1080,2400,False,False,False,1,0,0,0,0,0,0,0,0,0,1,0,0,1.869094332422324e-05,0.8819803711792626,0.8674717380797565,-0.30624180494807085,0.7767665816118143,0.5347057499317991,-0.11440194163184854,-0.33402464077171434,0.957926675712042,0.40864983592379833,10.34154891634728,False,344.0,Premium,Qualcomm,409.0,4.0,No,Yes,0.41233683683887246
google,Google Pixel 5A,32999,78.0,1,1,0,snapdragon,8.0,2.4,4620.0,1,18.0,6.0,128.0,6.34,60,2,1.0,android,16.0,8.0,0,1080,2400,False,False,False,1,0,0,0,0,0,0,0,0,0,1,0,0,0.06708710630148364,-0.05785746942136435,-0.07792670380891248,-0.18750389275283735,-0.5802532089952757,-0.2030817001874684,-0.11440194163184854,-0.6024125941943601,-1.1189371495912235,-1.0430967828729485,10.404232536959167,False,367.0,Premium,Qualcomm,415.0,3.0,No,Yes,0.4961258243184381
samsung,Samsung Galaxy F12,10499,73.0,0,0,0,exynos,8.0,2.0,6000.0,1,15.0,4.0,64.0,6.5,90,4,1.0,android,48.0,8.0,1,720,1600,False,False,False,1,0,0,0,0,1,0,0,0,0,0,0,0,-0.6855509712838465,-0.7291702127075265,-0.9373798327986115,1.1779820974923478,-0.6668714935021112,-0.9408691503067359,-0.7220399067674711,-0.125278454776322,-0.0805052369395907,-0.07526570367511727,9.259035293514941,False,117.0,Budget,Samsung,270.0,5.0,No,No,-1.5287747064377317
samsung,Samsung Galaxy F41 (6GB RAM + 128GB),19999,82.0,0,0,0,exynos,8.0,2.3,6000.0,1,15.0,6.0,128.0,6.4,60,3,1.0,android,64.0,32.0,1,1080,2340,False,False,False,1,0,0,0,0,1,0,0,0,0,0,0,0,-0.3677704496367071,0.47919272520756534,-0.2927899860563375,1.1779820974923478,-0.6668714935021112,-0.2030817001874684,-0.11440194163184854,-0.4234872919125945,-1.1189371495912235,0.40864983592379833,9.903437551286085,False,222.0,Mid-range,Samsung,403.0,4.0,No,No,0.3285478493593068
samsung,Samsung Galaxy A21s (6GB RAM + 128GB),17499,75.0,0,0,0,exynos,8.0,2.0,5000.0,0,0.0,6.0,128.0,6.5,60,4,1.0,android,48.0,13.0,1,720,1600,False,False,False,1,0,0,0,0,1,0,0,0,0,0,0,0,-0.45139690270174376,-0.46064511539306163,-0.9373798327986115,0.18849949586540202,-1.0999629160362887,-0.2030817001874684,-0.11440194163184854,-0.125278454776322,-1.1189371495912235,-0.07526570367511727,9.769899015421748,False,194.0,Mid-range,Samsung,270.0,5.0,No,No,-1.5287747064377317
xiaomi,Xiaomi Redmi 9A (6GB RAM + 128GB),10990,69.0,0,0,0,helio,8.0,2.0,5000.0,0,0.0,6.0,128.0,6.53,60,1,1.0,android,13.0,5.0,1,720,1600,False,False,False,1,0,0,0,0,0,0,1,0,0,0,0,0,-0.6691267359018732,-1.2662204073364562,-0.9373798327986115,0.18849949586540202,-1.0999629160362887,-0.2030817001874684,-0.11440194163184854,-0.03581580363543918,-1.1189371495912235,-1.1338309465477452,9.304741047397666,False,122.0,Budget,MediaTek,269.0,2.0,No,No,-1.542739537684326
vivo,Vivo V20 SE,19000,82.0,0,0,0,snapdragon,8.0,2.0,4100.0,1,33.0,8.0,128.0,6.44,60,3,1.0,android,48.0,32.0,1,1080,2400,False,False,False,1,0,0,0,0,0,0,0,0,0,1,0,0,-0.4011875802814957,0.47919272520756534,-0.9373798327986115,-0.7020348455988491,-0.14716178646109798,0.5347057499317991,-0.11440194163184854,-0.30420375705808494,-1.1189371495912235,-0.07526570367511727,9.852194258148577,False,211.0,Mid-range,Qualcomm,409.0,4.0,No,No,0.41233683683887246
oppo,OPPO A53 2020 (6GB RAM + 128GB),13990,70.0,0,0,0,snapdragon,8.0,1.8,5000.0,1,18.0,6.0,128.0,6.5,90,3,1.0,android,13.0,16.0,1,1600,720,False,False,False,1,0,0,0,0,0,0,0,0,0,1,0,0,-0.5687749922238292,-1.1319578586792238,-1.367106397293461,0.18849949586540202,-0.5802532089952757,-0.2030817001874684,-0.11440194163184854,-0.125278454776322,-0.0805052369395907,-1.1338309465477452,9.546098067659527,False,155.0,Budget,Qualcomm,270.0,4.0,No,No,-1.5287747064377317
realme,Realme Narzo 20,10499,72.0,0,0,0,helio,8.0,2.0,6000.0,1,18.0,4.0,64.0,6.5,60,3,1.0,android,48.0,8.0,1,720,1600,False,False,False,1,0,0,0,0,0,0,1,0,0,0,0,0,-0.6855509712838465,-0.8634327613647589,-0.9373798327986115,1.1779820974923478,-0.5802532089952757,-0.9408691503067359,-0.7220399067674711,-0.125278454776322,-1.1189371495912235,-0.07526570367511727,9.259035293514941,False,117.0,Budget,MediaTek,270.0,4.0,No,No,-1.5287747064377317
itel,itel Vision 1 (3GB RAM + 32GB),5890,69.0,0,0,0,unisoc,8.0,1.6,4000.0,0,0.0,3.0,32.0,6.09,60,2,1.0,android,8.0,5.0,1,1520,720,True,False,False,1,0,0,0,0,0,0,0,0,0,0,1,0,-0.839724700154548,-1.2662204073364562,-1.7968329617883105,-0.8009831057615437,-1.0999629160362887,-1.3097628753663697,-1.0258588893352825,-1.347934687035044,-1.1189371495912235,-1.2850545526724062,8.681011276645632,False,65.0,Budget,Unisoc,276.0,3.0,No,No,-1.444985718958166
realme,Realme C11,6490,61.0,0,0,0,helio,8.0,2.3,5000.0,0,0.0,2.0,32.0,6.5,60,2,1.0,android,13.0,5.0,1,720,1600,False,False,False,1,0,0,0,0,0,0,1,0,0,0,0,0,-0.8196543514189393,-2.3403207965943156,-0.2927899860563375,0.18849949586540202,-1.0999629160362887,-1.6786566004260035,-1.0258588893352825,-0.125278454776322,-1.1189371495912235,-1.1338309465477452,8.778017809698136,False,72.0,Budget,MediaTek,270.0,3.0,No,No,-1.5287747064377317
xiaomi,Xiaomi Mi 10 5G (8GB RAM + 256GB),54999,88.0,1,1,1,snapdragon,8.0,2.84,4780.0,1,30.0,8.0,256.0,6.67,90,4,1.0,android,108.0,20.0,0,1080,2340,False,False,False,1,0,0,0,0,0,0,0,0,0,1,0,0,0.8029998932738064,1.28476801715096,0.8674717380797565,-0.02918667649252605,-0.23378007096793352,0.5347057499317991,1.1008739886393968,0.38167656835534286,-0.0805052369395907,1.739417569820816,10.915070282231135,False,611.0,Premium,Qualcomm,386.0,5.0,No,Yes,0.09114571816720414
vivo,Vivo Y21 (2020),9990,65.0,0,0,0,snapdragon,8.0,1.8,5000.0,0,0.0,4.0,64.0,6.5,60,2,1.0,android,13.0,13.0,1,720,1544,False,False,False,1,0,0,0,0,0,0,0,0,0,1,0,0,-0.702577317127888,-1.803270601965386,-1.367106397293461,0.18849949586540202,-1.0999629160362887,-0.9408691503067359,-0.7220399067674711,-0.125278454776322,-1.1189371495912235,-1.1338309465477452,9.2093398716426,False,111.0,Budget,Qualcomm,262.0,3.0,No,No,-1.640493356410486
oneplus,OnePlus Z,24999,79.0,0,0,0,snapdragon,8.0,2.4,4300.0,1,30.0,8.0,128.0,6.55,90,3,1.0,android,64.0,16.0,0,1080,2400,False,False,False,1,0,0,0,0,0,0,0,0,0,1,0,0,-0.20051754350663373,0.07640507923586808,-0.07792670380891248,-0.50413832527346,-0.23378007096793352,0.5347057499317991,-0.11440194163184854,0.023825963791814262,-0.0805052369395907,0.40864983592379833,10.126591103050316,False,278.0,Mid-range,Qualcomm,402.0,4.0,No,No,0.31458301811271255
sharp,Sharp Aquos R5G,59990,88.0,0,1,0,snapdragon,8.0,2.84,3730.0,1,33.0,12.0,256.0,6.5,60,3,1.0,android,48.0,16.0,1,1440,3168,False,False,True,1,0,0,0,0,0,0,0,0,0,1,0,0,0.9699517441728456,1.28476801715096,0.8674717380797565,-1.068143408200819,-0.14716178646109798,2.0102806501703343,1.1008739886393968,-0.125278454776322,-1.1189371495912235,-0.07526570367511727,11.00193316064714,False,667.0,Premium,Qualcomm,535.0,4.0,No,No,2.171905573909751
samsung,Samsung Galaxy A11,9990,63.0,0,0,0,unknown,8.0,1.8,4000.0,1,15.0,2.0,32.0,6.4,60,3,1.0,android,13.0,8.0,1,720,1560,False,False,False,1,0,0,0,0,0,0,0,0,0,0,0,1,-0.702577317127888,-2.0717956992798507,-1.367106397293461,-0.8009831057615437,-0.6668714935021112,-1.6786566004260035,-1.0258588893352825,-0.4234872919125945,-1.1189371495912235,-1.1338309465477452,9.2093398716426,False,111.0,Budget,Unknown,268.0,4.0,No,No,-1.5567043689309203
realme,Realme C2,6999,69.0,0,0,0,helio,8.0,2.0,4000.0,0,0.0,2.0,16.0,6.1,60,2,1.0,android,13.0,5.0,1,1560,720,True,False,False,1,0,0,0,0,0,0,1,0,0,0,0,0,-0.8026280055748978,-1.2662204073364562,-0.9373798327986115,-0.8009831057615437,-1.0999629160362887,-1.6786566004260035,-1.177768380619188,-1.3181138033214173,-1.1189371495912235,-1.1338309465477452,8.85352256068954,False,78.0,Budget,MediaTek,282.0,3.0,No,No,-1.3611967314786004
huawei,Huawei Mate X,169000,86.0,1,1,1,kirin,8.0,2.86,4500.0,1,55.0,8.0,512.0,8.0,60,4,1.0,other,48.0,16.0,0,2200,2480,True,False,False,0,0,1,0,0,0,0,0,1,0,0,0,0,4.616399603620705,1.016242919836495,0.9104443945292415,-0.30624180494807085,0.48803896658902923,0.5347057499317991,3.5314258491818875,4.347854102267782,-1.1189371495912235,-0.07526570367511727,12.037653993905211,True,1878.0,Flagship,Huawei,414.0,5.0,Yes,Yes,0.48216099307184385
samsung,Samsung Galaxy A9 Pro (2019),39990,78.0,0,1,0,snapdragon,8.0,2.2,3400.0,1,25.0,6.0,128.0,6.4,60,3,1.0,android,24.0,24.0,1,1080,2340,False,False,True,1,0,0,0,0,0,0,0,0,0,1,0,0,0.3009401196525522,-0.05785746942136435,-0.5076532683037616,-1.3946726667377112,-0.37814387847932607,-0.2030817001874684,-0.11440194163184854,-0.4234872919125945,-1.1189371495912235,-0.8011390130734907,10.596384701840863,False,444.0,Premium,Qualcomm,403.0,4.0,No,No,0.3285478493593068
samsung,Samsung Galaxy A7 (2018),21490,70.0,0,0,0,exynos,8.0,2.2,3300.0,0,0.0,4.0,64.0,6.0,60,3,1.0,android,24.0,24.0,1,2220,1080,False,False,False,1,0,0,0,0,1,0,0,0,0,0,0,0,-0.3178956330287192,-1.1319578586792238,-0.5076532683037616,-1.4936209269004057,-1.0999629160362887,-0.9408691503067359,-0.7220399067674711,-1.6163226404576898,-1.1189371495912235,-0.8011390130734907,9.975342989636555,False,239.0,Mid-range,Samsung,411.0,4.0,No,No,0.440266499332061
vivo,Vivo Y55S,13490,79.0,0,0,0,snapdragon,4.0,1.2,2730.0,0,0.0,3.0,16.0,5.2,60,1,1.0,android,13.0,5.0,1,720,1280,True,False,False,1,0,0,0,0,0,0,0,0,0,1,0,0,-0.5855002828368365,0.07640507923586808,-2.65628609077801,-2.057626009827765,-1.0999629160362887,-1.3097628753663697,-1.177768380619188,-4.001993337547877,-1.1189371495912235,-1.1338309465477452,9.509703949201802,True,150.0,Budget,Qualcomm,282.0,2.0,No,No,-1.3611967314786004
poco,Poco C55,7999,70.0,0,0,0,helio,8.0,2.0,5000.0,0,0.0,4.0,64.0,6.71,60,2,1.0,android,50.0,5.0,1,720,1650,False,False,False,1,0,0,0,0,0,0,1,0,0,0,0,0,-0.7691774243488831,-1.1319578586792238,-0.9373798327986115,0.18849949586540202,-1.0999629160362887,-0.9408691503067359,-0.7220399067674711,0.5009601032098524,-1.1189371495912235,-0.014776261225252826,8.987071812848821,False,89.0,Budget,MediaTek,268.0,3.0,No,No,-1.5567043689309203
blackview,Blackview BV5200 Pro,8990,67.0,1,1,0,helio,8.0,2.3,5180.0,1,10.0,4.0,64.0,6.1,60,2,1.0,android,13.0,8.0,1,720,1560,False,False,False,1,0,0,0,0,0,0,1,0,0,0,0,0,-0.7360278983539026,-1.534745504650921,-0.2927899860563375,0.36660636415825226,-0.8112353010135037,-0.9408691503067359,-0.7220399067674711,-1.3181138033214173,-1.1189371495912235,-1.1338309465477452,9.103868127465667,False,100.0,Budget,MediaTek,282.0,3.0,No,Yes,-1.3611967314786004
honor,Honor X7a,13999,75.0,0,0,0,helio,8.0,2.3,5000.0,1,22.0,6.0,128.0,6.75,90,4,1.0,android,50.0,8.0,1,720,1600,False,False,False,1,0,0,0,0,0,0,1,0,0,0,0,0,-0.5684739369927951,-0.46064511539306163,-0.2927899860563375,0.18849949586540202,-0.4647621629861616,-0.2030817001874684,-0.11440194163184854,0.6202436380643619,-0.0805052369395907,-0.014776261225252826,9.546741177474825,False,156.0,Budget,MediaTek,260.0,5.0,No,No,-1.6684230189036744
oppo,OPPO A58x,13990,72.0,1,0,0,dimensity,8.0,2.2,5000.0,1,10.0,6.0,128.0,6.56,90,2,1.0,android,13.0,8.0,1,720,1612,False,False,False,1,0,0,0,1,0,0,0,0,0,0,0,0,-0.5687749922238292,-0.8634327613647589,-0.5076532683037616,0.18849949586540202,-0.8112353010135037,-0.2030817001874684,-0.11440194163184854,0.053646847505440985,-0.0805052369395907,-1.1338309465477452,9.546098067659527,False,155.0,Budget,MediaTek,269.0,3.0,No,Yes,-1.542739537684326
doogee,Doogee S99,14999,84.0,0,1,0,helio,8.0,2.05,6000.0,1,33.0,8.0,128.0,6.3,60,3,1.0,android,108.0,32.0,1,1080,2340,False,False,False,1,0,0,0,0,0,0,1,0,0,0,0,0,-0.5350233557667804,0.7477178225220302,-0.8299481916748995,1.1779820974923478,-0.14716178646109798,0.5347057499317991,-0.11440194163184854,-0.7216961290488696,-1.1189371495912235,1.739417569820816,9.61573881119536,False,167.0,Budget,MediaTek,409.0,4.0,No,No,0.41233683683887246
lava,Lava X3,6999,69.0,0,0,0,helio,4.0,2.0,4000.0,0,0.0,3.0,32.0,6.5,60,2,1.0,android,8.0,5.0,1,1600,720,True,False,False,1,0,0,0,0,0,0,1,0,0,0,0,0,-0.8026280055748978,-1.2662204073364562,-0.9373798327986115,-0.8009831057615437,-1.0999629160362887,-1.3097628753663697,-1.0258588893352825,-0.125278454776322,-1.1189371495912235,-1.2850545526724062,8.85352256068954,False,78.0,Budget,MediaTek,270.0,3.0,No,No,-1.5287747064377317
motorola,Motorola Edge 40 Fusion,42990,87.0,1,1,0,snapdragon,8.0,3.2,4500.0,1,68.0,8.0,128.0,6.67,144,3,1.0,android,50.0,32.0,0,1080,2400,False,False,False,1,0,0,0,0,0,0,0,0,0,1,0,0,0.4012918633305962,1.1505054684937275,1.6409795541704866,-0.30624180494807085,0.8633848661186498,0.5347057499317991,-0.11440194163184854,0.38167656835534286,1.7886722058333482,-0.014776261225252826,10.668722809490328,False,478.0,Premium,Qualcomm,395.0,4.0,No,Yes,0.2168291993865526
ikall,iKall Z18,6799,61.0,0,0,0,unknown,4.0,1.3,5000.0,0,0.0,4.0,64.0,6.82,60,1,1.0,android,20.0,13.0,1,720,1560,False,False,False,1,0,0,0,0,0,0,0,0,0,0,0,1,-0.8093181218201008,-2.3403207965943156,-2.441422808530585,0.18849949586540202,-1.0999629160362887,-0.9408691503067359,-0.7220399067674711,0.8289898240597543,-1.1189371495912235,-0.9221178979732195,8.82453082152646,False,76.0,Budget,Unknown,252.0,2.0,No,No,-1.7801416688764287
oukitel,Oukitel WP9,25899,72.0,0,1,0,helio,8.0,2.0,8000.0,0,0.0,6.0,128.0,5.86,60,3,1.0,android,16.0,8.0,1,720,1520,False,False,False,1,0,0,0,0,0,0,1,0,0,0,0,0,-0.1704120204032205,-0.8634327613647589,-0.9373798327986115,3.156947300746239,-1.0999629160362887,-0.2030817001874684,-0.11440194163184854,-2.0338150124484717,-1.1189371495912235,-1.0430967828729485,10.161959636903632,True,288.0,Mid-range,MediaTek,287.0,4.0,No,No,-1.291372575245629
xiaomi,Xiaomi 14,54999,89.0,1,1,1,snapdragon,8.0,3.2,5000.0,1,67.0,12.0,256.0,6.43,120,3,1.0,android,50.0,32.0,0,1440,3200,False,False,False,1,0,0,0,0,0,0,0,0,0,1,0,0,0.8029998932738064,1.4190305658081923,1.6409795541704866,0.18849949586540202,0.8345121046163714,2.0102806501703343,1.1008739886393968,-0.33402464077171434,0.957926675712042,-0.014776261225252826,10.915070282231135,False,611.0,Premium,Qualcomm,546.0,4.0,No,Yes,2.325518717622288
motorola,Motorola ThinkPhone,49990,89.0,1,1,0,snapdragon,8.0,3.2,5000.0,1,68.0,8.0,128.0,6.6,144,3,2.0,android,50.0,32.0,0,1080,2400,False,False,False,1,0,0,0,0,0,0,0,0,0,1,0,0,0.6354459319126989,1.4190305658081923,1.6409795541704866,0.18849949586540202,0.8633848661186498,0.5347057499317991,-0.11440194163184854,0.1729303823599505,1.7886722058333482,-0.014776261225252826,10.819578264407616,False,555.0,Premium,Qualcomm,399.0,5.0,No,Yes,0.27268852437292973
xiaomi,Xiaomi Civi 3,32990,86.0,1,1,1,dimensity,8.0,3.1,5000.0,1,80.0,8.0,256.0,6.7,120,3,2.0,android,64.0,32.0,0,1080,2400,False,False,False,1,0,0,0,1,0,0,0,0,0,0,0,0,0.0667860510704495,1.016242919836495,1.4261162719230616,0.18849949586540202,1.2098580041459919,0.5347057499317991,1.1008739886393968,0.47113921949622567,0.957926675712042,0.40864983592379833,10.403959764222627,False,367.0,Premium,MediaTek,393.0,5.0,No,Yes,0.18889953689336406
realme,Realme Narzo 50i Prime (4GB RAM + 64GB),8720,64.0,0,0,0,unisoc,8.0,1.82,5000.0,1,10.0,4.0,64.0,6.5,60,1,1.0,android,8.0,5.0,1,720,1600,False,False,False,1,0,0,0,0,0,0,0,0,0,0,1,0,-0.7450595552849265,-1.9375331506226183,-1.324133740843976,0.18849949586540202,-0.8112353010135037,-0.9408691503067359,-0.7220399067674711,-0.125278454776322,-1.1189371495912235,-1.2850545526724062,9.073374516903025,False,97.0,Budget,Unisoc,270.0,2.0,No,No,-1.5287747064377317
oppo,Oppo Find X6,69990,89.0,1,1,0,snapdragon,8.0,3.2,4700.0,1,120.0,8.0,256.0,6.73,120,3,1.0,android,50.0,32.0,0,1080,2400,False,False,False,1,0,0,0,0,0,0,0,0,0,1,0,0,1.3044575564329923,1.4190305658081923,1.6409795541704866,-0.10834528462268171,2.364768464237132,0.5347057499317991,1.1008739886393968,0.5606018706371084,0.957926675712042,-0.014776261225252826,11.156107653683586,False,778.0,Flagship,Qualcomm,391.0,4.0,No,Yes,0.16096987440017552
itel,itel A23s,4787,69.0,0,0,0,unisoc,4.0,1.4,3020.0,0,0.0,2.0,32.0,5.0,60,1,1.0,android,2.0,16.0,0,854,480,True,False,False,1,0,0,0,0,0,0,0,0,0,0,1,0,-0.8766206912468423,-1.2662204073364562,-2.2265595262831606,-1.7706760553559506,-1.0999629160362887,-1.6786566004260035,-1.0258588893352825,-4.598411011820425,-1.1189371495912235,-1.4665228800219996,8.473659189392508,True,53.0,Budget,Unisoc,196.0,2.0,No,No,-2.562172218685708
google,Google Pixel 8 Pro,70990,80.0,1,1,0,google,8.0,2.8,5000.0,1,67.0,12.0,256.0,6.73,120,3,1.0,android,50.0,12.0,0,1440,3120,False,True,False,1,0,0,0,0,0,1,0,0,0,0,0,0,1.337908137659007,0.2106676278931005,0.7815264251807865,0.18849949586540202,0.8345121046163714,2.0102806501703343,1.1008739886393968,0.5606018706371084,0.957926675712042,-0.014776261225252826,11.170294301033431,False,789.0,Flagship,Google,511.0,4.0,No,Yes,1.8367496239914884
vivo,Vivo X Fold 2,119990,86.0,1,1,0,snapdragon,8.0,3.2,4800.0,1,66.0,12.0,256.0,8.03,120,3,1.0,android,50.0,32.0,0,1916,2160,True,False,False,1,0,0,0,0,0,0,0,0,0,1,0,0,2.9769866177337256,1.016242919836495,1.6409795541704866,-0.009397024459987136,0.8056393431140928,2.0102806501703343,1.1008739886393968,4.437316753408662,0.957926675712042,-0.014776261225252826,11.695163684958434,True,1333.0,Flagship,Qualcomm,360.0,4.0,Yes,Yes,-0.27193989424424697
motorola,Motorola Moto Edge S30 Pro,34990,83.0,1,0,0,snapdragon,8.0,3.0,5000.0,1,68.0,8.0,128.0,6.67,120,3,1.0,android,64.0,16.0,0,1080,2460,False,False,False,1,0,0,0,0,0,0,0,0,0,1,0,0,0.13368721352247884,0.6134552738647978,1.2112529896756365,0.18849949586540202,0.8633848661186498,0.5347057499317991,-0.11440194163184854,0.38167656835534286,0.957926675712042,0.40864983592379833,10.462817585361734,False,389.0,Premium,Qualcomm,403.0,4.0,No,Yes,0.3285478493593068
honor,Honor X8 5G,14990,75.0,1,0,0,snapdragon,8.0,2.2,5000.0,1,22.0,6.0,128.0,6.5,60,3,1.0,android,48.0,8.0,1,720,1600,False,False,False,1,0,0,0,0,0,0,0,0,0,1,0,0,-0.5353244109978146,-0.46064511539306163,-0.5076532683037616,0.18849949586540202,-0.4647621629861616,-0.2030817001874684,-0.11440194163184854,-0.125278454776322,-1.1189371495912235,-0.07526570367511727,9.615138591096644,False,167.0,Budget,Qualcomm,270.0,4.0,No,Yes,-1.5287747064377317
poco,POCO X4 GT 5G (8GB RAM + 256GB),28990,85.0,1,1,1,dimensity,8.0,2.85,5080.0,1,67.0,8.0,256.0,6.6,144,3,1.0,android,64.0,16.0,0,1080,2460,False,False,False,1,0,0,0,1,0,0,0,0,0,0,0,0,-0.06701627383360917,0.8819803711792626,0.8889580663044995,0.2676581039955577,0.8345121046163714,0.5347057499317991,1.1008739886393968,0.1729303823599505,1.7886722058333482,0.40864983592379833,10.274706221915702,False,322.0,Mid-range,MediaTek,407.0,4.0,No,Yes,0.3844071743456839
motorola,Motorola Moto G91 5G,19990,80.0,1,1,0,snapdragon,8.0,2.2,5000.0,1,33.0,6.0,128.0,6.8,60,3,1.0,android,108.0,32.0,1,1080,2400,False,False,True,1,0,0,0,0,0,0,0,0,0,1,0,0,-0.3680715048677412,0.2106676278931005,-0.5076532683037616,0.18849949586540202,-0.14716178646109798,-0.2030817001874684,-0.11440194163184854,0.7693480566324982,-1.1189371495912235,1.739417569820816,9.902987427494446,False,222.0,Mid-range,Qualcomm,387.0,4.0,No,Yes,0.10511054941379841
samsung,Samsung Galaxy M52s 5G,24990,74.0,1,0,0,unknown,8.0,2.3,5000.0,1,25.0,8.0,128.0,6.5,60,3,1.0,android,64.0,32.0,1,1080,2400,False,True,True,1,0,0,0,0,0,0,0,0,0,0,0,1,-0.20081859873766786,-0.594907664050294,-0.2927899860563375,0.18849949586540202,-0.37814387847932607,0.5347057499317991,-0.11440194163184854,-0.125278454776322,-1.1189371495912235,0.40864983592379833,10.126231023828998,False,278.0,Mid-range,Unknown,405.0,4.0,No,Yes,0.3564775118524954
